[0, 0, 0, 0] * [0, 0, 0, 0] : [0, 0, 0, 0]
[0, 0, 0, 0] * [0, 0, 0, 1] : [0, 0, 0, 0]
[0, 0, 0, 0] * [0, 0, 0, 2] : [0, 0, 0, 0]
[0, 0, 0, 0] * [0, 0, 1, 0] : [0, 0, 0, 0]
[0, 0, 0, 0] * [0, 0, 1, 1] : [0, 0, 0, 0]
[0, 0, 0, 0] * [0, 0, 1, 2] : [0, 0, 0, 0]
[0, 0, 0, 0] * [0, 0, 2, 0] : [0, 0, 0, 0]
[0, 0, 0, 0] * [0, 0, 2, 1] : [0, 0, 0, 0]
[0, 0, 0, 0] * [0, 0, 2, 2] : [0, 0, 0, 0]
[0, 0, 0, 0] * [0, 1, 0, 0] : [0, 0, 0, 0]
[0, 0, 0, 0] * [0, 1, 0, 1] : [0, 0, 0, 0]
[0, 0, 0, 0] * [0, 1, 0, 2] : [0, 0, 0, 0]
[0, 0, 0, 0] * [0, 1, 1, 0] : [0, 0, 0, 0]
[0, 0, 0, 0] * [0, 1, 1, 1] : [0, 0, 0, 0]
[0, 0, 0, 0] * [0, 1, 1, 2] : [0, 0, 0, 0]
[0, 0, 0, 0] * [0, 1, 2, 0] : [0, 0, 0, 0]
[0, 0, 0, 0] * [0, 1, 2, 1] : [0, 0, 0, 0]
[0, 0, 0, 0] * [0, 1, 2, 2] : [0, 0, 0, 0]
[0, 0, 0, 0] * [0, 2, 0, 0] : [0, 0, 0, 0]
[0, 0, 0, 0] * [0, 2, 0, 1] : [0, 0, 0, 0]
[0, 0, 0, 0] * [0, 2, 0, 2] : [0, 0, 0, 0]
[0, 0, 0, 0] * [0, 2, 1, 0] : [0, 0, 0, 0]
[0, 0, 0, 0] * [0, 2, 1, 1] : [0, 0, 0, 0]
[0, 0, 0, 0] * [0, 2, 1, 2] : [0, 0, 0, 0]
[0, 0, 0, 0] * [0, 2, 2, 0] : [0, 0, 0, 0]
[0, 0, 0, 0] * [0, 2, 2, 1] : [0, 0, 0, 0]
[0, 0, 0, 0] * [0, 2, 2, 2] : [0, 0, 0, 0]
[0, 0, 0, 0] * [1, 0, 0, 0] : [0, 0, 0, 0]
[0, 0, 0, 0] * [1, 0, 0, 1] : [0, 0, 0, 0]
[0, 0, 0, 0] * [1, 0, 0, 2] : [0, 0, 0, 0]
[0, 0, 0, 0] * [1, 0, 1, 0] : [0, 0, 0, 0]
[0, 0, 0, 0] * [1, 0, 1, 1] : [0, 0, 0, 0]
[0, 0, 0, 0] * [1, 0, 1, 2] : [0, 0, 0, 0]
[0, 0, 0, 0] * [1, 0, 2, 0] : [0, 0, 0, 0]
[0, 0, 0, 0] * [1, 0, 2, 1] : [0, 0, 0, 0]
[0, 0, 0, 0] * [1, 0, 2, 2] : [0, 0, 0, 0]
[0, 0, 0, 0] * [1, 1, 0, 0] : [0, 0, 0, 0]
[0, 0, 0, 0] * [1, 1, 0, 1] : [0, 0, 0, 0]
[0, 0, 0, 0] * [1, 1, 0, 2] : [0, 0, 0, 0]
[0, 0, 0, 0] * [1, 1, 1, 0] : [0, 0, 0, 0]
[0, 0, 0, 0] * [1, 1, 1, 1] : [0, 0, 0, 0]
[0, 0, 0, 0] * [1, 1, 1, 2] : [0, 0, 0, 0]
[0, 0, 0, 0] * [1, 1, 2, 0] : [0, 0, 0, 0]
[0, 0, 0, 0] * [1, 1, 2, 1] : [0, 0, 0, 0]
[0, 0, 0, 0] * [1, 1, 2, 2] : [0, 0, 0, 0]
[0, 0, 0, 0] * [1, 2, 0, 0] : [0, 0, 0, 0]
[0, 0, 0, 0] * [1, 2, 0, 1] : [0, 0, 0, 0]
[0, 0, 0, 0] * [1, 2, 0, 2] : [0, 0, 0, 0]
[0, 0, 0, 0] * [1, 2, 1, 0] : [0, 0, 0, 0]
[0, 0, 0, 0] * [1, 2, 1, 1] : [0, 0, 0, 0]
[0, 0, 0, 0] * [1, 2, 1, 2] : [0, 0, 0, 0]
[0, 0, 0, 0] * [1, 2, 2, 0] : [0, 0, 0, 0]
[0, 0, 0, 0] * [1, 2, 2, 1] : [0, 0, 0, 0]
[0, 0, 0, 0] * [1, 2, 2, 2] : [0, 0, 0, 0]
[0, 0, 0, 0] * [2, 0, 0, 0] : [0, 0, 0, 0]
[0, 0, 0, 0] * [2, 0, 0, 1] : [0, 0, 0, 0]
[0, 0, 0, 0] * [2, 0, 0, 2] : [0, 0, 0, 0]
[0, 0, 0, 0] * [2, 0, 1, 0] : [0, 0, 0, 0]
[0, 0, 0, 0] * [2, 0, 1, 1] : [0, 0, 0, 0]
[0, 0, 0, 0] * [2, 0, 1, 2] : [0, 0, 0, 0]
[0, 0, 0, 0] * [2, 0, 2, 0] : [0, 0, 0, 0]
[0, 0, 0, 0] * [2, 0, 2, 1] : [0, 0, 0, 0]
[0, 0, 0, 0] * [2, 0, 2, 2] : [0, 0, 0, 0]
[0, 0, 0, 0] * [2, 1, 0, 0] : [0, 0, 0, 0]
[0, 0, 0, 0] * [2, 1, 0, 1] : [0, 0, 0, 0]
[0, 0, 0, 0] * [2, 1, 0, 2] : [0, 0, 0, 0]
[0, 0, 0, 0] * [2, 1, 1, 0] : [0, 0, 0, 0]
[0, 0, 0, 0] * [2, 1, 1, 1] : [0, 0, 0, 0]
[0, 0, 0, 0] * [2, 1, 1, 2] : [0, 0, 0, 0]
[0, 0, 0, 0] * [2, 1, 2, 0] : [0, 0, 0, 0]
[0, 0, 0, 0] * [2, 1, 2, 1] : [0, 0, 0, 0]
[0, 0, 0, 0] * [2, 1, 2, 2] : [0, 0, 0, 0]
[0, 0, 0, 0] * [2, 2, 0, 0] : [0, 0, 0, 0]
[0, 0, 0, 0] * [2, 2, 0, 1] : [0, 0, 0, 0]
[0, 0, 0, 0] * [2, 2, 0, 2] : [0, 0, 0, 0]
[0, 0, 0, 0] * [2, 2, 1, 0] : [0, 0, 0, 0]
[0, 0, 0, 0] * [2, 2, 1, 1] : [0, 0, 0, 0]
[0, 0, 0, 0] * [2, 2, 1, 2] : [0, 0, 0, 0]
[0, 0, 0, 0] * [2, 2, 2, 0] : [0, 0, 0, 0]
[0, 0, 0, 0] * [2, 2, 2, 1] : [0, 0, 0, 0]
[0, 0, 0, 0] * [2, 2, 2, 2] : [0, 0, 0, 0]
[0, 0, 0, 1] * [0, 0, 0, 0] : [0, 0, 0, 0]
[0, 0, 0, 1] * [0, 0, 0, 1] : [2, 0, 0, 0]
[0, 0, 0, 1] * [0, 0, 0, 2] : [1, 0, 0, 0]
[0, 0, 0, 1] * [0, 0, 1, 0] : [0, 2, 0, 0]
[0, 0, 0, 1] * [0, 0, 1, 1] : [2, 2, 0, 0]
[0, 0, 0, 1] * [0, 0, 1, 2] : [1, 2, 0, 0]
[0, 0, 0, 1] * [0, 0, 2, 0] : [0, 1, 0, 0]
[0, 0, 0, 1] * [0, 0, 2, 1] : [2, 1, 0, 0]
[0, 0, 0, 1] * [0, 0, 2, 2] : [1, 1, 0, 0]
[0, 0, 0, 1] * [0, 1, 0, 0] : [0, 0, 1, 0]
[0, 0, 0, 1] * [0, 1, 0, 1] : [2, 0, 1, 0]
[0, 0, 0, 1] * [0, 1, 0, 2] : [1, 0, 1, 0]
[0, 0, 0, 1] * [0, 1, 1, 0] : [0, 2, 1, 0]
[0, 0, 0, 1] * [0, 1, 1, 1] : [2, 2, 1, 0]
[0, 0, 0, 1] * [0, 1, 1, 2] : [1, 2, 1, 0]
[0, 0, 0, 1] * [0, 1, 2, 0] : [0, 1, 1, 0]
[0, 0, 0, 1] * [0, 1, 2, 1] : [2, 1, 1, 0]
[0, 0, 0, 1] * [0, 1, 2, 2] : [1, 1, 1, 0]
[0, 0, 0, 1] * [0, 2, 0, 0] : [0, 0, 2, 0]
[0, 0, 0, 1] * [0, 2, 0, 1] : [2, 0, 2, 0]
[0, 0, 0, 1] * [0, 2, 0, 2] : [1, 0, 2, 0]
[0, 0, 0, 1] * [0, 2, 1, 0] : [0, 2, 2, 0]
[0, 0, 0, 1] * [0, 2, 1, 1] : [2, 2, 2, 0]
[0, 0, 0, 1] * [0, 2, 1, 2] : [1, 2, 2, 0]
[0, 0, 0, 1] * [0, 2, 2, 0] : [0, 1, 2, 0]
[0, 0, 0, 1] * [0, 2, 2, 1] : [2, 1, 2, 0]
[0, 0, 0, 1] * [0, 2, 2, 2] : [1, 1, 2, 0]
[0, 0, 0, 1] * [1, 0, 0, 0] : [0, 0, 0, 1]
[0, 0, 0, 1] * [1, 0, 0, 1] : [2, 0, 0, 1]
[0, 0, 0, 1] * [1, 0, 0, 2] : [1, 0, 0, 1]
[0, 0, 0, 1] * [1, 0, 1, 0] : [0, 2, 0, 1]
[0, 0, 0, 1] * [1, 0, 1, 1] : [2, 2, 0, 1]
[0, 0, 0, 1] * [1, 0, 1, 2] : [1, 2, 0, 1]
[0, 0, 0, 1] * [1, 0, 2, 0] : [0, 1, 0, 1]
[0, 0, 0, 1] * [1, 0, 2, 1] : [2, 1, 0, 1]
[0, 0, 0, 1] * [1, 0, 2, 2] : [1, 1, 0, 1]
[0, 0, 0, 1] * [1, 1, 0, 0] : [0, 0, 1, 1]
[0, 0, 0, 1] * [1, 1, 0, 1] : [2, 0, 1, 1]
[0, 0, 0, 1] * [1, 1, 0, 2] : [1, 0, 1, 1]
[0, 0, 0, 1] * [1, 1, 1, 0] : [0, 2, 1, 1]
[0, 0, 0, 1] * [1, 1, 1, 1] : [2, 2, 1, 1]
[0, 0, 0, 1] * [1, 1, 1, 2] : [1, 2, 1, 1]
[0, 0, 0, 1] * [1, 1, 2, 0] : [0, 1, 1, 1]
[0, 0, 0, 1] * [1, 1, 2, 1] : [2, 1, 1, 1]
[0, 0, 0, 1] * [1, 1, 2, 2] : [1, 1, 1, 1]
[0, 0, 0, 1] * [1, 2, 0, 0] : [0, 0, 2, 1]
[0, 0, 0, 1] * [1, 2, 0, 1] : [2, 0, 2, 1]
[0, 0, 0, 1] * [1, 2, 0, 2] : [1, 0, 2, 1]
[0, 0, 0, 1] * [1, 2, 1, 0] : [0, 2, 2, 1]
[0, 0, 0, 1] * [1, 2, 1, 1] : [2, 2, 2, 1]
[0, 0, 0, 1] * [1, 2, 1, 2] : [1, 2, 2, 1]
[0, 0, 0, 1] * [1, 2, 2, 0] : [0, 1, 2, 1]
[0, 0, 0, 1] * [1, 2, 2, 1] : [2, 1, 2, 1]
[0, 0, 0, 1] * [1, 2, 2, 2] : [1, 1, 2, 1]
[0, 0, 0, 1] * [2, 0, 0, 0] : [0, 0, 0, 2]
[0, 0, 0, 1] * [2, 0, 0, 1] : [2, 0, 0, 2]
[0, 0, 0, 1] * [2, 0, 0, 2] : [1, 0, 0, 2]
[0, 0, 0, 1] * [2, 0, 1, 0] : [0, 2, 0, 2]
[0, 0, 0, 1] * [2, 0, 1, 1] : [2, 2, 0, 2]
[0, 0, 0, 1] * [2, 0, 1, 2] : [1, 2, 0, 2]
[0, 0, 0, 1] * [2, 0, 2, 0] : [0, 1, 0, 2]
[0, 0, 0, 1] * [2, 0, 2, 1] : [2, 1, 0, 2]
[0, 0, 0, 1] * [2, 0, 2, 2] : [1, 1, 0, 2]
[0, 0, 0, 1] * [2, 1, 0, 0] : [0, 0, 1, 2]
[0, 0, 0, 1] * [2, 1, 0, 1] : [2, 0, 1, 2]
[0, 0, 0, 1] * [2, 1, 0, 2] : [1, 0, 1, 2]
[0, 0, 0, 1] * [2, 1, 1, 0] : [0, 2, 1, 2]
[0, 0, 0, 1] * [2, 1, 1, 1] : [2, 2, 1, 2]
[0, 0, 0, 1] * [2, 1, 1, 2] : [1, 2, 1, 2]
[0, 0, 0, 1] * [2, 1, 2, 0] : [0, 1, 1, 2]
[0, 0, 0, 1] * [2, 1, 2, 1] : [2, 1, 1, 2]
[0, 0, 0, 1] * [2, 1, 2, 2] : [1, 1, 1, 2]
[0, 0, 0, 1] * [2, 2, 0, 0] : [0, 0, 2, 2]
[0, 0, 0, 1] * [2, 2, 0, 1] : [2, 0, 2, 2]
[0, 0, 0, 1] * [2, 2, 0, 2] : [1, 0, 2, 2]
[0, 0, 0, 1] * [2, 2, 1, 0] : [0, 2, 2, 2]
[0, 0, 0, 1] * [2, 2, 1, 1] : [2, 2, 2, 2]
[0, 0, 0, 1] * [2, 2, 1, 2] : [1, 2, 2, 2]
[0, 0, 0, 1] * [2, 2, 2, 0] : [0, 1, 2, 2]
[0, 0, 0, 1] * [2, 2, 2, 1] : [2, 1, 2, 2]
[0, 0, 0, 1] * [2, 2, 2, 2] : [1, 1, 2, 2]
[0, 0, 0, 2] * [0, 0, 0, 0] : [0, 0, 0, 0]
[0, 0, 0, 2] * [0, 0, 0, 1] : [1, 0, 0, 0]
[0, 0, 0, 2] * [0, 0, 0, 2] : [2, 0, 0, 0]
[0, 0, 0, 2] * [0, 0, 1, 0] : [0, 1, 0, 0]
[0, 0, 0, 2] * [0, 0, 1, 1] : [1, 1, 0, 0]
[0, 0, 0, 2] * [0, 0, 1, 2] : [2, 1, 0, 0]
[0, 0, 0, 2] * [0, 0, 2, 0] : [0, 2, 0, 0]
[0, 0, 0, 2] * [0, 0, 2, 1] : [1, 2, 0, 0]
[0, 0, 0, 2] * [0, 0, 2, 2] : [2, 2, 0, 0]
[0, 0, 0, 2] * [0, 1, 0, 0] : [0, 0, 2, 0]
[0, 0, 0, 2] * [0, 1, 0, 1] : [1, 0, 2, 0]
[0, 0, 0, 2] * [0, 1, 0, 2] : [2, 0, 2, 0]
[0, 0, 0, 2] * [0, 1, 1, 0] : [0, 1, 2, 0]
[0, 0, 0, 2] * [0, 1, 1, 1] : [1, 1, 2, 0]
[0, 0, 0, 2] * [0, 1, 1, 2] : [2, 1, 2, 0]
[0, 0, 0, 2] * [0, 1, 2, 0] : [0, 2, 2, 0]
[0, 0, 0, 2] * [0, 1, 2, 1] : [1, 2, 2, 0]
[0, 0, 0, 2] * [0, 1, 2, 2] : [2, 2, 2, 0]
[0, 0, 0, 2] * [0, 2, 0, 0] : [0, 0, 1, 0]
[0, 0, 0, 2] * [0, 2, 0, 1] : [1, 0, 1, 0]
[0, 0, 0, 2] * [0, 2, 0, 2] : [2, 0, 1, 0]
[0, 0, 0, 2] * [0, 2, 1, 0] : [0, 1, 1, 0]
[0, 0, 0, 2] * [0, 2, 1, 1] : [1, 1, 1, 0]
[0, 0, 0, 2] * [0, 2, 1, 2] : [2, 1, 1, 0]
[0, 0, 0, 2] * [0, 2, 2, 0] : [0, 2, 1, 0]
[0, 0, 0, 2] * [0, 2, 2, 1] : [1, 2, 1, 0]
[0, 0, 0, 2] * [0, 2, 2, 2] : [2, 2, 1, 0]
[0, 0, 0, 2] * [1, 0, 0, 0] : [0, 0, 0, 2]
[0, 0, 0, 2] * [1, 0, 0, 1] : [1, 0, 0, 2]
[0, 0, 0, 2] * [1, 0, 0, 2] : [2, 0, 0, 2]
[0, 0, 0, 2] * [1, 0, 1, 0] : [0, 1, 0, 2]
[0, 0, 0, 2] * [1, 0, 1, 1] : [1, 1, 0, 2]
[0, 0, 0, 2] * [1, 0, 1, 2] : [2, 1, 0, 2]
[0, 0, 0, 2] * [1, 0, 2, 0] : [0, 2, 0, 2]
[0, 0, 0, 2] * [1, 0, 2, 1] : [1, 2, 0, 2]
[0, 0, 0, 2] * [1, 0, 2, 2] : [2, 2, 0, 2]
[0, 0, 0, 2] * [1, 1, 0, 0] : [0, 0, 2, 2]
[0, 0, 0, 2] * [1, 1, 0, 1] : [1, 0, 2, 2]
[0, 0, 0, 2] * [1, 1, 0, 2] : [2, 0, 2, 2]
[0, 0, 0, 2] * [1, 1, 1, 0] : [0, 1, 2, 2]
[0, 0, 0, 2] * [1, 1, 1, 1] : [1, 1, 2, 2]
[0, 0, 0, 2] * [1, 1, 1, 2] : [2, 1, 2, 2]
[0, 0, 0, 2] * [1, 1, 2, 0] : [0, 2, 2, 2]
[0, 0, 0, 2] * [1, 1, 2, 1] : [1, 2, 2, 2]
[0, 0, 0, 2] * [1, 1, 2, 2] : [2, 2, 2, 2]
[0, 0, 0, 2] * [1, 2, 0, 0] : [0, 0, 1, 2]
[0, 0, 0, 2] * [1, 2, 0, 1] : [1, 0, 1, 2]
[0, 0, 0, 2] * [1, 2, 0, 2] : [2, 0, 1, 2]
[0, 0, 0, 2] * [1, 2, 1, 0] : [0, 1, 1, 2]
[0, 0, 0, 2] * [1, 2, 1, 1] : [1, 1, 1, 2]
[0, 0, 0, 2] * [1, 2, 1, 2] : [2, 1, 1, 2]
[0, 0, 0, 2] * [1, 2, 2, 0] : [0, 2, 1, 2]
[0, 0, 0, 2] * [1, 2, 2, 1] : [1, 2, 1, 2]
[0, 0, 0, 2] * [1, 2, 2, 2] : [2, 2, 1, 2]
[0, 0, 0, 2] * [2, 0, 0, 0] : [0, 0, 0, 1]
[0, 0, 0, 2] * [2, 0, 0, 1] : [1, 0, 0, 1]
[0, 0, 0, 2] * [2, 0, 0, 2] : [2, 0, 0, 1]
[0, 0, 0, 2] * [2, 0, 1, 0] : [0, 1, 0, 1]
[0, 0, 0, 2] * [2, 0, 1, 1] : [1, 1, 0, 1]
[0, 0, 0, 2] * [2, 0, 1, 2] : [2, 1, 0, 1]
[0, 0, 0, 2] * [2, 0, 2, 0] : [0, 2, 0, 1]
[0, 0, 0, 2] * [2, 0, 2, 1] : [1, 2, 0, 1]
[0, 0, 0, 2] * [2, 0, 2, 2] : [2, 2, 0, 1]
[0, 0, 0, 2] * [2, 1, 0, 0] : [0, 0, 2, 1]
[0, 0, 0, 2] * [2, 1, 0, 1] : [1, 0, 2, 1]
[0, 0, 0, 2] * [2, 1, 0, 2] : [2, 0, 2, 1]
[0, 0, 0, 2] * [2, 1, 1, 0] : [0, 1, 2, 1]
[0, 0, 0, 2] * [2, 1, 1, 1] : [1, 1, 2, 1]
[0, 0, 0, 2] * [2, 1, 1, 2] : [2, 1, 2, 1]
[0, 0, 0, 2] * [2, 1, 2, 0] : [0, 2, 2, 1]
[0, 0, 0, 2] * [2, 1, 2, 1] : [1, 2, 2, 1]
[0, 0, 0, 2] * [2, 1, 2, 2] : [2, 2, 2, 1]
[0, 0, 0, 2] * [2, 2, 0, 0] : [0, 0, 1, 1]
[0, 0, 0, 2] * [2, 2, 0, 1] : [1, 0, 1, 1]
[0, 0, 0, 2] * [2, 2, 0, 2] : [2, 0, 1, 1]
[0, 0, 0, 2] * [2, 2, 1, 0] : [0, 1, 1, 1]
[0, 0, 0, 2] * [2, 2, 1, 1] : [1, 1, 1, 1]
[0, 0, 0, 2] * [2, 2, 1, 2] : [2, 1, 1, 1]
[0, 0, 0, 2] * [2, 2, 2, 0] : [0, 2, 1, 1]
[0, 0, 0, 2] * [2, 2, 2, 1] : [1, 2, 1, 1]
[0, 0, 0, 2] * [2, 2, 2, 2] : [2, 2, 1, 1]
[0, 0, 1, 0] * [0, 0, 0, 0] : [0, 0, 0, 0]
[0, 0, 1, 0] * [0, 0, 0, 1] : [0, 1, 0, 0]
[0, 0, 1, 0] * [0, 0, 0, 2] : [0, 2, 0, 0]
[0, 0, 1, 0] * [0, 0, 1, 0] : [2, 0, 0, 0]
[0, 0, 1, 0] * [0, 0, 1, 1] : [2, 1, 0, 0]
[0, 0, 1, 0] * [0, 0, 1, 2] : [2, 2, 0, 0]
[0, 0, 1, 0] * [0, 0, 2, 0] : [1, 0, 0, 0]
[0, 0, 1, 0] * [0, 0, 2, 1] : [1, 1, 0, 0]
[0, 0, 1, 0] * [0, 0, 2, 2] : [1, 2, 0, 0]
[0, 0, 1, 0] * [0, 1, 0, 0] : [0, 0, 0, 2]
[0, 0, 1, 0] * [0, 1, 0, 1] : [0, 1, 0, 2]
[0, 0, 1, 0] * [0, 1, 0, 2] : [0, 2, 0, 2]
[0, 0, 1, 0] * [0, 1, 1, 0] : [2, 0, 0, 2]
[0, 0, 1, 0] * [0, 1, 1, 1] : [2, 1, 0, 2]
[0, 0, 1, 0] * [0, 1, 1, 2] : [2, 2, 0, 2]
[0, 0, 1, 0] * [0, 1, 2, 0] : [1, 0, 0, 2]
[0, 0, 1, 0] * [0, 1, 2, 1] : [1, 1, 0, 2]
[0, 0, 1, 0] * [0, 1, 2, 2] : [1, 2, 0, 2]
[0, 0, 1, 0] * [0, 2, 0, 0] : [0, 0, 0, 1]
[0, 0, 1, 0] * [0, 2, 0, 1] : [0, 1, 0, 1]
[0, 0, 1, 0] * [0, 2, 0, 2] : [0, 2, 0, 1]
[0, 0, 1, 0] * [0, 2, 1, 0] : [2, 0, 0, 1]
[0, 0, 1, 0] * [0, 2, 1, 1] : [2, 1, 0, 1]
[0, 0, 1, 0] * [0, 2, 1, 2] : [2, 2, 0, 1]
[0, 0, 1, 0] * [0, 2, 2, 0] : [1, 0, 0, 1]
[0, 0, 1, 0] * [0, 2, 2, 1] : [1, 1, 0, 1]
[0, 0, 1, 0] * [0, 2, 2, 2] : [1, 2, 0, 1]
[0, 0, 1, 0] * [1, 0, 0, 0] : [0, 0, 1, 0]
[0, 0, 1, 0] * [1, 0, 0, 1] : [0, 1, 1, 0]
[0, 0, 1, 0] * [1, 0, 0, 2] : [0, 2, 1, 0]
[0, 0, 1, 0] * [1, 0, 1, 0] : [2, 0, 1, 0]
[0, 0, 1, 0] * [1, 0, 1, 1] : [2, 1, 1, 0]
[0, 0, 1, 0] * [1, 0, 1, 2] : [2, 2, 1, 0]
[0, 0, 1, 0] * [1, 0, 2, 0] : [1, 0, 1, 0]
[0, 0, 1, 0] * [1, 0, 2, 1] : [1, 1, 1, 0]
[0, 0, 1, 0] * [1, 0, 2, 2] : [1, 2, 1, 0]
[0, 0, 1, 0] * [1, 1, 0, 0] : [0, 0, 1, 2]
[0, 0, 1, 0] * [1, 1, 0, 1] : [0, 1, 1, 2]
[0, 0, 1, 0] * [1, 1, 0, 2] : [0, 2, 1, 2]
[0, 0, 1, 0] * [1, 1, 1, 0] : [2, 0, 1, 2]
[0, 0, 1, 0] * [1, 1, 1, 1] : [2, 1, 1, 2]
[0, 0, 1, 0] * [1, 1, 1, 2] : [2, 2, 1, 2]
[0, 0, 1, 0] * [1, 1, 2, 0] : [1, 0, 1, 2]
[0, 0, 1, 0] * [1, 1, 2, 1] : [1, 1, 1, 2]
[0, 0, 1, 0] * [1, 1, 2, 2] : [1, 2, 1, 2]
[0, 0, 1, 0] * [1, 2, 0, 0] : [0, 0, 1, 1]
[0, 0, 1, 0] * [1, 2, 0, 1] : [0, 1, 1, 1]
[0, 0, 1, 0] * [1, 2, 0, 2] : [0, 2, 1, 1]
[0, 0, 1, 0] * [1, 2, 1, 0] : [2, 0, 1, 1]
[0, 0, 1, 0] * [1, 2, 1, 1] : [2, 1, 1, 1]
[0, 0, 1, 0] * [1, 2, 1, 2] : [2, 2, 1, 1]
[0, 0, 1, 0] * [1, 2, 2, 0] : [1, 0, 1, 1]
[0, 0, 1, 0] * [1, 2, 2, 1] : [1, 1, 1, 1]
[0, 0, 1, 0] * [1, 2, 2, 2] : [1, 2, 1, 1]
[0, 0, 1, 0] * [2, 0, 0, 0] : [0, 0, 2, 0]
[0, 0, 1, 0] * [2, 0, 0, 1] : [0, 1, 2, 0]
[0, 0, 1, 0] * [2, 0, 0, 2] : [0, 2, 2, 0]
[0, 0, 1, 0] * [2, 0, 1, 0] : [2, 0, 2, 0]
[0, 0, 1, 0] * [2, 0, 1, 1] : [2, 1, 2, 0]
[0, 0, 1, 0] * [2, 0, 1, 2] : [2, 2, 2, 0]
[0, 0, 1, 0] * [2, 0, 2, 0] : [1, 0, 2, 0]
[0, 0, 1, 0] * [2, 0, 2, 1] : [1, 1, 2, 0]
[0, 0, 1, 0] * [2, 0, 2, 2] : [1, 2, 2, 0]
[0, 0, 1, 0] * [2, 1, 0, 0] : [0, 0, 2, 2]
[0, 0, 1, 0] * [2, 1, 0, 1] : [0, 1, 2, 2]
[0, 0, 1, 0] * [2, 1, 0, 2] : [0, 2, 2, 2]
[0, 0, 1, 0] * [2, 1, 1, 0] : [2, 0, 2, 2]
[0, 0, 1, 0] * [2, 1, 1, 1] : [2, 1, 2, 2]
[0, 0, 1, 0] * [2, 1, 1, 2] : [2, 2, 2, 2]
[0, 0, 1, 0] * [2, 1, 2, 0] : [1, 0, 2, 2]
[0, 0, 1, 0] * [2, 1, 2, 1] : [1, 1, 2, 2]
[0, 0, 1, 0] * [2, 1, 2, 2] : [1, 2, 2, 2]
[0, 0, 1, 0] * [2, 2, 0, 0] : [0, 0, 2, 1]
[0, 0, 1, 0] * [2, 2, 0, 1] : [0, 1, 2, 1]
[0, 0, 1, 0] * [2, 2, 0, 2] : [0, 2, 2, 1]
[0, 0, 1, 0] * [2, 2, 1, 0] : [2, 0, 2, 1]
[0, 0, 1, 0] * [2, 2, 1, 1] : [2, 1, 2, 1]
[0, 0, 1, 0] * [2, 2, 1, 2] : [2, 2, 2, 1]
[0, 0, 1, 0] * [2, 2, 2, 0] : [1, 0, 2, 1]
[0, 0, 1, 0] * [2, 2, 2, 1] : [1, 1, 2, 1]
[0, 0, 1, 0] * [2, 2, 2, 2] : [1, 2, 2, 1]
[0, 0, 1, 1] * [0, 0, 0, 0] : [0, 0, 0, 0]
[0, 0, 1, 1] * [0, 0, 0, 1] : [2, 1, 0, 0]
[0, 0, 1, 1] * [0, 0, 0, 2] : [1, 2, 0, 0]
[0, 0, 1, 1] * [0, 0, 1, 0] : [2, 2, 0, 0]
[0, 0, 1, 1] * [0, 0, 1, 1] : [1, 0, 0, 0]
[0, 0, 1, 1] * [0, 0, 1, 2] : [0, 1, 0, 0]
[0, 0, 1, 1] * [0, 0, 2, 0] : [1, 1, 0, 0]
[0, 0, 1, 1] * [0, 0, 2, 1] : [0, 2, 0, 0]
[0, 0, 1, 1] * [0, 0, 2, 2] : [2, 0, 0, 0]
[0, 0, 1, 1] * [0, 1, 0, 0] : [0, 0, 1, 2]
[0, 0, 1, 1] * [0, 1, 0, 1] : [2, 1, 1, 2]
[0, 0, 1, 1] * [0, 1, 0, 2] : [1, 2, 1, 2]
[0, 0, 1, 1] * [0, 1, 1, 0] : [2, 2, 1, 2]
[0, 0, 1, 1] * [0, 1, 1, 1] : [1, 0, 1, 2]
[0, 0, 1, 1] * [0, 1, 1, 2] : [0, 1, 1, 2]
[0, 0, 1, 1] * [0, 1, 2, 0] : [1, 1, 1, 2]
[0, 0, 1, 1] * [0, 1, 2, 1] : [0, 2, 1, 2]
[0, 0, 1, 1] * [0, 1, 2, 2] : [2, 0, 1, 2]
[0, 0, 1, 1] * [0, 2, 0, 0] : [0, 0, 2, 1]
[0, 0, 1, 1] * [0, 2, 0, 1] : [2, 1, 2, 1]
[0, 0, 1, 1] * [0, 2, 0, 2] : [1, 2, 2, 1]
[0, 0, 1, 1] * [0, 2, 1, 0] : [2, 2, 2, 1]
[0, 0, 1, 1] * [0, 2, 1, 1] : [1, 0, 2, 1]
[0, 0, 1, 1] * [0, 2, 1, 2] : [0, 1, 2, 1]
[0, 0, 1, 1] * [0, 2, 2, 0] : [1, 1, 2, 1]
[0, 0, 1, 1] * [0, 2, 2, 1] : [0, 2, 2, 1]
[0, 0, 1, 1] * [0, 2, 2, 2] : [2, 0, 2, 1]
[0, 0, 1, 1] * [1, 0, 0, 0] : [0, 0, 1, 1]
[0, 0, 1, 1] * [1, 0, 0, 1] : [2, 1, 1, 1]
[0, 0, 1, 1] * [1, 0, 0, 2] : [1, 2, 1, 1]
[0, 0, 1, 1] * [1, 0, 1, 0] : [2, 2, 1, 1]
[0, 0, 1, 1] * [1, 0, 1, 1] : [1, 0, 1, 1]
[0, 0, 1, 1] * [1, 0, 1, 2] : [0, 1, 1, 1]
[0, 0, 1, 1] * [1, 0, 2, 0] : [1, 1, 1, 1]
[0, 0, 1, 1] * [1, 0, 2, 1] : [0, 2, 1, 1]
[0, 0, 1, 1] * [1, 0, 2, 2] : [2, 0, 1, 1]
[0, 0, 1, 1] * [1, 1, 0, 0] : [0, 0, 2, 0]
[0, 0, 1, 1] * [1, 1, 0, 1] : [2, 1, 2, 0]
[0, 0, 1, 1] * [1, 1, 0, 2] : [1, 2, 2, 0]
[0, 0, 1, 1] * [1, 1, 1, 0] : [2, 2, 2, 0]
[0, 0, 1, 1] * [1, 1, 1, 1] : [1, 0, 2, 0]
[0, 0, 1, 1] * [1, 1, 1, 2] : [0, 1, 2, 0]
[0, 0, 1, 1] * [1, 1, 2, 0] : [1, 1, 2, 0]
[0, 0, 1, 1] * [1, 1, 2, 1] : [0, 2, 2, 0]
[0, 0, 1, 1] * [1, 1, 2, 2] : [2, 0, 2, 0]
[0, 0, 1, 1] * [1, 2, 0, 0] : [0, 0, 0, 2]
[0, 0, 1, 1] * [1, 2, 0, 1] : [2, 1, 0, 2]
[0, 0, 1, 1] * [1, 2, 0, 2] : [1, 2, 0, 2]
[0, 0, 1, 1] * [1, 2, 1, 0] : [2, 2, 0, 2]
[0, 0, 1, 1] * [1, 2, 1, 1] : [1, 0, 0, 2]
[0, 0, 1, 1] * [1, 2, 1, 2] : [0, 1, 0, 2]
[0, 0, 1, 1] * [1, 2, 2, 0] : [1, 1, 0, 2]
[0, 0, 1, 1] * [1, 2, 2, 1] : [0, 2, 0, 2]
[0, 0, 1, 1] * [1, 2, 2, 2] : [2, 0, 0, 2]
[0, 0, 1, 1] * [2, 0, 0, 0] : [0, 0, 2, 2]
[0, 0, 1, 1] * [2, 0, 0, 1] : [2, 1, 2, 2]
[0, 0, 1, 1] * [2, 0, 0, 2] : [1, 2, 2, 2]
[0, 0, 1, 1] * [2, 0, 1, 0] : [2, 2, 2, 2]
[0, 0, 1, 1] * [2, 0, 1, 1] : [1, 0, 2, 2]
[0, 0, 1, 1] * [2, 0, 1, 2] : [0, 1, 2, 2]
[0, 0, 1, 1] * [2, 0, 2, 0] : [1, 1, 2, 2]
[0, 0, 1, 1] * [2, 0, 2, 1] : [0, 2, 2, 2]
[0, 0, 1, 1] * [2, 0, 2, 2] : [2, 0, 2, 2]
[0, 0, 1, 1] * [2, 1, 0, 0] : [0, 0, 0, 1]
[0, 0, 1, 1] * [2, 1, 0, 1] : [2, 1, 0, 1]
[0, 0, 1, 1] * [2, 1, 0, 2] : [1, 2, 0, 1]
[0, 0, 1, 1] * [2, 1, 1, 0] : [2, 2, 0, 1]
[0, 0, 1, 1] * [2, 1, 1, 1] : [1, 0, 0, 1]
[0, 0, 1, 1] * [2, 1, 1, 2] : [0, 1, 0, 1]
[0, 0, 1, 1] * [2, 1, 2, 0] : [1, 1, 0, 1]
[0, 0, 1, 1] * [2, 1, 2, 1] : [0, 2, 0, 1]
[0, 0, 1, 1] * [2, 1, 2, 2] : [2, 0, 0, 1]
[0, 0, 1, 1] * [2, 2, 0, 0] : [0, 0, 1, 0]
[0, 0, 1, 1] * [2, 2, 0, 1] : [2, 1, 1, 0]
[0, 0, 1, 1] * [2, 2, 0, 2] : [1, 2, 1, 0]
[0, 0, 1, 1] * [2, 2, 1, 0] : [2, 2, 1, 0]
[0, 0, 1, 1] * [2, 2, 1, 1] : [1, 0, 1, 0]
[0, 0, 1, 1] * [2, 2, 1, 2] : [0, 1, 1, 0]
[0, 0, 1, 1] * [2, 2, 2, 0] : [1, 1, 1, 0]
[0, 0, 1, 1] * [2, 2, 2, 1] : [0, 2, 1, 0]
[0, 0, 1, 1] * [2, 2, 2, 2] : [2, 0, 1, 0]
[0, 0, 1, 2] * [0, 0, 0, 0] : [0, 0, 0, 0]
[0, 0, 1, 2] * [0, 0, 0, 1] : [1, 1, 0, 0]
[0, 0, 1, 2] * [0, 0, 0, 2] : [2, 2, 0, 0]
[0, 0, 1, 2] * [0, 0, 1, 0] : [2, 1, 0, 0]
[0, 0, 1, 2] * [0, 0, 1, 1] : [0, 2, 0, 0]
[0, 0, 1, 2] * [0, 0, 1, 2] : [1, 0, 0, 0]
[0, 0, 1, 2] * [0, 0, 2, 0] : [1, 2, 0, 0]
[0, 0, 1, 2] * [0, 0, 2, 1] : [2, 0, 0, 0]
[0, 0, 1, 2] * [0, 0, 2, 2] : [0, 1, 0, 0]
[0, 0, 1, 2] * [0, 1, 0, 0] : [0, 0, 2, 2]
[0, 0, 1, 2] * [0, 1, 0, 1] : [1, 1, 2, 2]
[0, 0, 1, 2] * [0, 1, 0, 2] : [2, 2, 2, 2]
[0, 0, 1, 2] * [0, 1, 1, 0] : [2, 1, 2, 2]
[0, 0, 1, 2] * [0, 1, 1, 1] : [0, 2, 2, 2]
[0, 0, 1, 2] * [0, 1, 1, 2] : [1, 0, 2, 2]
[0, 0, 1, 2] * [0, 1, 2, 0] : [1, 2, 2, 2]
[0, 0, 1, 2] * [0, 1, 2, 1] : [2, 0, 2, 2]
[0, 0, 1, 2] * [0, 1, 2, 2] : [0, 1, 2, 2]
[0, 0, 1, 2] * [0, 2, 0, 0] : [0, 0, 1, 1]
[0, 0, 1, 2] * [0, 2, 0, 1] : [1, 1, 1, 1]
[0, 0, 1, 2] * [0, 2, 0, 2] : [2, 2, 1, 1]
[0, 0, 1, 2] * [0, 2, 1, 0] : [2, 1, 1, 1]
[0, 0, 1, 2] * [0, 2, 1, 1] : [0, 2, 1, 1]
[0, 0, 1, 2] * [0, 2, 1, 2] : [1, 0, 1, 1]
[0, 0, 1, 2] * [0, 2, 2, 0] : [1, 2, 1, 1]
[0, 0, 1, 2] * [0, 2, 2, 1] : [2, 0, 1, 1]
[0, 0, 1, 2] * [0, 2, 2, 2] : [0, 1, 1, 1]
[0, 0, 1, 2] * [1, 0, 0, 0] : [0, 0, 1, 2]
[0, 0, 1, 2] * [1, 0, 0, 1] : [1, 1, 1, 2]
[0, 0, 1, 2] * [1, 0, 0, 2] : [2, 2, 1, 2]
[0, 0, 1, 2] * [1, 0, 1, 0] : [2, 1, 1, 2]
[0, 0, 1, 2] * [1, 0, 1, 1] : [0, 2, 1, 2]
[0, 0, 1, 2] * [1, 0, 1, 2] : [1, 0, 1, 2]
[0, 0, 1, 2] * [1, 0, 2, 0] : [1, 2, 1, 2]
[0, 0, 1, 2] * [1, 0, 2, 1] : [2, 0, 1, 2]
[0, 0, 1, 2] * [1, 0, 2, 2] : [0, 1, 1, 2]
[0, 0, 1, 2] * [1, 1, 0, 0] : [0, 0, 0, 1]
[0, 0, 1, 2] * [1, 1, 0, 1] : [1, 1, 0, 1]
[0, 0, 1, 2] * [1, 1, 0, 2] : [2, 2, 0, 1]
[0, 0, 1, 2] * [1, 1, 1, 0] : [2, 1, 0, 1]
[0, 0, 1, 2] * [1, 1, 1, 1] : [0, 2, 0, 1]
[0, 0, 1, 2] * [1, 1, 1, 2] : [1, 0, 0, 1]
[0, 0, 1, 2] * [1, 1, 2, 0] : [1, 2, 0, 1]
[0, 0, 1, 2] * [1, 1, 2, 1] : [2, 0, 0, 1]
[0, 0, 1, 2] * [1, 1, 2, 2] : [0, 1, 0, 1]
[0, 0, 1, 2] * [1, 2, 0, 0] : [0, 0, 2, 0]
[0, 0, 1, 2] * [1, 2, 0, 1] : [1, 1, 2, 0]
[0, 0, 1, 2] * [1, 2, 0, 2] : [2, 2, 2, 0]
[0, 0, 1, 2] * [1, 2, 1, 0] : [2, 1, 2, 0]
[0, 0, 1, 2] * [1, 2, 1, 1] : [0, 2, 2, 0]
[0, 0, 1, 2] * [1, 2, 1, 2] : [1, 0, 2, 0]
[0, 0, 1, 2] * [1, 2, 2, 0] : [1, 2, 2, 0]
[0, 0, 1, 2] * [1, 2, 2, 1] : [2, 0, 2, 0]
[0, 0, 1, 2] * [1, 2, 2, 2] : [0, 1, 2, 0]
[0, 0, 1, 2] * [2, 0, 0, 0] : [0, 0, 2, 1]
[0, 0, 1, 2] * [2, 0, 0, 1] : [1, 1, 2, 1]
[0, 0, 1, 2] * [2, 0, 0, 2] : [2, 2, 2, 1]
[0, 0, 1, 2] * [2, 0, 1, 0] : [2, 1, 2, 1]
[0, 0, 1, 2] * [2, 0, 1, 1] : [0, 2, 2, 1]
[0, 0, 1, 2] * [2, 0, 1, 2] : [1, 0, 2, 1]
[0, 0, 1, 2] * [2, 0, 2, 0] : [1, 2, 2, 1]
[0, 0, 1, 2] * [2, 0, 2, 1] : [2, 0, 2, 1]
[0, 0, 1, 2] * [2, 0, 2, 2] : [0, 1, 2, 1]
[0, 0, 1, 2] * [2, 1, 0, 0] : [0, 0, 1, 0]
[0, 0, 1, 2] * [2, 1, 0, 1] : [1, 1, 1, 0]
[0, 0, 1, 2] * [2, 1, 0, 2] : [2, 2, 1, 0]
[0, 0, 1, 2] * [2, 1, 1, 0] : [2, 1, 1, 0]
[0, 0, 1, 2] * [2, 1, 1, 1] : [0, 2, 1, 0]
[0, 0, 1, 2] * [2, 1, 1, 2] : [1, 0, 1, 0]
[0, 0, 1, 2] * [2, 1, 2, 0] : [1, 2, 1, 0]
[0, 0, 1, 2] * [2, 1, 2, 1] : [2, 0, 1, 0]
[0, 0, 1, 2] * [2, 1, 2, 2] : [0, 1, 1, 0]
[0, 0, 1, 2] * [2, 2, 0, 0] : [0, 0, 0, 2]
[0, 0, 1, 2] * [2, 2, 0, 1] : [1, 1, 0, 2]
[0, 0, 1, 2] * [2, 2, 0, 2] : [2, 2, 0, 2]
[0, 0, 1, 2] * [2, 2, 1, 0] : [2, 1, 0, 2]
[0, 0, 1, 2] * [2, 2, 1, 1] : [0, 2, 0, 2]
[0, 0, 1, 2] * [2, 2, 1, 2] : [1, 0, 0, 2]
[0, 0, 1, 2] * [2, 2, 2, 0] : [1, 2, 0, 2]
[0, 0, 1, 2] * [2, 2, 2, 1] : [2, 0, 0, 2]
[0, 0, 1, 2] * [2, 2, 2, 2] : [0, 1, 0, 2]
[0, 0, 2, 0] * [0, 0, 0, 0] : [0, 0, 0, 0]
[0, 0, 2, 0] * [0, 0, 0, 1] : [0, 2, 0, 0]
[0, 0, 2, 0] * [0, 0, 0, 2] : [0, 1, 0, 0]
[0, 0, 2, 0] * [0, 0, 1, 0] : [1, 0, 0, 0]
[0, 0, 2, 0] * [0, 0, 1, 1] : [1, 2, 0, 0]
[0, 0, 2, 0] * [0, 0, 1, 2] : [1, 1, 0, 0]
[0, 0, 2, 0] * [0, 0, 2, 0] : [2, 0, 0, 0]
[0, 0, 2, 0] * [0, 0, 2, 1] : [2, 2, 0, 0]
[0, 0, 2, 0] * [0, 0, 2, 2] : [2, 1, 0, 0]
[0, 0, 2, 0] * [0, 1, 0, 0] : [0, 0, 0, 1]
[0, 0, 2, 0] * [0, 1, 0, 1] : [0, 2, 0, 1]
[0, 0, 2, 0] * [0, 1, 0, 2] : [0, 1, 0, 1]
[0, 0, 2, 0] * [0, 1, 1, 0] : [1, 0, 0, 1]
[0, 0, 2, 0] * [0, 1, 1, 1] : [1, 2, 0, 1]
[0, 0, 2, 0] * [0, 1, 1, 2] : [1, 1, 0, 1]
[0, 0, 2, 0] * [0, 1, 2, 0] : [2, 0, 0, 1]
[0, 0, 2, 0] * [0, 1, 2, 1] : [2, 2, 0, 1]
[0, 0, 2, 0] * [0, 1, 2, 2] : [2, 1, 0, 1]
[0, 0, 2, 0] * [0, 2, 0, 0] : [0, 0, 0, 2]
[0, 0, 2, 0] * [0, 2, 0, 1] : [0, 2, 0, 2]
[0, 0, 2, 0] * [0, 2, 0, 2] : [0, 1, 0, 2]
[0, 0, 2, 0] * [0, 2, 1, 0] : [1, 0, 0, 2]
[0, 0, 2, 0] * [0, 2, 1, 1] : [1, 2, 0, 2]
[0, 0, 2, 0] * [0, 2, 1, 2] : [1, 1, 0, 2]
[0, 0, 2, 0] * [0, 2, 2, 0] : [2, 0, 0, 2]
[0, 0, 2, 0] * [0, 2, 2, 1] : [2, 2, 0, 2]
[0, 0, 2, 0] * [0, 2, 2, 2] : [2, 1, 0, 2]
[0, 0, 2, 0] * [1, 0, 0, 0] : [0, 0, 2, 0]
[0, 0, 2, 0] * [1, 0, 0, 1] : [0, 2, 2, 0]
[0, 0, 2, 0] * [1, 0, 0, 2] : [0, 1, 2, 0]
[0, 0, 2, 0] * [1, 0, 1, 0] : [1, 0, 2, 0]
[0, 0, 2, 0] * [1, 0, 1, 1] : [1, 2, 2, 0]
[0, 0, 2, 0] * [1, 0, 1, 2] : [1, 1, 2, 0]
[0, 0, 2, 0] * [1, 0, 2, 0] : [2, 0, 2, 0]
[0, 0, 2, 0] * [1, 0, 2, 1] : [2, 2, 2, 0]
[0, 0, 2, 0] * [1, 0, 2, 2] : [2, 1, 2, 0]
[0, 0, 2, 0] * [1, 1, 0, 0] : [0, 0, 2, 1]
[0, 0, 2, 0] * [1, 1, 0, 1] : [0, 2, 2, 1]
[0, 0, 2, 0] * [1, 1, 0, 2] : [0, 1, 2, 1]
[0, 0, 2, 0] * [1, 1, 1, 0] : [1, 0, 2, 1]
[0, 0, 2, 0] * [1, 1, 1, 1] : [1, 2, 2, 1]
[0, 0, 2, 0] * [1, 1, 1, 2] : [1, 1, 2, 1]
[0, 0, 2, 0] * [1, 1, 2, 0] : [2, 0, 2, 1]
[0, 0, 2, 0] * [1, 1, 2, 1] : [2, 2, 2, 1]
[0, 0, 2, 0] * [1, 1, 2, 2] : [2, 1, 2, 1]
[0, 0, 2, 0] * [1, 2, 0, 0] : [0, 0, 2, 2]
[0, 0, 2, 0] * [1, 2, 0, 1] : [0, 2, 2, 2]
[0, 0, 2, 0] * [1, 2, 0, 2] : [0, 1, 2, 2]
[0, 0, 2, 0] * [1, 2, 1, 0] : [1, 0, 2, 2]
[0, 0, 2, 0] * [1, 2, 1, 1] : [1, 2, 2, 2]
[0, 0, 2, 0] * [1, 2, 1, 2] : [1, 1, 2, 2]
[0, 0, 2, 0] * [1, 2, 2, 0] : [2, 0, 2, 2]
[0, 0, 2, 0] * [1, 2, 2, 1] : [2, 2, 2, 2]
[0, 0, 2, 0] * [1, 2, 2, 2] : [2, 1, 2, 2]
[0, 0, 2, 0] * [2, 0, 0, 0] : [0, 0, 1, 0]
[0, 0, 2, 0] * [2, 0, 0, 1] : [0, 2, 1, 0]
[0, 0, 2, 0] * [2, 0, 0, 2] : [0, 1, 1, 0]
[0, 0, 2, 0] * [2, 0, 1, 0] : [1, 0, 1, 0]
[0, 0, 2, 0] * [2, 0, 1, 1] : [1, 2, 1, 0]
[0, 0, 2, 0] * [2, 0, 1, 2] : [1, 1, 1, 0]
[0, 0, 2, 0] * [2, 0, 2, 0] : [2, 0, 1, 0]
[0, 0, 2, 0] * [2, 0, 2, 1] : [2, 2, 1, 0]
[0, 0, 2, 0] * [2, 0, 2, 2] : [2, 1, 1, 0]
[0, 0, 2, 0] * [2, 1, 0, 0] : [0, 0, 1, 1]
[0, 0, 2, 0] * [2, 1, 0, 1] : [0, 2, 1, 1]
[0, 0, 2, 0] * [2, 1, 0, 2] : [0, 1, 1, 1]
[0, 0, 2, 0] * [2, 1, 1, 0] : [1, 0, 1, 1]
[0, 0, 2, 0] * [2, 1, 1, 1] : [1, 2, 1, 1]
[0, 0, 2, 0] * [2, 1, 1, 2] : [1, 1, 1, 1]
[0, 0, 2, 0] * [2, 1, 2, 0] : [2, 0, 1, 1]
[0, 0, 2, 0] * [2, 1, 2, 1] : [2, 2, 1, 1]
[0, 0, 2, 0] * [2, 1, 2, 2] : [2, 1, 1, 1]
[0, 0, 2, 0] * [2, 2, 0, 0] : [0, 0, 1, 2]
[0, 0, 2, 0] * [2, 2, 0, 1] : [0, 2, 1, 2]
[0, 0, 2, 0] * [2, 2, 0, 2] : [0, 1, 1, 2]
[0, 0, 2, 0] * [2, 2, 1, 0] : [1, 0, 1, 2]
[0, 0, 2, 0] * [2, 2, 1, 1] : [1, 2, 1, 2]
[0, 0, 2, 0] * [2, 2, 1, 2] : [1, 1, 1, 2]
[0, 0, 2, 0] * [2, 2, 2, 0] : [2, 0, 1, 2]
[0, 0, 2, 0] * [2, 2, 2, 1] : [2, 2, 1, 2]
[0, 0, 2, 0] * [2, 2, 2, 2] : [2, 1, 1, 2]
[0, 0, 2, 1] * [0, 0, 0, 0] : [0, 0, 0, 0]
[0, 0, 2, 1] * [0, 0, 0, 1] : [2, 2, 0, 0]
[0, 0, 2, 1] * [0, 0, 0, 2] : [1, 1, 0, 0]
[0, 0, 2, 1] * [0, 0, 1, 0] : [1, 2, 0, 0]
[0, 0, 2, 1] * [0, 0, 1, 1] : [0, 1, 0, 0]
[0, 0, 2, 1] * [0, 0, 1, 2] : [2, 0, 0, 0]
[0, 0, 2, 1] * [0, 0, 2, 0] : [2, 1, 0, 0]
[0, 0, 2, 1] * [0, 0, 2, 1] : [1, 0, 0, 0]
[0, 0, 2, 1] * [0, 0, 2, 2] : [0, 2, 0, 0]
[0, 0, 2, 1] * [0, 1, 0, 0] : [0, 0, 1, 1]
[0, 0, 2, 1] * [0, 1, 0, 1] : [2, 2, 1, 1]
[0, 0, 2, 1] * [0, 1, 0, 2] : [1, 1, 1, 1]
[0, 0, 2, 1] * [0, 1, 1, 0] : [1, 2, 1, 1]
[0, 0, 2, 1] * [0, 1, 1, 1] : [0, 1, 1, 1]
[0, 0, 2, 1] * [0, 1, 1, 2] : [2, 0, 1, 1]
[0, 0, 2, 1] * [0, 1, 2, 0] : [2, 1, 1, 1]
[0, 0, 2, 1] * [0, 1, 2, 1] : [1, 0, 1, 1]
[0, 0, 2, 1] * [0, 1, 2, 2] : [0, 2, 1, 1]
[0, 0, 2, 1] * [0, 2, 0, 0] : [0, 0, 2, 2]
[0, 0, 2, 1] * [0, 2, 0, 1] : [2, 2, 2, 2]
[0, 0, 2, 1] * [0, 2, 0, 2] : [1, 1, 2, 2]
[0, 0, 2, 1] * [0, 2, 1, 0] : [1, 2, 2, 2]
[0, 0, 2, 1] * [0, 2, 1, 1] : [0, 1, 2, 2]
[0, 0, 2, 1] * [0, 2, 1, 2] : [2, 0, 2, 2]
[0, 0, 2, 1] * [0, 2, 2, 0] : [2, 1, 2, 2]
[0, 0, 2, 1] * [0, 2, 2, 1] : [1, 0, 2, 2]
[0, 0, 2, 1] * [0, 2, 2, 2] : [0, 2, 2, 2]
[0, 0, 2, 1] * [1, 0, 0, 0] : [0, 0, 2, 1]
[0, 0, 2, 1] * [1, 0, 0, 1] : [2, 2, 2, 1]
[0, 0, 2, 1] * [1, 0, 0, 2] : [1, 1, 2, 1]
[0, 0, 2, 1] * [1, 0, 1, 0] : [1, 2, 2, 1]
[0, 0, 2, 1] * [1, 0, 1, 1] : [0, 1, 2, 1]
[0, 0, 2, 1] * [1, 0, 1, 2] : [2, 0, 2, 1]
[0, 0, 2, 1] * [1, 0, 2, 0] : [2, 1, 2, 1]
[0, 0, 2, 1] * [1, 0, 2, 1] : [1, 0, 2, 1]
[0, 0, 2, 1] * [1, 0, 2, 2] : [0, 2, 2, 1]
[0, 0, 2, 1] * [1, 1, 0, 0] : [0, 0, 0, 2]
[0, 0, 2, 1] * [1, 1, 0, 1] : [2, 2, 0, 2]
[0, 0, 2, 1] * [1, 1, 0, 2] : [1, 1, 0, 2]
[0, 0, 2, 1] * [1, 1, 1, 0] : [1, 2, 0, 2]
[0, 0, 2, 1] * [1, 1, 1, 1] : [0, 1, 0, 2]
[0, 0, 2, 1] * [1, 1, 1, 2] : [2, 0, 0, 2]
[0, 0, 2, 1] * [1, 1, 2, 0] : [2, 1, 0, 2]
[0, 0, 2, 1] * [1, 1, 2, 1] : [1, 0, 0, 2]
[0, 0, 2, 1] * [1, 1, 2, 2] : [0, 2, 0, 2]
[0, 0, 2, 1] * [1, 2, 0, 0] : [0, 0, 1, 0]
[0, 0, 2, 1] * [1, 2, 0, 1] : [2, 2, 1, 0]
[0, 0, 2, 1] * [1, 2, 0, 2] : [1, 1, 1, 0]
[0, 0, 2, 1] * [1, 2, 1, 0] : [1, 2, 1, 0]
[0, 0, 2, 1] * [1, 2, 1, 1] : [0, 1, 1, 0]
[0, 0, 2, 1] * [1, 2, 1, 2] : [2, 0, 1, 0]
[0, 0, 2, 1] * [1, 2, 2, 0] : [2, 1, 1, 0]
[0, 0, 2, 1] * [1, 2, 2, 1] : [1, 0, 1, 0]
[0, 0, 2, 1] * [1, 2, 2, 2] : [0, 2, 1, 0]
[0, 0, 2, 1] * [2, 0, 0, 0] : [0, 0, 1, 2]
[0, 0, 2, 1] * [2, 0, 0, 1] : [2, 2, 1, 2]
[0, 0, 2, 1] * [2, 0, 0, 2] : [1, 1, 1, 2]
[0, 0, 2, 1] * [2, 0, 1, 0] : [1, 2, 1, 2]
[0, 0, 2, 1] * [2, 0, 1, 1] : [0, 1, 1, 2]
[0, 0, 2, 1] * [2, 0, 1, 2] : [2, 0, 1, 2]
[0, 0, 2, 1] * [2, 0, 2, 0] : [2, 1, 1, 2]
[0, 0, 2, 1] * [2, 0, 2, 1] : [1, 0, 1, 2]
[0, 0, 2, 1] * [2, 0, 2, 2] : [0, 2, 1, 2]
[0, 0, 2, 1] * [2, 1, 0, 0] : [0, 0, 2, 0]
[0, 0, 2, 1] * [2, 1, 0, 1] : [2, 2, 2, 0]
[0, 0, 2, 1] * [2, 1, 0, 2] : [1, 1, 2, 0]
[0, 0, 2, 1] * [2, 1, 1, 0] : [1, 2, 2, 0]
[0, 0, 2, 1] * [2, 1, 1, 1] : [0, 1, 2, 0]
[0, 0, 2, 1] * [2, 1, 1, 2] : [2, 0, 2, 0]
[0, 0, 2, 1] * [2, 1, 2, 0] : [2, 1, 2, 0]
[0, 0, 2, 1] * [2, 1, 2, 1] : [1, 0, 2, 0]
[0, 0, 2, 1] * [2, 1, 2, 2] : [0, 2, 2, 0]
[0, 0, 2, 1] * [2, 2, 0, 0] : [0, 0, 0, 1]
[0, 0, 2, 1] * [2, 2, 0, 1] : [2, 2, 0, 1]
[0, 0, 2, 1] * [2, 2, 0, 2] : [1, 1, 0, 1]
[0, 0, 2, 1] * [2, 2, 1, 0] : [1, 2, 0, 1]
[0, 0, 2, 1] * [2, 2, 1, 1] : [0, 1, 0, 1]
[0, 0, 2, 1] * [2, 2, 1, 2] : [2, 0, 0, 1]
[0, 0, 2, 1] * [2, 2, 2, 0] : [2, 1, 0, 1]
[0, 0, 2, 1] * [2, 2, 2, 1] : [1, 0, 0, 1]
[0, 0, 2, 1] * [2, 2, 2, 2] : [0, 2, 0, 1]
[0, 0, 2, 2] * [0, 0, 0, 0] : [0, 0, 0, 0]
[0, 0, 2, 2] * [0, 0, 0, 1] : [1, 2, 0, 0]
[0, 0, 2, 2] * [0, 0, 0, 2] : [2, 1, 0, 0]
[0, 0, 2, 2] * [0, 0, 1, 0] : [1, 1, 0, 0]
[0, 0, 2, 2] * [0, 0, 1, 1] : [2, 0, 0, 0]
[0, 0, 2, 2] * [0, 0, 1, 2] : [0, 2, 0, 0]
[0, 0, 2, 2] * [0, 0, 2, 0] : [2, 2, 0, 0]
[0, 0, 2, 2] * [0, 0, 2, 1] : [0, 1, 0, 0]
[0, 0, 2, 2] * [0, 0, 2, 2] : [1, 0, 0, 0]
[0, 0, 2, 2] * [0, 1, 0, 0] : [0, 0, 2, 1]
[0, 0, 2, 2] * [0, 1, 0, 1] : [1, 2, 2, 1]
[0, 0, 2, 2] * [0, 1, 0, 2] : [2, 1, 2, 1]
[0, 0, 2, 2] * [0, 1, 1, 0] : [1, 1, 2, 1]
[0, 0, 2, 2] * [0, 1, 1, 1] : [2, 0, 2, 1]
[0, 0, 2, 2] * [0, 1, 1, 2] : [0, 2, 2, 1]
[0, 0, 2, 2] * [0, 1, 2, 0] : [2, 2, 2, 1]
[0, 0, 2, 2] * [0, 1, 2, 1] : [0, 1, 2, 1]
[0, 0, 2, 2] * [0, 1, 2, 2] : [1, 0, 2, 1]
[0, 0, 2, 2] * [0, 2, 0, 0] : [0, 0, 1, 2]
[0, 0, 2, 2] * [0, 2, 0, 1] : [1, 2, 1, 2]
[0, 0, 2, 2] * [0, 2, 0, 2] : [2, 1, 1, 2]
[0, 0, 2, 2] * [0, 2, 1, 0] : [1, 1, 1, 2]
[0, 0, 2, 2] * [0, 2, 1, 1] : [2, 0, 1, 2]
[0, 0, 2, 2] * [0, 2, 1, 2] : [0, 2, 1, 2]
[0, 0, 2, 2] * [0, 2, 2, 0] : [2, 2, 1, 2]
[0, 0, 2, 2] * [0, 2, 2, 1] : [0, 1, 1, 2]
[0, 0, 2, 2] * [0, 2, 2, 2] : [1, 0, 1, 2]
[0, 0, 2, 2] * [1, 0, 0, 0] : [0, 0, 2, 2]
[0, 0, 2, 2] * [1, 0, 0, 1] : [1, 2, 2, 2]
[0, 0, 2, 2] * [1, 0, 0, 2] : [2, 1, 2, 2]
[0, 0, 2, 2] * [1, 0, 1, 0] : [1, 1, 2, 2]
[0, 0, 2, 2] * [1, 0, 1, 1] : [2, 0, 2, 2]
[0, 0, 2, 2] * [1, 0, 1, 2] : [0, 2, 2, 2]
[0, 0, 2, 2] * [1, 0, 2, 0] : [2, 2, 2, 2]
[0, 0, 2, 2] * [1, 0, 2, 1] : [0, 1, 2, 2]
[0, 0, 2, 2] * [1, 0, 2, 2] : [1, 0, 2, 2]
[0, 0, 2, 2] * [1, 1, 0, 0] : [0, 0, 1, 0]
[0, 0, 2, 2] * [1, 1, 0, 1] : [1, 2, 1, 0]
[0, 0, 2, 2] * [1, 1, 0, 2] : [2, 1, 1, 0]
[0, 0, 2, 2] * [1, 1, 1, 0] : [1, 1, 1, 0]
[0, 0, 2, 2] * [1, 1, 1, 1] : [2, 0, 1, 0]
[0, 0, 2, 2] * [1, 1, 1, 2] : [0, 2, 1, 0]
[0, 0, 2, 2] * [1, 1, 2, 0] : [2, 2, 1, 0]
[0, 0, 2, 2] * [1, 1, 2, 1] : [0, 1, 1, 0]
[0, 0, 2, 2] * [1, 1, 2, 2] : [1, 0, 1, 0]
[0, 0, 2, 2] * [1, 2, 0, 0] : [0, 0, 0, 1]
[0, 0, 2, 2] * [1, 2, 0, 1] : [1, 2, 0, 1]
[0, 0, 2, 2] * [1, 2, 0, 2] : [2, 1, 0, 1]
[0, 0, 2, 2] * [1, 2, 1, 0] : [1, 1, 0, 1]
[0, 0, 2, 2] * [1, 2, 1, 1] : [2, 0, 0, 1]
[0, 0, 2, 2] * [1, 2, 1, 2] : [0, 2, 0, 1]
[0, 0, 2, 2] * [1, 2, 2, 0] : [2, 2, 0, 1]
[0, 0, 2, 2] * [1, 2, 2, 1] : [0, 1, 0, 1]
[0, 0, 2, 2] * [1, 2, 2, 2] : [1, 0, 0, 1]
[0, 0, 2, 2] * [2, 0, 0, 0] : [0, 0, 1, 1]
[0, 0, 2, 2] * [2, 0, 0, 1] : [1, 2, 1, 1]
[0, 0, 2, 2] * [2, 0, 0, 2] : [2, 1, 1, 1]
[0, 0, 2, 2] * [2, 0, 1, 0] : [1, 1, 1, 1]
[0, 0, 2, 2] * [2, 0, 1, 1] : [2, 0, 1, 1]
[0, 0, 2, 2] * [2, 0, 1, 2] : [0, 2, 1, 1]
[0, 0, 2, 2] * [2, 0, 2, 0] : [2, 2, 1, 1]
[0, 0, 2, 2] * [2, 0, 2, 1] : [0, 1, 1, 1]
[0, 0, 2, 2] * [2, 0, 2, 2] : [1, 0, 1, 1]
[0, 0, 2, 2] * [2, 1, 0, 0] : [0, 0, 0, 2]
[0, 0, 2, 2] * [2, 1, 0, 1] : [1, 2, 0, 2]
[0, 0, 2, 2] * [2, 1, 0, 2] : [2, 1, 0, 2]
[0, 0, 2, 2] * [2, 1, 1, 0] : [1, 1, 0, 2]
[0, 0, 2, 2] * [2, 1, 1, 1] : [2, 0, 0, 2]
[0, 0, 2, 2] * [2, 1, 1, 2] : [0, 2, 0, 2]
[0, 0, 2, 2] * [2, 1, 2, 0] : [2, 2, 0, 2]
[0, 0, 2, 2] * [2, 1, 2, 1] : [0, 1, 0, 2]
[0, 0, 2, 2] * [2, 1, 2, 2] : [1, 0, 0, 2]
[0, 0, 2, 2] * [2, 2, 0, 0] : [0, 0, 2, 0]
[0, 0, 2, 2] * [2, 2, 0, 1] : [1, 2, 2, 0]
[0, 0, 2, 2] * [2, 2, 0, 2] : [2, 1, 2, 0]
[0, 0, 2, 2] * [2, 2, 1, 0] : [1, 1, 2, 0]
[0, 0, 2, 2] * [2, 2, 1, 1] : [2, 0, 2, 0]
[0, 0, 2, 2] * [2, 2, 1, 2] : [0, 2, 2, 0]
[0, 0, 2, 2] * [2, 2, 2, 0] : [2, 2, 2, 0]
[0, 0, 2, 2] * [2, 2, 2, 1] : [0, 1, 2, 0]
[0, 0, 2, 2] * [2, 2, 2, 2] : [1, 0, 2, 0]
[0, 1, 0, 0] * [0, 0, 0, 0] : [0, 0, 0, 0]
[0, 1, 0, 0] * [0, 0, 0, 1] : [0, 0, 2, 0]
[0, 1, 0, 0] * [0, 0, 0, 2] : [0, 0, 1, 0]
[0, 1, 0, 0] * [0, 0, 1, 0] : [0, 0, 0, 1]
[0, 1, 0, 0] * [0, 0, 1, 1] : [0, 0, 2, 1]
[0, 1, 0, 0] * [0, 0, 1, 2] : [0, 0, 1, 1]
[0, 1, 0, 0] * [0, 0, 2, 0] : [0, 0, 0, 2]
[0, 1, 0, 0] * [0, 0, 2, 1] : [0, 0, 2, 2]
[0, 1, 0, 0] * [0, 0, 2, 2] : [0, 0, 1, 2]
[0, 1, 0, 0] * [0, 1, 0, 0] : [2, 0, 0, 0]
[0, 1, 0, 0] * [0, 1, 0, 1] : [2, 0, 2, 0]
[0, 1, 0, 0] * [0, 1, 0, 2] : [2, 0, 1, 0]
[0, 1, 0, 0] * [0, 1, 1, 0] : [2, 0, 0, 1]
[0, 1, 0, 0] * [0, 1, 1, 1] : [2, 0, 2, 1]
[0, 1, 0, 0] * [0, 1, 1, 2] : [2, 0, 1, 1]
[0, 1, 0, 0] * [0, 1, 2, 0] : [2, 0, 0, 2]
[0, 1, 0, 0] * [0, 1, 2, 1] : [2, 0, 2, 2]
[0, 1, 0, 0] * [0, 1, 2, 2] : [2, 0, 1, 2]
[0, 1, 0, 0] * [0, 2, 0, 0] : [1, 0, 0, 0]
[0, 1, 0, 0] * [0, 2, 0, 1] : [1, 0, 2, 0]
[0, 1, 0, 0] * [0, 2, 0, 2] : [1, 0, 1, 0]
[0, 1, 0, 0] * [0, 2, 1, 0] : [1, 0, 0, 1]
[0, 1, 0, 0] * [0, 2, 1, 1] : [1, 0, 2, 1]
[0, 1, 0, 0] * [0, 2, 1, 2] : [1, 0, 1, 1]
[0, 1, 0, 0] * [0, 2, 2, 0] : [1, 0, 0, 2]
[0, 1, 0, 0] * [0, 2, 2, 1] : [1, 0, 2, 2]
[0, 1, 0, 0] * [0, 2, 2, 2] : [1, 0, 1, 2]
[0, 1, 0, 0] * [1, 0, 0, 0] : [0, 1, 0, 0]
[0, 1, 0, 0] * [1, 0, 0, 1] : [0, 1, 2, 0]
[0, 1, 0, 0] * [1, 0, 0, 2] : [0, 1, 1, 0]
[0, 1, 0, 0] * [1, 0, 1, 0] : [0, 1, 0, 1]
[0, 1, 0, 0] * [1, 0, 1, 1] : [0, 1, 2, 1]
[0, 1, 0, 0] * [1, 0, 1, 2] : [0, 1, 1, 1]
[0, 1, 0, 0] * [1, 0, 2, 0] : [0, 1, 0, 2]
[0, 1, 0, 0] * [1, 0, 2, 1] : [0, 1, 2, 2]
[0, 1, 0, 0] * [1, 0, 2, 2] : [0, 1, 1, 2]
[0, 1, 0, 0] * [1, 1, 0, 0] : [2, 1, 0, 0]
[0, 1, 0, 0] * [1, 1, 0, 1] : [2, 1, 2, 0]
[0, 1, 0, 0] * [1, 1, 0, 2] : [2, 1, 1, 0]
[0, 1, 0, 0] * [1, 1, 1, 0] : [2, 1, 0, 1]
[0, 1, 0, 0] * [1, 1, 1, 1] : [2, 1, 2, 1]
[0, 1, 0, 0] * [1, 1, 1, 2] : [2, 1, 1, 1]
[0, 1, 0, 0] * [1, 1, 2, 0] : [2, 1, 0, 2]
[0, 1, 0, 0] * [1, 1, 2, 1] : [2, 1, 2, 2]
[0, 1, 0, 0] * [1, 1, 2, 2] : [2, 1, 1, 2]
[0, 1, 0, 0] * [1, 2, 0, 0] : [1, 1, 0, 0]
[0, 1, 0, 0] * [1, 2, 0, 1] : [1, 1, 2, 0]
[0, 1, 0, 0] * [1, 2, 0, 2] : [1, 1, 1, 0]
[0, 1, 0, 0] * [1, 2, 1, 0] : [1, 1, 0, 1]
[0, 1, 0, 0] * [1, 2, 1, 1] : [1, 1, 2, 1]
[0, 1, 0, 0] * [1, 2, 1, 2] : [1, 1, 1, 1]
[0, 1, 0, 0] * [1, 2, 2, 0] : [1, 1, 0, 2]
[0, 1, 0, 0] * [1, 2, 2, 1] : [1, 1, 2, 2]
[0, 1, 0, 0] * [1, 2, 2, 2] : [1, 1, 1, 2]
[0, 1, 0, 0] * [2, 0, 0, 0] : [0, 2, 0, 0]
[0, 1, 0, 0] * [2, 0, 0, 1] : [0, 2, 2, 0]
[0, 1, 0, 0] * [2, 0, 0, 2] : [0, 2, 1, 0]
[0, 1, 0, 0] * [2, 0, 1, 0] : [0, 2, 0, 1]
[0, 1, 0, 0] * [2, 0, 1, 1] : [0, 2, 2, 1]
[0, 1, 0, 0] * [2, 0, 1, 2] : [0, 2, 1, 1]
[0, 1, 0, 0] * [2, 0, 2, 0] : [0, 2, 0, 2]
[0, 1, 0, 0] * [2, 0, 2, 1] : [0, 2, 2, 2]
[0, 1, 0, 0] * [2, 0, 2, 2] : [0, 2, 1, 2]
[0, 1, 0, 0] * [2, 1, 0, 0] : [2, 2, 0, 0]
[0, 1, 0, 0] * [2, 1, 0, 1] : [2, 2, 2, 0]
[0, 1, 0, 0] * [2, 1, 0, 2] : [2, 2, 1, 0]
[0, 1, 0, 0] * [2, 1, 1, 0] : [2, 2, 0, 1]
[0, 1, 0, 0] * [2, 1, 1, 1] : [2, 2, 2, 1]
[0, 1, 0, 0] * [2, 1, 1, 2] : [2, 2, 1, 1]
[0, 1, 0, 0] * [2, 1, 2, 0] : [2, 2, 0, 2]
[0, 1, 0, 0] * [2, 1, 2, 1] : [2, 2, 2, 2]
[0, 1, 0, 0] * [2, 1, 2, 2] : [2, 2, 1, 2]
[0, 1, 0, 0] * [2, 2, 0, 0] : [1, 2, 0, 0]
[0, 1, 0, 0] * [2, 2, 0, 1] : [1, 2, 2, 0]
[0, 1, 0, 0] * [2, 2, 0, 2] : [1, 2, 1, 0]
[0, 1, 0, 0] * [2, 2, 1, 0] : [1, 2, 0, 1]
[0, 1, 0, 0] * [2, 2, 1, 1] : [1, 2, 2, 1]
[0, 1, 0, 0] * [2, 2, 1, 2] : [1, 2, 1, 1]
[0, 1, 0, 0] * [2, 2, 2, 0] : [1, 2, 0, 2]
[0, 1, 0, 0] * [2, 2, 2, 1] : [1, 2, 2, 2]
[0, 1, 0, 0] * [2, 2, 2, 2] : [1, 2, 1, 2]
[0, 1, 0, 1] * [0, 0, 0, 0] : [0, 0, 0, 0]
[0, 1, 0, 1] * [0, 0, 0, 1] : [2, 0, 2, 0]
[0, 1, 0, 1] * [0, 0, 0, 2] : [1, 0, 1, 0]
[0, 1, 0, 1] * [0, 0, 1, 0] : [0, 2, 0, 1]
[0, 1, 0, 1] * [0, 0, 1, 1] : [2, 2, 2, 1]
[0, 1, 0, 1] * [0, 0, 1, 2] : [1, 2, 1, 1]
[0, 1, 0, 1] * [0, 0, 2, 0] : [0, 1, 0, 2]
[0, 1, 0, 1] * [0, 0, 2, 1] : [2, 1, 2, 2]
[0, 1, 0, 1] * [0, 0, 2, 2] : [1, 1, 1, 2]
[0, 1, 0, 1] * [0, 1, 0, 0] : [2, 0, 1, 0]
[0, 1, 0, 1] * [0, 1, 0, 1] : [1, 0, 0, 0]
[0, 1, 0, 1] * [0, 1, 0, 2] : [0, 0, 2, 0]
[0, 1, 0, 1] * [0, 1, 1, 0] : [2, 2, 1, 1]
[0, 1, 0, 1] * [0, 1, 1, 1] : [1, 2, 0, 1]
[0, 1, 0, 1] * [0, 1, 1, 2] : [0, 2, 2, 1]
[0, 1, 0, 1] * [0, 1, 2, 0] : [2, 1, 1, 2]
[0, 1, 0, 1] * [0, 1, 2, 1] : [1, 1, 0, 2]
[0, 1, 0, 1] * [0, 1, 2, 2] : [0, 1, 2, 2]
[0, 1, 0, 1] * [0, 2, 0, 0] : [1, 0, 2, 0]
[0, 1, 0, 1] * [0, 2, 0, 1] : [0, 0, 1, 0]
[0, 1, 0, 1] * [0, 2, 0, 2] : [2, 0, 0, 0]
[0, 1, 0, 1] * [0, 2, 1, 0] : [1, 2, 2, 1]
[0, 1, 0, 1] * [0, 2, 1, 1] : [0, 2, 1, 1]
[0, 1, 0, 1] * [0, 2, 1, 2] : [2, 2, 0, 1]
[0, 1, 0, 1] * [0, 2, 2, 0] : [1, 1, 2, 2]
[0, 1, 0, 1] * [0, 2, 2, 1] : [0, 1, 1, 2]
[0, 1, 0, 1] * [0, 2, 2, 2] : [2, 1, 0, 2]
[0, 1, 0, 1] * [1, 0, 0, 0] : [0, 1, 0, 1]
[0, 1, 0, 1] * [1, 0, 0, 1] : [2, 1, 2, 1]
[0, 1, 0, 1] * [1, 0, 0, 2] : [1, 1, 1, 1]
[0, 1, 0, 1] * [1, 0, 1, 0] : [0, 0, 0, 2]
[0, 1, 0, 1] * [1, 0, 1, 1] : [2, 0, 2, 2]
[0, 1, 0, 1] * [1, 0, 1, 2] : [1, 0, 1, 2]
[0, 1, 0, 1] * [1, 0, 2, 0] : [0, 2, 0, 0]
[0, 1, 0, 1] * [1, 0, 2, 1] : [2, 2, 2, 0]
[0, 1, 0, 1] * [1, 0, 2, 2] : [1, 2, 1, 0]
[0, 1, 0, 1] * [1, 1, 0, 0] : [2, 1, 1, 1]
[0, 1, 0, 1] * [1, 1, 0, 1] : [1, 1, 0, 1]
[0, 1, 0, 1] * [1, 1, 0, 2] : [0, 1, 2, 1]
[0, 1, 0, 1] * [1, 1, 1, 0] : [2, 0, 1, 2]
[0, 1, 0, 1] * [1, 1, 1, 1] : [1, 0, 0, 2]
[0, 1, 0, 1] * [1, 1, 1, 2] : [0, 0, 2, 2]
[0, 1, 0, 1] * [1, 1, 2, 0] : [2, 2, 1, 0]
[0, 1, 0, 1] * [1, 1, 2, 1] : [1, 2, 0, 0]
[0, 1, 0, 1] * [1, 1, 2, 2] : [0, 2, 2, 0]
[0, 1, 0, 1] * [1, 2, 0, 0] : [1, 1, 2, 1]
[0, 1, 0, 1] * [1, 2, 0, 1] : [0, 1, 1, 1]
[0, 1, 0, 1] * [1, 2, 0, 2] : [2, 1, 0, 1]
[0, 1, 0, 1] * [1, 2, 1, 0] : [1, 0, 2, 2]
[0, 1, 0, 1] * [1, 2, 1, 1] : [0, 0, 1, 2]
[0, 1, 0, 1] * [1, 2, 1, 2] : [2, 0, 0, 2]
[0, 1, 0, 1] * [1, 2, 2, 0] : [1, 2, 2, 0]
[0, 1, 0, 1] * [1, 2, 2, 1] : [0, 2, 1, 0]
[0, 1, 0, 1] * [1, 2, 2, 2] : [2, 2, 0, 0]
[0, 1, 0, 1] * [2, 0, 0, 0] : [0, 2, 0, 2]
[0, 1, 0, 1] * [2, 0, 0, 1] : [2, 2, 2, 2]
[0, 1, 0, 1] * [2, 0, 0, 2] : [1, 2, 1, 2]
[0, 1, 0, 1] * [2, 0, 1, 0] : [0, 1, 0, 0]
[0, 1, 0, 1] * [2, 0, 1, 1] : [2, 1, 2, 0]
[0, 1, 0, 1] * [2, 0, 1, 2] : [1, 1, 1, 0]
[0, 1, 0, 1] * [2, 0, 2, 0] : [0, 0, 0, 1]
[0, 1, 0, 1] * [2, 0, 2, 1] : [2, 0, 2, 1]
[0, 1, 0, 1] * [2, 0, 2, 2] : [1, 0, 1, 1]
[0, 1, 0, 1] * [2, 1, 0, 0] : [2, 2, 1, 2]
[0, 1, 0, 1] * [2, 1, 0, 1] : [1, 2, 0, 2]
[0, 1, 0, 1] * [2, 1, 0, 2] : [0, 2, 2, 2]
[0, 1, 0, 1] * [2, 1, 1, 0] : [2, 1, 1, 0]
[0, 1, 0, 1] * [2, 1, 1, 1] : [1, 1, 0, 0]
[0, 1, 0, 1] * [2, 1, 1, 2] : [0, 1, 2, 0]
[0, 1, 0, 1] * [2, 1, 2, 0] : [2, 0, 1, 1]
[0, 1, 0, 1] * [2, 1, 2, 1] : [1, 0, 0, 1]
[0, 1, 0, 1] * [2, 1, 2, 2] : [0, 0, 2, 1]
[0, 1, 0, 1] * [2, 2, 0, 0] : [1, 2, 2, 2]
[0, 1, 0, 1] * [2, 2, 0, 1] : [0, 2, 1, 2]
[0, 1, 0, 1] * [2, 2, 0, 2] : [2, 2, 0, 2]
[0, 1, 0, 1] * [2, 2, 1, 0] : [1, 1, 2, 0]
[0, 1, 0, 1] * [2, 2, 1, 1] : [0, 1, 1, 0]
[0, 1, 0, 1] * [2, 2, 1, 2] : [2, 1, 0, 0]
[0, 1, 0, 1] * [2, 2, 2, 0] : [1, 0, 2, 1]
[0, 1, 0, 1] * [2, 2, 2, 1] : [0, 0, 1, 1]
[0, 1, 0, 1] * [2, 2, 2, 2] : [2, 0, 0, 1]
[0, 1, 0, 2] * [0, 0, 0, 0] : [0, 0, 0, 0]
[0, 1, 0, 2] * [0, 0, 0, 1] : [1, 0, 2, 0]
[0, 1, 0, 2] * [0, 0, 0, 2] : [2, 0, 1, 0]
[0, 1, 0, 2] * [0, 0, 1, 0] : [0, 1, 0, 1]
[0, 1, 0, 2] * [0, 0, 1, 1] : [1, 1, 2, 1]
[0, 1, 0, 2] * [0, 0, 1, 2] : [2, 1, 1, 1]
[0, 1, 0, 2] * [0, 0, 2, 0] : [0, 2, 0, 2]
[0, 1, 0, 2] * [0, 0, 2, 1] : [1, 2, 2, 2]
[0, 1, 0, 2] * [0, 0, 2, 2] : [2, 2, 1, 2]
[0, 1, 0, 2] * [0, 1, 0, 0] : [2, 0, 2, 0]
[0, 1, 0, 2] * [0, 1, 0, 1] : [0, 0, 1, 0]
[0, 1, 0, 2] * [0, 1, 0, 2] : [1, 0, 0, 0]
[0, 1, 0, 2] * [0, 1, 1, 0] : [2, 1, 2, 1]
[0, 1, 0, 2] * [0, 1, 1, 1] : [0, 1, 1, 1]
[0, 1, 0, 2] * [0, 1, 1, 2] : [1, 1, 0, 1]
[0, 1, 0, 2] * [0, 1, 2, 0] : [2, 2, 2, 2]
[0, 1, 0, 2] * [0, 1, 2, 1] : [0, 2, 1, 2]
[0, 1, 0, 2] * [0, 1, 2, 2] : [1, 2, 0, 2]
[0, 1, 0, 2] * [0, 2, 0, 0] : [1, 0, 1, 0]
[0, 1, 0, 2] * [0, 2, 0, 1] : [2, 0, 0, 0]
[0, 1, 0, 2] * [0, 2, 0, 2] : [0, 0, 2, 0]
[0, 1, 0, 2] * [0, 2, 1, 0] : [1, 1, 1, 1]
[0, 1, 0, 2] * [0, 2, 1, 1] : [2, 1, 0, 1]
[0, 1, 0, 2] * [0, 2, 1, 2] : [0, 1, 2, 1]
[0, 1, 0, 2] * [0, 2, 2, 0] : [1, 2, 1, 2]
[0, 1, 0, 2] * [0, 2, 2, 1] : [2, 2, 0, 2]
[0, 1, 0, 2] * [0, 2, 2, 2] : [0, 2, 2, 2]
[0, 1, 0, 2] * [1, 0, 0, 0] : [0, 1, 0, 2]
[0, 1, 0, 2] * [1, 0, 0, 1] : [1, 1, 2, 2]
[0, 1, 0, 2] * [1, 0, 0, 2] : [2, 1, 1, 2]
[0, 1, 0, 2] * [1, 0, 1, 0] : [0, 2, 0, 0]
[0, 1, 0, 2] * [1, 0, 1, 1] : [1, 2, 2, 0]
[0, 1, 0, 2] * [1, 0, 1, 2] : [2, 2, 1, 0]
[0, 1, 0, 2] * [1, 0, 2, 0] : [0, 0, 0, 1]
[0, 1, 0, 2] * [1, 0, 2, 1] : [1, 0, 2, 1]
[0, 1, 0, 2] * [1, 0, 2, 2] : [2, 0, 1, 1]
[0, 1, 0, 2] * [1, 1, 0, 0] : [2, 1, 2, 2]
[0, 1, 0, 2] * [1, 1, 0, 1] : [0, 1, 1, 2]
[0, 1, 0, 2] * [1, 1, 0, 2] : [1, 1, 0, 2]
[0, 1, 0, 2] * [1, 1, 1, 0] : [2, 2, 2, 0]
[0, 1, 0, 2] * [1, 1, 1, 1] : [0, 2, 1, 0]
[0, 1, 0, 2] * [1, 1, 1, 2] : [1, 2, 0, 0]
[0, 1, 0, 2] * [1, 1, 2, 0] : [2, 0, 2, 1]
[0, 1, 0, 2] * [1, 1, 2, 1] : [0, 0, 1, 1]
[0, 1, 0, 2] * [1, 1, 2, 2] : [1, 0, 0, 1]
[0, 1, 0, 2] * [1, 2, 0, 0] : [1, 1, 1, 2]
[0, 1, 0, 2] * [1, 2, 0, 1] : [2, 1, 0, 2]
[0, 1, 0, 2] * [1, 2, 0, 2] : [0, 1, 2, 2]
[0, 1, 0, 2] * [1, 2, 1, 0] : [1, 2, 1, 0]
[0, 1, 0, 2] * [1, 2, 1, 1] : [2, 2, 0, 0]
[0, 1, 0, 2] * [1, 2, 1, 2] : [0, 2, 2, 0]
[0, 1, 0, 2] * [1, 2, 2, 0] : [1, 0, 1, 1]
[0, 1, 0, 2] * [1, 2, 2, 1] : [2, 0, 0, 1]
[0, 1, 0, 2] * [1, 2, 2, 2] : [0, 0, 2, 1]
[0, 1, 0, 2] * [2, 0, 0, 0] : [0, 2, 0, 1]
[0, 1, 0, 2] * [2, 0, 0, 1] : [1, 2, 2, 1]
[0, 1, 0, 2] * [2, 0, 0, 2] : [2, 2, 1, 1]
[0, 1, 0, 2] * [2, 0, 1, 0] : [0, 0, 0, 2]
[0, 1, 0, 2] * [2, 0, 1, 1] : [1, 0, 2, 2]
[0, 1, 0, 2] * [2, 0, 1, 2] : [2, 0, 1, 2]
[0, 1, 0, 2] * [2, 0, 2, 0] : [0, 1, 0, 0]
[0, 1, 0, 2] * [2, 0, 2, 1] : [1, 1, 2, 0]
[0, 1, 0, 2] * [2, 0, 2, 2] : [2, 1, 1, 0]
[0, 1, 0, 2] * [2, 1, 0, 0] : [2, 2, 2, 1]
[0, 1, 0, 2] * [2, 1, 0, 1] : [0, 2, 1, 1]
[0, 1, 0, 2] * [2, 1, 0, 2] : [1, 2, 0, 1]
[0, 1, 0, 2] * [2, 1, 1, 0] : [2, 0, 2, 2]
[0, 1, 0, 2] * [2, 1, 1, 1] : [0, 0, 1, 2]
[0, 1, 0, 2] * [2, 1, 1, 2] : [1, 0, 0, 2]
[0, 1, 0, 2] * [2, 1, 2, 0] : [2, 1, 2, 0]
[0, 1, 0, 2] * [2, 1, 2, 1] : [0, 1, 1, 0]
[0, 1, 0, 2] * [2, 1, 2, 2] : [1, 1, 0, 0]
[0, 1, 0, 2] * [2, 2, 0, 0] : [1, 2, 1, 1]
[0, 1, 0, 2] * [2, 2, 0, 1] : [2, 2, 0, 1]
[0, 1, 0, 2] * [2, 2, 0, 2] : [0, 2, 2, 1]
[0, 1, 0, 2] * [2, 2, 1, 0] : [1, 0, 1, 2]
[0, 1, 0, 2] * [2, 2, 1, 1] : [2, 0, 0, 2]
[0, 1, 0, 2] * [2, 2, 1, 2] : [0, 0, 2, 2]
[0, 1, 0, 2] * [2, 2, 2, 0] : [1, 1, 1, 0]
[0, 1, 0, 2] * [2, 2, 2, 1] : [2, 1, 0, 0]
[0, 1, 0, 2] * [2, 2, 2, 2] : [0, 1, 2, 0]
[0, 1, 1, 0] * [0, 0, 0, 0] : [0, 0, 0, 0]
[0, 1, 1, 0] * [0, 0, 0, 1] : [0, 1, 2, 0]
[0, 1, 1, 0] * [0, 0, 0, 2] : [0, 2, 1, 0]
[0, 1, 1, 0] * [0, 0, 1, 0] : [2, 0, 0, 1]
[0, 1, 1, 0] * [0, 0, 1, 1] : [2, 1, 2, 1]
[0, 1, 1, 0] * [0, 0, 1, 2] : [2, 2, 1, 1]
[0, 1, 1, 0] * [0, 0, 2, 0] : [1, 0, 0, 2]
[0, 1, 1, 0] * [0, 0, 2, 1] : [1, 1, 2, 2]
[0, 1, 1, 0] * [0, 0, 2, 2] : [1, 2, 1, 2]
[0, 1, 1, 0] * [0, 1, 0, 0] : [2, 0, 0, 2]
[0, 1, 1, 0] * [0, 1, 0, 1] : [2, 1, 2, 2]
[0, 1, 1, 0] * [0, 1, 0, 2] : [2, 2, 1, 2]
[0, 1, 1, 0] * [0, 1, 1, 0] : [1, 0, 0, 0]
[0, 1, 1, 0] * [0, 1, 1, 1] : [1, 1, 2, 0]
[0, 1, 1, 0] * [0, 1, 1, 2] : [1, 2, 1, 0]
[0, 1, 1, 0] * [0, 1, 2, 0] : [0, 0, 0, 1]
[0, 1, 1, 0] * [0, 1, 2, 1] : [0, 1, 2, 1]
[0, 1, 1, 0] * [0, 1, 2, 2] : [0, 2, 1, 1]
[0, 1, 1, 0] * [0, 2, 0, 0] : [1, 0, 0, 1]
[0, 1, 1, 0] * [0, 2, 0, 1] : [1, 1, 2, 1]
[0, 1, 1, 0] * [0, 2, 0, 2] : [1, 2, 1, 1]
[0, 1, 1, 0] * [0, 2, 1, 0] : [0, 0, 0, 2]
[0, 1, 1, 0] * [0, 2, 1, 1] : [0, 1, 2, 2]
[0, 1, 1, 0] * [0, 2, 1, 2] : [0, 2, 1, 2]
[0, 1, 1, 0] * [0, 2, 2, 0] : [2, 0, 0, 0]
[0, 1, 1, 0] * [0, 2, 2, 1] : [2, 1, 2, 0]
[0, 1, 1, 0] * [0, 2, 2, 2] : [2, 2, 1, 0]
[0, 1, 1, 0] * [1, 0, 0, 0] : [0, 1, 1, 0]
[0, 1, 1, 0] * [1, 0, 0, 1] : [0, 2, 0, 0]
[0, 1, 1, 0] * [1, 0, 0, 2] : [0, 0, 2, 0]
[0, 1, 1, 0] * [1, 0, 1, 0] : [2, 1, 1, 1]
[0, 1, 1, 0] * [1, 0, 1, 1] : [2, 2, 0, 1]
[0, 1, 1, 0] * [1, 0, 1, 2] : [2, 0, 2, 1]
[0, 1, 1, 0] * [1, 0, 2, 0] : [1, 1, 1, 2]
[0, 1, 1, 0] * [1, 0, 2, 1] : [1, 2, 0, 2]
[0, 1, 1, 0] * [1, 0, 2, 2] : [1, 0, 2, 2]
[0, 1, 1, 0] * [1, 1, 0, 0] : [2, 1, 1, 2]
[0, 1, 1, 0] * [1, 1, 0, 1] : [2, 2, 0, 2]
[0, 1, 1, 0] * [1, 1, 0, 2] : [2, 0, 2, 2]
[0, 1, 1, 0] * [1, 1, 1, 0] : [1, 1, 1, 0]
[0, 1, 1, 0] * [1, 1, 1, 1] : [1, 2, 0, 0]
[0, 1, 1, 0] * [1, 1, 1, 2] : [1, 0, 2, 0]
[0, 1, 1, 0] * [1, 1, 2, 0] : [0, 1, 1, 1]
[0, 1, 1, 0] * [1, 1, 2, 1] : [0, 2, 0, 1]
[0, 1, 1, 0] * [1, 1, 2, 2] : [0, 0, 2, 1]
[0, 1, 1, 0] * [1, 2, 0, 0] : [1, 1, 1, 1]
[0, 1, 1, 0] * [1, 2, 0, 1] : [1, 2, 0, 1]
[0, 1, 1, 0] * [1, 2, 0, 2] : [1, 0, 2, 1]
[0, 1, 1, 0] * [1, 2, 1, 0] : [0, 1, 1, 2]
[0, 1, 1, 0] * [1, 2, 1, 1] : [0, 2, 0, 2]
[0, 1, 1, 0] * [1, 2, 1, 2] : [0, 0, 2, 2]
[0, 1, 1, 0] * [1, 2, 2, 0] : [2, 1, 1, 0]
[0, 1, 1, 0] * [1, 2, 2, 1] : [2, 2, 0, 0]
[0, 1, 1, 0] * [1, 2, 2, 2] : [2, 0, 2, 0]
[0, 1, 1, 0] * [2, 0, 0, 0] : [0, 2, 2, 0]
[0, 1, 1, 0] * [2, 0, 0, 1] : [0, 0, 1, 0]
[0, 1, 1, 0] * [2, 0, 0, 2] : [0, 1, 0, 0]
[0, 1, 1, 0] * [2, 0, 1, 0] : [2, 2, 2, 1]
[0, 1, 1, 0] * [2, 0, 1, 1] : [2, 0, 1, 1]
[0, 1, 1, 0] * [2, 0, 1, 2] : [2, 1, 0, 1]
[0, 1, 1, 0] * [2, 0, 2, 0] : [1, 2, 2, 2]
[0, 1, 1, 0] * [2, 0, 2, 1] : [1, 0, 1, 2]
[0, 1, 1, 0] * [2, 0, 2, 2] : [1, 1, 0, 2]
[0, 1, 1, 0] * [2, 1, 0, 0] : [2, 2, 2, 2]
[0, 1, 1, 0] * [2, 1, 0, 1] : [2, 0, 1, 2]
[0, 1, 1, 0] * [2, 1, 0, 2] : [2, 1, 0, 2]
[0, 1, 1, 0] * [2, 1, 1, 0] : [1, 2, 2, 0]
[0, 1, 1, 0] * [2, 1, 1, 1] : [1, 0, 1, 0]
[0, 1, 1, 0] * [2, 1, 1, 2] : [1, 1, 0, 0]
[0, 1, 1, 0] * [2, 1, 2, 0] : [0, 2, 2, 1]
[0, 1, 1, 0] * [2, 1, 2, 1] : [0, 0, 1, 1]
[0, 1, 1, 0] * [2, 1, 2, 2] : [0, 1, 0, 1]
[0, 1, 1, 0] * [2, 2, 0, 0] : [1, 2, 2, 1]
[0, 1, 1, 0] * [2, 2, 0, 1] : [1, 0, 1, 1]
[0, 1, 1, 0] * [2, 2, 0, 2] : [1, 1, 0, 1]
[0, 1, 1, 0] * [2, 2, 1, 0] : [0, 2, 2, 2]
[0, 1, 1, 0] * [2, 2, 1, 1] : [0, 0, 1, 2]
[0, 1, 1, 0] * [2, 2, 1, 2] : [0, 1, 0, 2]
[0, 1, 1, 0] * [2, 2, 2, 0] : [2, 2, 2, 0]
[0, 1, 1, 0] * [2, 2, 2, 1] : [2, 0, 1, 0]
[0, 1, 1, 0] * [2, 2, 2, 2] : [2, 1, 0, 0]
[0, 1, 1, 1] * [0, 0, 0, 0] : [0, 0, 0, 0]
[0, 1, 1, 1] * [0, 0, 0, 1] : [2, 1, 2, 0]
[0, 1, 1, 1] * [0, 0, 0, 2] : [1, 2, 1, 0]
[0, 1, 1, 1] * [0, 0, 1, 0] : [2, 2, 0, 1]
[0, 1, 1, 1] * [0, 0, 1, 1] : [1, 0, 2, 1]
[0, 1, 1, 1] * [0, 0, 1, 2] : [0, 1, 1, 1]
[0, 1, 1, 1] * [0, 0, 2, 0] : [1, 1, 0, 2]
[0, 1, 1, 1] * [0, 0, 2, 1] : [0, 2, 2, 2]
[0, 1, 1, 1] * [0, 0, 2, 2] : [2, 0, 1, 2]
[0, 1, 1, 1] * [0, 1, 0, 0] : [2, 0, 1, 2]
[0, 1, 1, 1] * [0, 1, 0, 1] : [1, 1, 0, 2]
[0, 1, 1, 1] * [0, 1, 0, 2] : [0, 2, 2, 2]
[0, 1, 1, 1] * [0, 1, 1, 0] : [1, 2, 1, 0]
[0, 1, 1, 1] * [0, 1, 1, 1] : [0, 0, 0, 0]
[0, 1, 1, 1] * [0, 1, 1, 2] : [2, 1, 2, 0]
[0, 1, 1, 1] * [0, 1, 2, 0] : [0, 1, 1, 1]
[0, 1, 1, 1] * [0, 1, 2, 1] : [2, 2, 0, 1]
[0, 1, 1, 1] * [0, 1, 2, 2] : [1, 0, 2, 1]
[0, 1, 1, 1] * [0, 2, 0, 0] : [1, 0, 2, 1]
[0, 1, 1, 1] * [0, 2, 0, 1] : [0, 1, 1, 1]
[0, 1, 1, 1] * [0, 2, 0, 2] : [2, 2, 0, 1]
[0, 1, 1, 1] * [0, 2, 1, 0] : [0, 2, 2, 2]
[0, 1, 1, 1] * [0, 2, 1, 1] : [2, 0, 1, 2]
[0, 1, 1, 1] * [0, 2, 1, 2] : [1, 1, 0, 2]
[0, 1, 1, 1] * [0, 2, 2, 0] : [2, 1, 2, 0]
[0, 1, 1, 1] * [0, 2, 2, 1] : [1, 2, 1, 0]
[0, 1, 1, 1] * [0, 2, 2, 2] : [0, 0, 0, 0]
[0, 1, 1, 1] * [1, 0, 0, 0] : [0, 1, 1, 1]
[0, 1, 1, 1] * [1, 0, 0, 1] : [2, 2, 0, 1]
[0, 1, 1, 1] * [1, 0, 0, 2] : [1, 0, 2, 1]
[0, 1, 1, 1] * [1, 0, 1, 0] : [2, 0, 1, 2]
[0, 1, 1, 1] * [1, 0, 1, 1] : [1, 1, 0, 2]
[0, 1, 1, 1] * [1, 0, 1, 2] : [0, 2, 2, 2]
[0, 1, 1, 1] * [1, 0, 2, 0] : [1, 2, 1, 0]
[0, 1, 1, 1] * [1, 0, 2, 1] : [0, 0, 0, 0]
[0, 1, 1, 1] * [1, 0, 2, 2] : [2, 1, 2, 0]
[0, 1, 1, 1] * [1, 1, 0, 0] : [2, 1, 2, 0]
[0, 1, 1, 1] * [1, 1, 0, 1] : [1, 2, 1, 0]
[0, 1, 1, 1] * [1, 1, 0, 2] : [0, 0, 0, 0]
[0, 1, 1, 1] * [1, 1, 1, 0] : [1, 0, 2, 1]
[0, 1, 1, 1] * [1, 1, 1, 1] : [0, 1, 1, 1]
[0, 1, 1, 1] * [1, 1, 1, 2] : [2, 2, 0, 1]
[0, 1, 1, 1] * [1, 1, 2, 0] : [0, 2, 2, 2]
[0, 1, 1, 1] * [1, 1, 2, 1] : [2, 0, 1, 2]
[0, 1, 1, 1] * [1, 1, 2, 2] : [1, 1, 0, 2]
[0, 1, 1, 1] * [1, 2, 0, 0] : [1, 1, 0, 2]
[0, 1, 1, 1] * [1, 2, 0, 1] : [0, 2, 2, 2]
[0, 1, 1, 1] * [1, 2, 0, 2] : [2, 0, 1, 2]
[0, 1, 1, 1] * [1, 2, 1, 0] : [0, 0, 0, 0]
[0, 1, 1, 1] * [1, 2, 1, 1] : [2, 1, 2, 0]
[0, 1, 1, 1] * [1, 2, 1, 2] : [1, 2, 1, 0]
[0, 1, 1, 1] * [1, 2, 2, 0] : [2, 2, 0, 1]
[0, 1, 1, 1] * [1, 2, 2, 1] : [1, 0, 2, 1]
[0, 1, 1, 1] * [1, 2, 2, 2] : [0, 1, 1, 1]
[0, 1, 1, 1] * [2, 0, 0, 0] : [0, 2, 2, 2]
[0, 1, 1, 1] * [2, 0, 0, 1] : [2, 0, 1, 2]
[0, 1, 1, 1] * [2, 0, 0, 2] : [1, 1, 0, 2]
[0, 1, 1, 1] * [2, 0, 1, 0] : [2, 1, 2, 0]
[0, 1, 1, 1] * [2, 0, 1, 1] : [1, 2, 1, 0]
[0, 1, 1, 1] * [2, 0, 1, 2] : [0, 0, 0, 0]
[0, 1, 1, 1] * [2, 0, 2, 0] : [1, 0, 2, 1]
[0, 1, 1, 1] * [2, 0, 2, 1] : [0, 1, 1, 1]
[0, 1, 1, 1] * [2, 0, 2, 2] : [2, 2, 0, 1]
[0, 1, 1, 1] * [2, 1, 0, 0] : [2, 2, 0, 1]
[0, 1, 1, 1] * [2, 1, 0, 1] : [1, 0, 2, 1]
[0, 1, 1, 1] * [2, 1, 0, 2] : [0, 1, 1, 1]
[0, 1, 1, 1] * [2, 1, 1, 0] : [1, 1, 0, 2]
[0, 1, 1, 1] * [2, 1, 1, 1] : [0, 2, 2, 2]
[0, 1, 1, 1] * [2, 1, 1, 2] : [2, 0, 1, 2]
[0, 1, 1, 1] * [2, 1, 2, 0] : [0, 0, 0, 0]
[0, 1, 1, 1] * [2, 1, 2, 1] : [2, 1, 2, 0]
[0, 1, 1, 1] * [2, 1, 2, 2] : [1, 2, 1, 0]
[0, 1, 1, 1] * [2, 2, 0, 0] : [1, 2, 1, 0]
[0, 1, 1, 1] * [2, 2, 0, 1] : [0, 0, 0, 0]
[0, 1, 1, 1] * [2, 2, 0, 2] : [2, 1, 2, 0]
[0, 1, 1, 1] * [2, 2, 1, 0] : [0, 1, 1, 1]
[0, 1, 1, 1] * [2, 2, 1, 1] : [2, 2, 0, 1]
[0, 1, 1, 1] * [2, 2, 1, 2] : [1, 0, 2, 1]
[0, 1, 1, 1] * [2, 2, 2, 0] : [2, 0, 1, 2]
[0, 1, 1, 1] * [2, 2, 2, 1] : [1, 1, 0, 2]
[0, 1, 1, 1] * [2, 2, 2, 2] : [0, 2, 2, 2]
[0, 1, 1, 2] * [0, 0, 0, 0] : [0, 0, 0, 0]
[0, 1, 1, 2] * [0, 0, 0, 1] : [1, 1, 2, 0]
[0, 1, 1, 2] * [0, 0, 0, 2] : [2, 2, 1, 0]
[0, 1, 1, 2] * [0, 0, 1, 0] : [2, 1, 0, 1]
[0, 1, 1, 2] * [0, 0, 1, 1] : [0, 2, 2, 1]
[0, 1, 1, 2] * [0, 0, 1, 2] : [1, 0, 1, 1]
[0, 1, 1, 2] * [0, 0, 2, 0] : [1, 2, 0, 2]
[0, 1, 1, 2] * [0, 0, 2, 1] : [2, 0, 2, 2]
[0, 1, 1, 2] * [0, 0, 2, 2] : [0, 1, 1, 2]
[0, 1, 1, 2] * [0, 1, 0, 0] : [2, 0, 2, 2]
[0, 1, 1, 2] * [0, 1, 0, 1] : [0, 1, 1, 2]
[0, 1, 1, 2] * [0, 1, 0, 2] : [1, 2, 0, 2]
[0, 1, 1, 2] * [0, 1, 1, 0] : [1, 1, 2, 0]
[0, 1, 1, 2] * [0, 1, 1, 1] : [2, 2, 1, 0]
[0, 1, 1, 2] * [0, 1, 1, 2] : [0, 0, 0, 0]
[0, 1, 1, 2] * [0, 1, 2, 0] : [0, 2, 2, 1]
[0, 1, 1, 2] * [0, 1, 2, 1] : [1, 0, 1, 1]
[0, 1, 1, 2] * [0, 1, 2, 2] : [2, 1, 0, 1]
[0, 1, 1, 2] * [0, 2, 0, 0] : [1, 0, 1, 1]
[0, 1, 1, 2] * [0, 2, 0, 1] : [2, 1, 0, 1]
[0, 1, 1, 2] * [0, 2, 0, 2] : [0, 2, 2, 1]
[0, 1, 1, 2] * [0, 2, 1, 0] : [0, 1, 1, 2]
[0, 1, 1, 2] * [0, 2, 1, 1] : [1, 2, 0, 2]
[0, 1, 1, 2] * [0, 2, 1, 2] : [2, 0, 2, 2]
[0, 1, 1, 2] * [0, 2, 2, 0] : [2, 2, 1, 0]
[0, 1, 1, 2] * [0, 2, 2, 1] : [0, 0, 0, 0]
[0, 1, 1, 2] * [0, 2, 2, 2] : [1, 1, 2, 0]
[0, 1, 1, 2] * [1, 0, 0, 0] : [0, 1, 1, 2]
[0, 1, 1, 2] * [1, 0, 0, 1] : [1, 2, 0, 2]
[0, 1, 1, 2] * [1, 0, 0, 2] : [2, 0, 2, 2]
[0, 1, 1, 2] * [1, 0, 1, 0] : [2, 2, 1, 0]
[0, 1, 1, 2] * [1, 0, 1, 1] : [0, 0, 0, 0]
[0, 1, 1, 2] * [1, 0, 1, 2] : [1, 1, 2, 0]
[0, 1, 1, 2] * [1, 0, 2, 0] : [1, 0, 1, 1]
[0, 1, 1, 2] * [1, 0, 2, 1] : [2, 1, 0, 1]
[0, 1, 1, 2] * [1, 0, 2, 2] : [0, 2, 2, 1]
[0, 1, 1, 2] * [1, 1, 0, 0] : [2, 1, 0, 1]
[0, 1, 1, 2] * [1, 1, 0, 1] : [0, 2, 2, 1]
[0, 1, 1, 2] * [1, 1, 0, 2] : [1, 0, 1, 1]
[0, 1, 1, 2] * [1, 1, 1, 0] : [1, 2, 0, 2]
[0, 1, 1, 2] * [1, 1, 1, 1] : [2, 0, 2, 2]
[0, 1, 1, 2] * [1, 1, 1, 2] : [0, 1, 1, 2]
[0, 1, 1, 2] * [1, 1, 2, 0] : [0, 0, 0, 0]
[0, 1, 1, 2] * [1, 1, 2, 1] : [1, 1, 2, 0]
[0, 1, 1, 2] * [1, 1, 2, 2] : [2, 2, 1, 0]
[0, 1, 1, 2] * [1, 2, 0, 0] : [1, 1, 2, 0]
[0, 1, 1, 2] * [1, 2, 0, 1] : [2, 2, 1, 0]
[0, 1, 1, 2] * [1, 2, 0, 2] : [0, 0, 0, 0]
[0, 1, 1, 2] * [1, 2, 1, 0] : [0, 2, 2, 1]
[0, 1, 1, 2] * [1, 2, 1, 1] : [1, 0, 1, 1]
[0, 1, 1, 2] * [1, 2, 1, 2] : [2, 1, 0, 1]
[0, 1, 1, 2] * [1, 2, 2, 0] : [2, 0, 2, 2]
[0, 1, 1, 2] * [1, 2, 2, 1] : [0, 1, 1, 2]
[0, 1, 1, 2] * [1, 2, 2, 2] : [1, 2, 0, 2]
[0, 1, 1, 2] * [2, 0, 0, 0] : [0, 2, 2, 1]
[0, 1, 1, 2] * [2, 0, 0, 1] : [1, 0, 1, 1]
[0, 1, 1, 2] * [2, 0, 0, 2] : [2, 1, 0, 1]
[0, 1, 1, 2] * [2, 0, 1, 0] : [2, 0, 2, 2]
[0, 1, 1, 2] * [2, 0, 1, 1] : [0, 1, 1, 2]
[0, 1, 1, 2] * [2, 0, 1, 2] : [1, 2, 0, 2]
[0, 1, 1, 2] * [2, 0, 2, 0] : [1, 1, 2, 0]
[0, 1, 1, 2] * [2, 0, 2, 1] : [2, 2, 1, 0]
[0, 1, 1, 2] * [2, 0, 2, 2] : [0, 0, 0, 0]
[0, 1, 1, 2] * [2, 1, 0, 0] : [2, 2, 1, 0]
[0, 1, 1, 2] * [2, 1, 0, 1] : [0, 0, 0, 0]
[0, 1, 1, 2] * [2, 1, 0, 2] : [1, 1, 2, 0]
[0, 1, 1, 2] * [2, 1, 1, 0] : [1, 0, 1, 1]
[0, 1, 1, 2] * [2, 1, 1, 1] : [2, 1, 0, 1]
[0, 1, 1, 2] * [2, 1, 1, 2] : [0, 2, 2, 1]
[0, 1, 1, 2] * [2, 1, 2, 0] : [0, 1, 1, 2]
[0, 1, 1, 2] * [2, 1, 2, 1] : [1, 2, 0, 2]
[0, 1, 1, 2] * [2, 1, 2, 2] : [2, 0, 2, 2]
[0, 1, 1, 2] * [2, 2, 0, 0] : [1, 2, 0, 2]
[0, 1, 1, 2] * [2, 2, 0, 1] : [2, 0, 2, 2]
[0, 1, 1, 2] * [2, 2, 0, 2] : [0, 1, 1, 2]
[0, 1, 1, 2] * [2, 2, 1, 0] : [0, 0, 0, 0]
[0, 1, 1, 2] * [2, 2, 1, 1] : [1, 1, 2, 0]
[0, 1, 1, 2] * [2, 2, 1, 2] : [2, 2, 1, 0]
[0, 1, 1, 2] * [2, 2, 2, 0] : [2, 1, 0, 1]
[0, 1, 1, 2] * [2, 2, 2, 1] : [0, 2, 2, 1]
[0, 1, 1, 2] * [2, 2, 2, 2] : [1, 0, 1, 1]
[0, 1, 2, 0] * [0, 0, 0, 0] : [0, 0, 0, 0]
[0, 1, 2, 0] * [0, 0, 0, 1] : [0, 2, 2, 0]
[0, 1, 2, 0] * [0, 0, 0, 2] : [0, 1, 1, 0]
[0, 1, 2, 0] * [0, 0, 1, 0] : [1, 0, 0, 1]
[0, 1, 2, 0] * [0, 0, 1, 1] : [1, 2, 2, 1]
[0, 1, 2, 0] * [0, 0, 1, 2] : [1, 1, 1, 1]
[0, 1, 2, 0] * [0, 0, 2, 0] : [2, 0, 0, 2]
[0, 1, 2, 0] * [0, 0, 2, 1] : [2, 2, 2, 2]
[0, 1, 2, 0] * [0, 0, 2, 2] : [2, 1, 1, 2]
[0, 1, 2, 0] * [0, 1, 0, 0] : [2, 0, 0, 1]
[0, 1, 2, 0] * [0, 1, 0, 1] : [2, 2, 2, 1]
[0, 1, 2, 0] * [0, 1, 0, 2] : [2, 1, 1, 1]
[0, 1, 2, 0] * [0, 1, 1, 0] : [0, 0, 0, 2]
[0, 1, 2, 0] * [0, 1, 1, 1] : [0, 2, 2, 2]
[0, 1, 2, 0] * [0, 1, 1, 2] : [0, 1, 1, 2]
[0, 1, 2, 0] * [0, 1, 2, 0] : [1, 0, 0, 0]
[0, 1, 2, 0] * [0, 1, 2, 1] : [1, 2, 2, 0]
[0, 1, 2, 0] * [0, 1, 2, 2] : [1, 1, 1, 0]
[0, 1, 2, 0] * [0, 2, 0, 0] : [1, 0, 0, 2]
[0, 1, 2, 0] * [0, 2, 0, 1] : [1, 2, 2, 2]
[0, 1, 2, 0] * [0, 2, 0, 2] : [1, 1, 1, 2]
[0, 1, 2, 0] * [0, 2, 1, 0] : [2, 0, 0, 0]
[0, 1, 2, 0] * [0, 2, 1, 1] : [2, 2, 2, 0]
[0, 1, 2, 0] * [0, 2, 1, 2] : [2, 1, 1, 0]
[0, 1, 2, 0] * [0, 2, 2, 0] : [0, 0, 0, 1]
[0, 1, 2, 0] * [0, 2, 2, 1] : [0, 2, 2, 1]
[0, 1, 2, 0] * [0, 2, 2, 2] : [0, 1, 1, 1]
[0, 1, 2, 0] * [1, 0, 0, 0] : [0, 1, 2, 0]
[0, 1, 2, 0] * [1, 0, 0, 1] : [0, 0, 1, 0]
[0, 1, 2, 0] * [1, 0, 0, 2] : [0, 2, 0, 0]
[0, 1, 2, 0] * [1, 0, 1, 0] : [1, 1, 2, 1]
[0, 1, 2, 0] * [1, 0, 1, 1] : [1, 0, 1, 1]
[0, 1, 2, 0] * [1, 0, 1, 2] : [1, 2, 0, 1]
[0, 1, 2, 0] * [1, 0, 2, 0] : [2, 1, 2, 2]
[0, 1, 2, 0] * [1, 0, 2, 1] : [2, 0, 1, 2]
[0, 1, 2, 0] * [1, 0, 2, 2] : [2, 2, 0, 2]
[0, 1, 2, 0] * [1, 1, 0, 0] : [2, 1, 2, 1]
[0, 1, 2, 0] * [1, 1, 0, 1] : [2, 0, 1, 1]
[0, 1, 2, 0] * [1, 1, 0, 2] : [2, 2, 0, 1]
[0, 1, 2, 0] * [1, 1, 1, 0] : [0, 1, 2, 2]
[0, 1, 2, 0] * [1, 1, 1, 1] : [0, 0, 1, 2]
[0, 1, 2, 0] * [1, 1, 1, 2] : [0, 2, 0, 2]
[0, 1, 2, 0] * [1, 1, 2, 0] : [1, 1, 2, 0]
[0, 1, 2, 0] * [1, 1, 2, 1] : [1, 0, 1, 0]
[0, 1, 2, 0] * [1, 1, 2, 2] : [1, 2, 0, 0]
[0, 1, 2, 0] * [1, 2, 0, 0] : [1, 1, 2, 2]
[0, 1, 2, 0] * [1, 2, 0, 1] : [1, 0, 1, 2]
[0, 1, 2, 0] * [1, 2, 0, 2] : [1, 2, 0, 2]
[0, 1, 2, 0] * [1, 2, 1, 0] : [2, 1, 2, 0]
[0, 1, 2, 0] * [1, 2, 1, 1] : [2, 0, 1, 0]
[0, 1, 2, 0] * [1, 2, 1, 2] : [2, 2, 0, 0]
[0, 1, 2, 0] * [1, 2, 2, 0] : [0, 1, 2, 1]
[0, 1, 2, 0] * [1, 2, 2, 1] : [0, 0, 1, 1]
[0, 1, 2, 0] * [1, 2, 2, 2] : [0, 2, 0, 1]
[0, 1, 2, 0] * [2, 0, 0, 0] : [0, 2, 1, 0]
[0, 1, 2, 0] * [2, 0, 0, 1] : [0, 1, 0, 0]
[0, 1, 2, 0] * [2, 0, 0, 2] : [0, 0, 2, 0]
[0, 1, 2, 0] * [2, 0, 1, 0] : [1, 2, 1, 1]
[0, 1, 2, 0] * [2, 0, 1, 1] : [1, 1, 0, 1]
[0, 1, 2, 0] * [2, 0, 1, 2] : [1, 0, 2, 1]
[0, 1, 2, 0] * [2, 0, 2, 0] : [2, 2, 1, 2]
[0, 1, 2, 0] * [2, 0, 2, 1] : [2, 1, 0, 2]
[0, 1, 2, 0] * [2, 0, 2, 2] : [2, 0, 2, 2]
[0, 1, 2, 0] * [2, 1, 0, 0] : [2, 2, 1, 1]
[0, 1, 2, 0] * [2, 1, 0, 1] : [2, 1, 0, 1]
[0, 1, 2, 0] * [2, 1, 0, 2] : [2, 0, 2, 1]
[0, 1, 2, 0] * [2, 1, 1, 0] : [0, 2, 1, 2]
[0, 1, 2, 0] * [2, 1, 1, 1] : [0, 1, 0, 2]
[0, 1, 2, 0] * [2, 1, 1, 2] : [0, 0, 2, 2]
[0, 1, 2, 0] * [2, 1, 2, 0] : [1, 2, 1, 0]
[0, 1, 2, 0] * [2, 1, 2, 1] : [1, 1, 0, 0]
[0, 1, 2, 0] * [2, 1, 2, 2] : [1, 0, 2, 0]
[0, 1, 2, 0] * [2, 2, 0, 0] : [1, 2, 1, 2]
[0, 1, 2, 0] * [2, 2, 0, 1] : [1, 1, 0, 2]
[0, 1, 2, 0] * [2, 2, 0, 2] : [1, 0, 2, 2]
[0, 1, 2, 0] * [2, 2, 1, 0] : [2, 2, 1, 0]
[0, 1, 2, 0] * [2, 2, 1, 1] : [2, 1, 0, 0]
[0, 1, 2, 0] * [2, 2, 1, 2] : [2, 0, 2, 0]
[0, 1, 2, 0] * [2, 2, 2, 0] : [0, 2, 1, 1]
[0, 1, 2, 0] * [2, 2, 2, 1] : [0, 1, 0, 1]
[0, 1, 2, 0] * [2, 2, 2, 2] : [0, 0, 2, 1]
[0, 1, 2, 1] * [0, 0, 0, 0] : [0, 0, 0, 0]
[0, 1, 2, 1] * [0, 0, 0, 1] : [2, 2, 2, 0]
[0, 1, 2, 1] * [0, 0, 0, 2] : [1, 1, 1, 0]
[0, 1, 2, 1] * [0, 0, 1, 0] : [1, 2, 0, 1]
[0, 1, 2, 1] * [0, 0, 1, 1] : [0, 1, 2, 1]
[0, 1, 2, 1] * [0, 0, 1, 2] : [2, 0, 1, 1]
[0, 1, 2, 1] * [0, 0, 2, 0] : [2, 1, 0, 2]
[0, 1, 2, 1] * [0, 0, 2, 1] : [1, 0, 2, 2]
[0, 1, 2, 1] * [0, 0, 2, 2] : [0, 2, 1, 2]
[0, 1, 2, 1] * [0, 1, 0, 0] : [2, 0, 1, 1]
[0, 1, 2, 1] * [0, 1, 0, 1] : [1, 2, 0, 1]
[0, 1, 2, 1] * [0, 1, 0, 2] : [0, 1, 2, 1]
[0, 1, 2, 1] * [0, 1, 1, 0] : [0, 2, 1, 2]
[0, 1, 2, 1] * [0, 1, 1, 1] : [2, 1, 0, 2]
[0, 1, 2, 1] * [0, 1, 1, 2] : [1, 0, 2, 2]
[0, 1, 2, 1] * [0, 1, 2, 0] : [1, 1, 1, 0]
[0, 1, 2, 1] * [0, 1, 2, 1] : [0, 0, 0, 0]
[0, 1, 2, 1] * [0, 1, 2, 2] : [2, 2, 2, 0]
[0, 1, 2, 1] * [0, 2, 0, 0] : [1, 0, 2, 2]
[0, 1, 2, 1] * [0, 2, 0, 1] : [0, 2, 1, 2]
[0, 1, 2, 1] * [0, 2, 0, 2] : [2, 1, 0, 2]
[0, 1, 2, 1] * [0, 2, 1, 0] : [2, 2, 2, 0]
[0, 1, 2, 1] * [0, 2, 1, 1] : [1, 1, 1, 0]
[0, 1, 2, 1] * [0, 2, 1, 2] : [0, 0, 0, 0]
[0, 1, 2, 1] * [0, 2, 2, 0] : [0, 1, 2, 1]
[0, 1, 2, 1] * [0, 2, 2, 1] : [2, 0, 1, 1]
[0, 1, 2, 1] * [0, 2, 2, 2] : [1, 2, 0, 1]
[0, 1, 2, 1] * [1, 0, 0, 0] : [0, 1, 2, 1]
[0, 1, 2, 1] * [1, 0, 0, 1] : [2, 0, 1, 1]
[0, 1, 2, 1] * [1, 0, 0, 2] : [1, 2, 0, 1]
[0, 1, 2, 1] * [1, 0, 1, 0] : [1, 0, 2, 2]
[0, 1, 2, 1] * [1, 0, 1, 1] : [0, 2, 1, 2]
[0, 1, 2, 1] * [1, 0, 1, 2] : [2, 1, 0, 2]
[0, 1, 2, 1] * [1, 0, 2, 0] : [2, 2, 2, 0]
[0, 1, 2, 1] * [1, 0, 2, 1] : [1, 1, 1, 0]
[0, 1, 2, 1] * [1, 0, 2, 2] : [0, 0, 0, 0]
[0, 1, 2, 1] * [1, 1, 0, 0] : [2, 1, 0, 2]
[0, 1, 2, 1] * [1, 1, 0, 1] : [1, 0, 2, 2]
[0, 1, 2, 1] * [1, 1, 0, 2] : [0, 2, 1, 2]
[0, 1, 2, 1] * [1, 1, 1, 0] : [0, 0, 0, 0]
[0, 1, 2, 1] * [1, 1, 1, 1] : [2, 2, 2, 0]
[0, 1, 2, 1] * [1, 1, 1, 2] : [1, 1, 1, 0]
[0, 1, 2, 1] * [1, 1, 2, 0] : [1, 2, 0, 1]
[0, 1, 2, 1] * [1, 1, 2, 1] : [0, 1, 2, 1]
[0, 1, 2, 1] * [1, 1, 2, 2] : [2, 0, 1, 1]
[0, 1, 2, 1] * [1, 2, 0, 0] : [1, 1, 1, 0]
[0, 1, 2, 1] * [1, 2, 0, 1] : [0, 0, 0, 0]
[0, 1, 2, 1] * [1, 2, 0, 2] : [2, 2, 2, 0]
[0, 1, 2, 1] * [1, 2, 1, 0] : [2, 0, 1, 1]
[0, 1, 2, 1] * [1, 2, 1, 1] : [1, 2, 0, 1]
[0, 1, 2, 1] * [1, 2, 1, 2] : [0, 1, 2, 1]
[0, 1, 2, 1] * [1, 2, 2, 0] : [0, 2, 1, 2]
[0, 1, 2, 1] * [1, 2, 2, 1] : [2, 1, 0, 2]
[0, 1, 2, 1] * [1, 2, 2, 2] : [1, 0, 2, 2]
[0, 1, 2, 1] * [2, 0, 0, 0] : [0, 2, 1, 2]
[0, 1, 2, 1] * [2, 0, 0, 1] : [2, 1, 0, 2]
[0, 1, 2, 1] * [2, 0, 0, 2] : [1, 0, 2, 2]
[0, 1, 2, 1] * [2, 0, 1, 0] : [1, 1, 1, 0]
[0, 1, 2, 1] * [2, 0, 1, 1] : [0, 0, 0, 0]
[0, 1, 2, 1] * [2, 0, 1, 2] : [2, 2, 2, 0]
[0, 1, 2, 1] * [2, 0, 2, 0] : [2, 0, 1, 1]
[0, 1, 2, 1] * [2, 0, 2, 1] : [1, 2, 0, 1]
[0, 1, 2, 1] * [2, 0, 2, 2] : [0, 1, 2, 1]
[0, 1, 2, 1] * [2, 1, 0, 0] : [2, 2, 2, 0]
[0, 1, 2, 1] * [2, 1, 0, 1] : [1, 1, 1, 0]
[0, 1, 2, 1] * [2, 1, 0, 2] : [0, 0, 0, 0]
[0, 1, 2, 1] * [2, 1, 1, 0] : [0, 1, 2, 1]
[0, 1, 2, 1] * [2, 1, 1, 1] : [2, 0, 1, 1]
[0, 1, 2, 1] * [2, 1, 1, 2] : [1, 2, 0, 1]
[0, 1, 2, 1] * [2, 1, 2, 0] : [1, 0, 2, 2]
[0, 1, 2, 1] * [2, 1, 2, 1] : [0, 2, 1, 2]
[0, 1, 2, 1] * [2, 1, 2, 2] : [2, 1, 0, 2]
[0, 1, 2, 1] * [2, 2, 0, 0] : [1, 2, 0, 1]
[0, 1, 2, 1] * [2, 2, 0, 1] : [0, 1, 2, 1]
[0, 1, 2, 1] * [2, 2, 0, 2] : [2, 0, 1, 1]
[0, 1, 2, 1] * [2, 2, 1, 0] : [2, 1, 0, 2]
[0, 1, 2, 1] * [2, 2, 1, 1] : [1, 0, 2, 2]
[0, 1, 2, 1] * [2, 2, 1, 2] : [0, 2, 1, 2]
[0, 1, 2, 1] * [2, 2, 2, 0] : [0, 0, 0, 0]
[0, 1, 2, 1] * [2, 2, 2, 1] : [2, 2, 2, 0]
[0, 1, 2, 1] * [2, 2, 2, 2] : [1, 1, 1, 0]
[0, 1, 2, 2] * [0, 0, 0, 0] : [0, 0, 0, 0]
[0, 1, 2, 2] * [0, 0, 0, 1] : [1, 2, 2, 0]
[0, 1, 2, 2] * [0, 0, 0, 2] : [2, 1, 1, 0]
[0, 1, 2, 2] * [0, 0, 1, 0] : [1, 1, 0, 1]
[0, 1, 2, 2] * [0, 0, 1, 1] : [2, 0, 2, 1]
[0, 1, 2, 2] * [0, 0, 1, 2] : [0, 2, 1, 1]
[0, 1, 2, 2] * [0, 0, 2, 0] : [2, 2, 0, 2]
[0, 1, 2, 2] * [0, 0, 2, 1] : [0, 1, 2, 2]
[0, 1, 2, 2] * [0, 0, 2, 2] : [1, 0, 1, 2]
[0, 1, 2, 2] * [0, 1, 0, 0] : [2, 0, 2, 1]
[0, 1, 2, 2] * [0, 1, 0, 1] : [0, 2, 1, 1]
[0, 1, 2, 2] * [0, 1, 0, 2] : [1, 1, 0, 1]
[0, 1, 2, 2] * [0, 1, 1, 0] : [0, 1, 2, 2]
[0, 1, 2, 2] * [0, 1, 1, 1] : [1, 0, 1, 2]
[0, 1, 2, 2] * [0, 1, 1, 2] : [2, 2, 0, 2]
[0, 1, 2, 2] * [0, 1, 2, 0] : [1, 2, 2, 0]
[0, 1, 2, 2] * [0, 1, 2, 1] : [2, 1, 1, 0]
[0, 1, 2, 2] * [0, 1, 2, 2] : [0, 0, 0, 0]
[0, 1, 2, 2] * [0, 2, 0, 0] : [1, 0, 1, 2]
[0, 1, 2, 2] * [0, 2, 0, 1] : [2, 2, 0, 2]
[0, 1, 2, 2] * [0, 2, 0, 2] : [0, 1, 2, 2]
[0, 1, 2, 2] * [0, 2, 1, 0] : [2, 1, 1, 0]
[0, 1, 2, 2] * [0, 2, 1, 1] : [0, 0, 0, 0]
[0, 1, 2, 2] * [0, 2, 1, 2] : [1, 2, 2, 0]
[0, 1, 2, 2] * [0, 2, 2, 0] : [0, 2, 1, 1]
[0, 1, 2, 2] * [0, 2, 2, 1] : [1, 1, 0, 1]
[0, 1, 2, 2] * [0, 2, 2, 2] : [2, 0, 2, 1]
[0, 1, 2, 2] * [1, 0, 0, 0] : [0, 1, 2, 2]
[0, 1, 2, 2] * [1, 0, 0, 1] : [1, 0, 1, 2]
[0, 1, 2, 2] * [1, 0, 0, 2] : [2, 2, 0, 2]
[0, 1, 2, 2] * [1, 0, 1, 0] : [1, 2, 2, 0]
[0, 1, 2, 2] * [1, 0, 1, 1] : [2, 1, 1, 0]
[0, 1, 2, 2] * [1, 0, 1, 2] : [0, 0, 0, 0]
[0, 1, 2, 2] * [1, 0, 2, 0] : [2, 0, 2, 1]
[0, 1, 2, 2] * [1, 0, 2, 1] : [0, 2, 1, 1]
[0, 1, 2, 2] * [1, 0, 2, 2] : [1, 1, 0, 1]
[0, 1, 2, 2] * [1, 1, 0, 0] : [2, 1, 1, 0]
[0, 1, 2, 2] * [1, 1, 0, 1] : [0, 0, 0, 0]
[0, 1, 2, 2] * [1, 1, 0, 2] : [1, 2, 2, 0]
[0, 1, 2, 2] * [1, 1, 1, 0] : [0, 2, 1, 1]
[0, 1, 2, 2] * [1, 1, 1, 1] : [1, 1, 0, 1]
[0, 1, 2, 2] * [1, 1, 1, 2] : [2, 0, 2, 1]
[0, 1, 2, 2] * [1, 1, 2, 0] : [1, 0, 1, 2]
[0, 1, 2, 2] * [1, 1, 2, 1] : [2, 2, 0, 2]
[0, 1, 2, 2] * [1, 1, 2, 2] : [0, 1, 2, 2]
[0, 1, 2, 2] * [1, 2, 0, 0] : [1, 1, 0, 1]
[0, 1, 2, 2] * [1, 2, 0, 1] : [2, 0, 2, 1]
[0, 1, 2, 2] * [1, 2, 0, 2] : [0, 2, 1, 1]
[0, 1, 2, 2] * [1, 2, 1, 0] : [2, 2, 0, 2]
[0, 1, 2, 2] * [1, 2, 1, 1] : [0, 1, 2, 2]
[0, 1, 2, 2] * [1, 2, 1, 2] : [1, 0, 1, 2]
[0, 1, 2, 2] * [1, 2, 2, 0] : [0, 0, 0, 0]
[0, 1, 2, 2] * [1, 2, 2, 1] : [1, 2, 2, 0]
[0, 1, 2, 2] * [1, 2, 2, 2] : [2, 1, 1, 0]
[0, 1, 2, 2] * [2, 0, 0, 0] : [0, 2, 1, 1]
[0, 1, 2, 2] * [2, 0, 0, 1] : [1, 1, 0, 1]
[0, 1, 2, 2] * [2, 0, 0, 2] : [2, 0, 2, 1]
[0, 1, 2, 2] * [2, 0, 1, 0] : [1, 0, 1, 2]
[0, 1, 2, 2] * [2, 0, 1, 1] : [2, 2, 0, 2]
[0, 1, 2, 2] * [2, 0, 1, 2] : [0, 1, 2, 2]
[0, 1, 2, 2] * [2, 0, 2, 0] : [2, 1, 1, 0]
[0, 1, 2, 2] * [2, 0, 2, 1] : [0, 0, 0, 0]
[0, 1, 2, 2] * [2, 0, 2, 2] : [1, 2, 2, 0]
[0, 1, 2, 2] * [2, 1, 0, 0] : [2, 2, 0, 2]
[0, 1, 2, 2] * [2, 1, 0, 1] : [0, 1, 2, 2]
[0, 1, 2, 2] * [2, 1, 0, 2] : [1, 0, 1, 2]
[0, 1, 2, 2] * [2, 1, 1, 0] : [0, 0, 0, 0]
[0, 1, 2, 2] * [2, 1, 1, 1] : [1, 2, 2, 0]
[0, 1, 2, 2] * [2, 1, 1, 2] : [2, 1, 1, 0]
[0, 1, 2, 2] * [2, 1, 2, 0] : [1, 1, 0, 1]
[0, 1, 2, 2] * [2, 1, 2, 1] : [2, 0, 2, 1]
[0, 1, 2, 2] * [2, 1, 2, 2] : [0, 2, 1, 1]
[0, 1, 2, 2] * [2, 2, 0, 0] : [1, 2, 2, 0]
[0, 1, 2, 2] * [2, 2, 0, 1] : [2, 1, 1, 0]
[0, 1, 2, 2] * [2, 2, 0, 2] : [0, 0, 0, 0]
[0, 1, 2, 2] * [2, 2, 1, 0] : [2, 0, 2, 1]
[0, 1, 2, 2] * [2, 2, 1, 1] : [0, 2, 1, 1]
[0, 1, 2, 2] * [2, 2, 1, 2] : [1, 1, 0, 1]
[0, 1, 2, 2] * [2, 2, 2, 0] : [0, 1, 2, 2]
[0, 1, 2, 2] * [2, 2, 2, 1] : [1, 0, 1, 2]
[0, 1, 2, 2] * [2, 2, 2, 2] : [2, 2, 0, 2]
[0, 2, 0, 0] * [0, 0, 0, 0] : [0, 0, 0, 0]
[0, 2, 0, 0] * [0, 0, 0, 1] : [0, 0, 1, 0]
[0, 2, 0, 0] * [0, 0, 0, 2] : [0, 0, 2, 0]
[0, 2, 0, 0] * [0, 0, 1, 0] : [0, 0, 0, 2]
[0, 2, 0, 0] * [0, 0, 1, 1] : [0, 0, 1, 2]
[0, 2, 0, 0] * [0, 0, 1, 2] : [0, 0, 2, 2]
[0, 2, 0, 0] * [0, 0, 2, 0] : [0, 0, 0, 1]
[0, 2, 0, 0] * [0, 0, 2, 1] : [0, 0, 1, 1]
[0, 2, 0, 0] * [0, 0, 2, 2] : [0, 0, 2, 1]
[0, 2, 0, 0] * [0, 1, 0, 0] : [1, 0, 0, 0]
[0, 2, 0, 0] * [0, 1, 0, 1] : [1, 0, 1, 0]
[0, 2, 0, 0] * [0, 1, 0, 2] : [1, 0, 2, 0]
[0, 2, 0, 0] * [0, 1, 1, 0] : [1, 0, 0, 2]
[0, 2, 0, 0] * [0, 1, 1, 1] : [1, 0, 1, 2]
[0, 2, 0, 0] * [0, 1, 1, 2] : [1, 0, 2, 2]
[0, 2, 0, 0] * [0, 1, 2, 0] : [1, 0, 0, 1]
[0, 2, 0, 0] * [0, 1, 2, 1] : [1, 0, 1, 1]
[0, 2, 0, 0] * [0, 1, 2, 2] : [1, 0, 2, 1]
[0, 2, 0, 0] * [0, 2, 0, 0] : [2, 0, 0, 0]
[0, 2, 0, 0] * [0, 2, 0, 1] : [2, 0, 1, 0]
[0, 2, 0, 0] * [0, 2, 0, 2] : [2, 0, 2, 0]
[0, 2, 0, 0] * [0, 2, 1, 0] : [2, 0, 0, 2]
[0, 2, 0, 0] * [0, 2, 1, 1] : [2, 0, 1, 2]
[0, 2, 0, 0] * [0, 2, 1, 2] : [2, 0, 2, 2]
[0, 2, 0, 0] * [0, 2, 2, 0] : [2, 0, 0, 1]
[0, 2, 0, 0] * [0, 2, 2, 1] : [2, 0, 1, 1]
[0, 2, 0, 0] * [0, 2, 2, 2] : [2, 0, 2, 1]
[0, 2, 0, 0] * [1, 0, 0, 0] : [0, 2, 0, 0]
[0, 2, 0, 0] * [1, 0, 0, 1] : [0, 2, 1, 0]
[0, 2, 0, 0] * [1, 0, 0, 2] : [0, 2, 2, 0]
[0, 2, 0, 0] * [1, 0, 1, 0] : [0, 2, 0, 2]
[0, 2, 0, 0] * [1, 0, 1, 1] : [0, 2, 1, 2]
[0, 2, 0, 0] * [1, 0, 1, 2] : [0, 2, 2, 2]
[0, 2, 0, 0] * [1, 0, 2, 0] : [0, 2, 0, 1]
[0, 2, 0, 0] * [1, 0, 2, 1] : [0, 2, 1, 1]
[0, 2, 0, 0] * [1, 0, 2, 2] : [0, 2, 2, 1]
[0, 2, 0, 0] * [1, 1, 0, 0] : [1, 2, 0, 0]
[0, 2, 0, 0] * [1, 1, 0, 1] : [1, 2, 1, 0]
[0, 2, 0, 0] * [1, 1, 0, 2] : [1, 2, 2, 0]
[0, 2, 0, 0] * [1, 1, 1, 0] : [1, 2, 0, 2]
[0, 2, 0, 0] * [1, 1, 1, 1] : [1, 2, 1, 2]
[0, 2, 0, 0] * [1, 1, 1, 2] : [1, 2, 2, 2]
[0, 2, 0, 0] * [1, 1, 2, 0] : [1, 2, 0, 1]
[0, 2, 0, 0] * [1, 1, 2, 1] : [1, 2, 1, 1]
[0, 2, 0, 0] * [1, 1, 2, 2] : [1, 2, 2, 1]
[0, 2, 0, 0] * [1, 2, 0, 0] : [2, 2, 0, 0]
[0, 2, 0, 0] * [1, 2, 0, 1] : [2, 2, 1, 0]
[0, 2, 0, 0] * [1, 2, 0, 2] : [2, 2, 2, 0]
[0, 2, 0, 0] * [1, 2, 1, 0] : [2, 2, 0, 2]
[0, 2, 0, 0] * [1, 2, 1, 1] : [2, 2, 1, 2]
[0, 2, 0, 0] * [1, 2, 1, 2] : [2, 2, 2, 2]
[0, 2, 0, 0] * [1, 2, 2, 0] : [2, 2, 0, 1]
[0, 2, 0, 0] * [1, 2, 2, 1] : [2, 2, 1, 1]
[0, 2, 0, 0] * [1, 2, 2, 2] : [2, 2, 2, 1]
[0, 2, 0, 0] * [2, 0, 0, 0] : [0, 1, 0, 0]
[0, 2, 0, 0] * [2, 0, 0, 1] : [0, 1, 1, 0]
[0, 2, 0, 0] * [2, 0, 0, 2] : [0, 1, 2, 0]
[0, 2, 0, 0] * [2, 0, 1, 0] : [0, 1, 0, 2]
[0, 2, 0, 0] * [2, 0, 1, 1] : [0, 1, 1, 2]
[0, 2, 0, 0] * [2, 0, 1, 2] : [0, 1, 2, 2]
[0, 2, 0, 0] * [2, 0, 2, 0] : [0, 1, 0, 1]
[0, 2, 0, 0] * [2, 0, 2, 1] : [0, 1, 1, 1]
[0, 2, 0, 0] * [2, 0, 2, 2] : [0, 1, 2, 1]
[0, 2, 0, 0] * [2, 1, 0, 0] : [1, 1, 0, 0]
[0, 2, 0, 0] * [2, 1, 0, 1] : [1, 1, 1, 0]
[0, 2, 0, 0] * [2, 1, 0, 2] : [1, 1, 2, 0]
[0, 2, 0, 0] * [2, 1, 1, 0] : [1, 1, 0, 2]
[0, 2, 0, 0] * [2, 1, 1, 1] : [1, 1, 1, 2]
[0, 2, 0, 0] * [2, 1, 1, 2] : [1, 1, 2, 2]
[0, 2, 0, 0] * [2, 1, 2, 0] : [1, 1, 0, 1]
[0, 2, 0, 0] * [2, 1, 2, 1] : [1, 1, 1, 1]
[0, 2, 0, 0] * [2, 1, 2, 2] : [1, 1, 2, 1]
[0, 2, 0, 0] * [2, 2, 0, 0] : [2, 1, 0, 0]
[0, 2, 0, 0] * [2, 2, 0, 1] : [2, 1, 1, 0]
[0, 2, 0, 0] * [2, 2, 0, 2] : [2, 1, 2, 0]
[0, 2, 0, 0] * [2, 2, 1, 0] : [2, 1, 0, 2]
[0, 2, 0, 0] * [2, 2, 1, 1] : [2, 1, 1, 2]
[0, 2, 0, 0] * [2, 2, 1, 2] : [2, 1, 2, 2]
[0, 2, 0, 0] * [2, 2, 2, 0] : [2, 1, 0, 1]
[0, 2, 0, 0] * [2, 2, 2, 1] : [2, 1, 1, 1]
[0, 2, 0, 0] * [2, 2, 2, 2] : [2, 1, 2, 1]
[0, 2, 0, 1] * [0, 0, 0, 0] : [0, 0, 0, 0]
[0, 2, 0, 1] * [0, 0, 0, 1] : [2, 0, 1, 0]
[0, 2, 0, 1] * [0, 0, 0, 2] : [1, 0, 2, 0]
[0, 2, 0, 1] * [0, 0, 1, 0] : [0, 2, 0, 2]
[0, 2, 0, 1] * [0, 0, 1, 1] : [2, 2, 1, 2]
[0, 2, 0, 1] * [0, 0, 1, 2] : [1, 2, 2, 2]
[0, 2, 0, 1] * [0, 0, 2, 0] : [0, 1, 0, 1]
[0, 2, 0, 1] * [0, 0, 2, 1] : [2, 1, 1, 1]
[0, 2, 0, 1] * [0, 0, 2, 2] : [1, 1, 2, 1]
[0, 2, 0, 1] * [0, 1, 0, 0] : [1, 0, 1, 0]
[0, 2, 0, 1] * [0, 1, 0, 1] : [0, 0, 2, 0]
[0, 2, 0, 1] * [0, 1, 0, 2] : [2, 0, 0, 0]
[0, 2, 0, 1] * [0, 1, 1, 0] : [1, 2, 1, 2]
[0, 2, 0, 1] * [0, 1, 1, 1] : [0, 2, 2, 2]
[0, 2, 0, 1] * [0, 1, 1, 2] : [2, 2, 0, 2]
[0, 2, 0, 1] * [0, 1, 2, 0] : [1, 1, 1, 1]
[0, 2, 0, 1] * [0, 1, 2, 1] : [0, 1, 2, 1]
[0, 2, 0, 1] * [0, 1, 2, 2] : [2, 1, 0, 1]
[0, 2, 0, 1] * [0, 2, 0, 0] : [2, 0, 2, 0]
[0, 2, 0, 1] * [0, 2, 0, 1] : [1, 0, 0, 0]
[0, 2, 0, 1] * [0, 2, 0, 2] : [0, 0, 1, 0]
[0, 2, 0, 1] * [0, 2, 1, 0] : [2, 2, 2, 2]
[0, 2, 0, 1] * [0, 2, 1, 1] : [1, 2, 0, 2]
[0, 2, 0, 1] * [0, 2, 1, 2] : [0, 2, 1, 2]
[0, 2, 0, 1] * [0, 2, 2, 0] : [2, 1, 2, 1]
[0, 2, 0, 1] * [0, 2, 2, 1] : [1, 1, 0, 1]
[0, 2, 0, 1] * [0, 2, 2, 2] : [0, 1, 1, 1]
[0, 2, 0, 1] * [1, 0, 0, 0] : [0, 2, 0, 1]
[0, 2, 0, 1] * [1, 0, 0, 1] : [2, 2, 1, 1]
[0, 2, 0, 1] * [1, 0, 0, 2] : [1, 2, 2, 1]
[0, 2, 0, 1] * [1, 0, 1, 0] : [0, 1, 0, 0]
[0, 2, 0, 1] * [1, 0, 1, 1] : [2, 1, 1, 0]
[0, 2, 0, 1] * [1, 0, 1, 2] : [1, 1, 2, 0]
[0, 2, 0, 1] * [1, 0, 2, 0] : [0, 0, 0, 2]
[0, 2, 0, 1] * [1, 0, 2, 1] : [2, 0, 1, 2]
[0, 2, 0, 1] * [1, 0, 2, 2] : [1, 0, 2, 2]
[0, 2, 0, 1] * [1, 1, 0, 0] : [1, 2, 1, 1]
[0, 2, 0, 1] * [1, 1, 0, 1] : [0, 2, 2, 1]
[0, 2, 0, 1] * [1, 1, 0, 2] : [2, 2, 0, 1]
[0, 2, 0, 1] * [1, 1, 1, 0] : [1, 1, 1, 0]
[0, 2, 0, 1] * [1, 1, 1, 1] : [0, 1, 2, 0]
[0, 2, 0, 1] * [1, 1, 1, 2] : [2, 1, 0, 0]
[0, 2, 0, 1] * [1, 1, 2, 0] : [1, 0, 1, 2]
[0, 2, 0, 1] * [1, 1, 2, 1] : [0, 0, 2, 2]
[0, 2, 0, 1] * [1, 1, 2, 2] : [2, 0, 0, 2]
[0, 2, 0, 1] * [1, 2, 0, 0] : [2, 2, 2, 1]
[0, 2, 0, 1] * [1, 2, 0, 1] : [1, 2, 0, 1]
[0, 2, 0, 1] * [1, 2, 0, 2] : [0, 2, 1, 1]
[0, 2, 0, 1] * [1, 2, 1, 0] : [2, 1, 2, 0]
[0, 2, 0, 1] * [1, 2, 1, 1] : [1, 1, 0, 0]
[0, 2, 0, 1] * [1, 2, 1, 2] : [0, 1, 1, 0]
[0, 2, 0, 1] * [1, 2, 2, 0] : [2, 0, 2, 2]
[0, 2, 0, 1] * [1, 2, 2, 1] : [1, 0, 0, 2]
[0, 2, 0, 1] * [1, 2, 2, 2] : [0, 0, 1, 2]
[0, 2, 0, 1] * [2, 0, 0, 0] : [0, 1, 0, 2]
[0, 2, 0, 1] * [2, 0, 0, 1] : [2, 1, 1, 2]
[0, 2, 0, 1] * [2, 0, 0, 2] : [1, 1, 2, 2]
[0, 2, 0, 1] * [2, 0, 1, 0] : [0, 0, 0, 1]
[0, 2, 0, 1] * [2, 0, 1, 1] : [2, 0, 1, 1]
[0, 2, 0, 1] * [2, 0, 1, 2] : [1, 0, 2, 1]
[0, 2, 0, 1] * [2, 0, 2, 0] : [0, 2, 0, 0]
[0, 2, 0, 1] * [2, 0, 2, 1] : [2, 2, 1, 0]
[0, 2, 0, 1] * [2, 0, 2, 2] : [1, 2, 2, 0]
[0, 2, 0, 1] * [2, 1, 0, 0] : [1, 1, 1, 2]
[0, 2, 0, 1] * [2, 1, 0, 1] : [0, 1, 2, 2]
[0, 2, 0, 1] * [2, 1, 0, 2] : [2, 1, 0, 2]
[0, 2, 0, 1] * [2, 1, 1, 0] : [1, 0, 1, 1]
[0, 2, 0, 1] * [2, 1, 1, 1] : [0, 0, 2, 1]
[0, 2, 0, 1] * [2, 1, 1, 2] : [2, 0, 0, 1]
[0, 2, 0, 1] * [2, 1, 2, 0] : [1, 2, 1, 0]
[0, 2, 0, 1] * [2, 1, 2, 1] : [0, 2, 2, 0]
[0, 2, 0, 1] * [2, 1, 2, 2] : [2, 2, 0, 0]
[0, 2, 0, 1] * [2, 2, 0, 0] : [2, 1, 2, 2]
[0, 2, 0, 1] * [2, 2, 0, 1] : [1, 1, 0, 2]
[0, 2, 0, 1] * [2, 2, 0, 2] : [0, 1, 1, 2]
[0, 2, 0, 1] * [2, 2, 1, 0] : [2, 0, 2, 1]
[0, 2, 0, 1] * [2, 2, 1, 1] : [1, 0, 0, 1]
[0, 2, 0, 1] * [2, 2, 1, 2] : [0, 0, 1, 1]
[0, 2, 0, 1] * [2, 2, 2, 0] : [2, 2, 2, 0]
[0, 2, 0, 1] * [2, 2, 2, 1] : [1, 2, 0, 0]
[0, 2, 0, 1] * [2, 2, 2, 2] : [0, 2, 1, 0]
[0, 2, 0, 2] * [0, 0, 0, 0] : [0, 0, 0, 0]
[0, 2, 0, 2] * [0, 0, 0, 1] : [1, 0, 1, 0]
[0, 2, 0, 2] * [0, 0, 0, 2] : [2, 0, 2, 0]
[0, 2, 0, 2] * [0, 0, 1, 0] : [0, 1, 0, 2]
[0, 2, 0, 2] * [0, 0, 1, 1] : [1, 1, 1, 2]
[0, 2, 0, 2] * [0, 0, 1, 2] : [2, 1, 2, 2]
[0, 2, 0, 2] * [0, 0, 2, 0] : [0, 2, 0, 1]
[0, 2, 0, 2] * [0, 0, 2, 1] : [1, 2, 1, 1]
[0, 2, 0, 2] * [0, 0, 2, 2] : [2, 2, 2, 1]
[0, 2, 0, 2] * [0, 1, 0, 0] : [1, 0, 2, 0]
[0, 2, 0, 2] * [0, 1, 0, 1] : [2, 0, 0, 0]
[0, 2, 0, 2] * [0, 1, 0, 2] : [0, 0, 1, 0]
[0, 2, 0, 2] * [0, 1, 1, 0] : [1, 1, 2, 2]
[0, 2, 0, 2] * [0, 1, 1, 1] : [2, 1, 0, 2]
[0, 2, 0, 2] * [0, 1, 1, 2] : [0, 1, 1, 2]
[0, 2, 0, 2] * [0, 1, 2, 0] : [1, 2, 2, 1]
[0, 2, 0, 2] * [0, 1, 2, 1] : [2, 2, 0, 1]
[0, 2, 0, 2] * [0, 1, 2, 2] : [0, 2, 1, 1]
[0, 2, 0, 2] * [0, 2, 0, 0] : [2, 0, 1, 0]
[0, 2, 0, 2] * [0, 2, 0, 1] : [0, 0, 2, 0]
[0, 2, 0, 2] * [0, 2, 0, 2] : [1, 0, 0, 0]
[0, 2, 0, 2] * [0, 2, 1, 0] : [2, 1, 1, 2]
[0, 2, 0, 2] * [0, 2, 1, 1] : [0, 1, 2, 2]
[0, 2, 0, 2] * [0, 2, 1, 2] : [1, 1, 0, 2]
[0, 2, 0, 2] * [0, 2, 2, 0] : [2, 2, 1, 1]
[0, 2, 0, 2] * [0, 2, 2, 1] : [0, 2, 2, 1]
[0, 2, 0, 2] * [0, 2, 2, 2] : [1, 2, 0, 1]
[0, 2, 0, 2] * [1, 0, 0, 0] : [0, 2, 0, 2]
[0, 2, 0, 2] * [1, 0, 0, 1] : [1, 2, 1, 2]
[0, 2, 0, 2] * [1, 0, 0, 2] : [2, 2, 2, 2]
[0, 2, 0, 2] * [1, 0, 1, 0] : [0, 0, 0, 1]
[0, 2, 0, 2] * [1, 0, 1, 1] : [1, 0, 1, 1]
[0, 2, 0, 2] * [1, 0, 1, 2] : [2, 0, 2, 1]
[0, 2, 0, 2] * [1, 0, 2, 0] : [0, 1, 0, 0]
[0, 2, 0, 2] * [1, 0, 2, 1] : [1, 1, 1, 0]
[0, 2, 0, 2] * [1, 0, 2, 2] : [2, 1, 2, 0]
[0, 2, 0, 2] * [1, 1, 0, 0] : [1, 2, 2, 2]
[0, 2, 0, 2] * [1, 1, 0, 1] : [2, 2, 0, 2]
[0, 2, 0, 2] * [1, 1, 0, 2] : [0, 2, 1, 2]
[0, 2, 0, 2] * [1, 1, 1, 0] : [1, 0, 2, 1]
[0, 2, 0, 2] * [1, 1, 1, 1] : [2, 0, 0, 1]
[0, 2, 0, 2] * [1, 1, 1, 2] : [0, 0, 1, 1]
[0, 2, 0, 2] * [1, 1, 2, 0] : [1, 1, 2, 0]
[0, 2, 0, 2] * [1, 1, 2, 1] : [2, 1, 0, 0]
[0, 2, 0, 2] * [1, 1, 2, 2] : [0, 1, 1, 0]
[0, 2, 0, 2] * [1, 2, 0, 0] : [2, 2, 1, 2]
[0, 2, 0, 2] * [1, 2, 0, 1] : [0, 2, 2, 2]
[0, 2, 0, 2] * [1, 2, 0, 2] : [1, 2, 0, 2]
[0, 2, 0, 2] * [1, 2, 1, 0] : [2, 0, 1, 1]
[0, 2, 0, 2] * [1, 2, 1, 1] : [0, 0, 2, 1]
[0, 2, 0, 2] * [1, 2, 1, 2] : [1, 0, 0, 1]
[0, 2, 0, 2] * [1, 2, 2, 0] : [2, 1, 1, 0]
[0, 2, 0, 2] * [1, 2, 2, 1] : [0, 1, 2, 0]
[0, 2, 0, 2] * [1, 2, 2, 2] : [1, 1, 0, 0]
[0, 2, 0, 2] * [2, 0, 0, 0] : [0, 1, 0, 1]
[0, 2, 0, 2] * [2, 0, 0, 1] : [1, 1, 1, 1]
[0, 2, 0, 2] * [2, 0, 0, 2] : [2, 1, 2, 1]
[0, 2, 0, 2] * [2, 0, 1, 0] : [0, 2, 0, 0]
[0, 2, 0, 2] * [2, 0, 1, 1] : [1, 2, 1, 0]
[0, 2, 0, 2] * [2, 0, 1, 2] : [2, 2, 2, 0]
[0, 2, 0, 2] * [2, 0, 2, 0] : [0, 0, 0, 2]
[0, 2, 0, 2] * [2, 0, 2, 1] : [1, 0, 1, 2]
[0, 2, 0, 2] * [2, 0, 2, 2] : [2, 0, 2, 2]
[0, 2, 0, 2] * [2, 1, 0, 0] : [1, 1, 2, 1]
[0, 2, 0, 2] * [2, 1, 0, 1] : [2, 1, 0, 1]
[0, 2, 0, 2] * [2, 1, 0, 2] : [0, 1, 1, 1]
[0, 2, 0, 2] * [2, 1, 1, 0] : [1, 2, 2, 0]
[0, 2, 0, 2] * [2, 1, 1, 1] : [2, 2, 0, 0]
[0, 2, 0, 2] * [2, 1, 1, 2] : [0, 2, 1, 0]
[0, 2, 0, 2] * [2, 1, 2, 0] : [1, 0, 2, 2]
[0, 2, 0, 2] * [2, 1, 2, 1] : [2, 0, 0, 2]
[0, 2, 0, 2] * [2, 1, 2, 2] : [0, 0, 1, 2]
[0, 2, 0, 2] * [2, 2, 0, 0] : [2, 1, 1, 1]
[0, 2, 0, 2] * [2, 2, 0, 1] : [0, 1, 2, 1]
[0, 2, 0, 2] * [2, 2, 0, 2] : [1, 1, 0, 1]
[0, 2, 0, 2] * [2, 2, 1, 0] : [2, 2, 1, 0]
[0, 2, 0, 2] * [2, 2, 1, 1] : [0, 2, 2, 0]
[0, 2, 0, 2] * [2, 2, 1, 2] : [1, 2, 0, 0]
[0, 2, 0, 2] * [2, 2, 2, 0] : [2, 0, 1, 2]
[0, 2, 0, 2] * [2, 2, 2, 1] : [0, 0, 2, 2]
[0, 2, 0, 2] * [2, 2, 2, 2] : [1, 0, 0, 2]
[0, 2, 1, 0] * [0, 0, 0, 0] : [0, 0, 0, 0]
[0, 2, 1, 0] * [0, 0, 0, 1] : [0, 1, 1, 0]
[0, 2, 1, 0] * [0, 0, 0, 2] : [0, 2, 2, 0]
[0, 2, 1, 0] * [0, 0, 1, 0] : [2, 0, 0, 2]
[0, 2, 1, 0] * [0, 0, 1, 1] : [2, 1, 1, 2]
[0, 2, 1, 0] * [0, 0, 1, 2] : [2, 2, 2, 2]
[0, 2, 1, 0] * [0, 0, 2, 0] : [1, 0, 0, 1]
[0, 2, 1, 0] * [0, 0, 2, 1] : [1, 1, 1, 1]
[0, 2, 1, 0] * [0, 0, 2, 2] : [1, 2, 2, 1]
[0, 2, 1, 0] * [0, 1, 0, 0] : [1, 0, 0, 2]
[0, 2, 1, 0] * [0, 1, 0, 1] : [1, 1, 1, 2]
[0, 2, 1, 0] * [0, 1, 0, 2] : [1, 2, 2, 2]
[0, 2, 1, 0] * [0, 1, 1, 0] : [0, 0, 0, 1]
[0, 2, 1, 0] * [0, 1, 1, 1] : [0, 1, 1, 1]
[0, 2, 1, 0] * [0, 1, 1, 2] : [0, 2, 2, 1]
[0, 2, 1, 0] * [0, 1, 2, 0] : [2, 0, 0, 0]
[0, 2, 1, 0] * [0, 1, 2, 1] : [2, 1, 1, 0]
[0, 2, 1, 0] * [0, 1, 2, 2] : [2, 2, 2, 0]
[0, 2, 1, 0] * [0, 2, 0, 0] : [2, 0, 0, 1]
[0, 2, 1, 0] * [0, 2, 0, 1] : [2, 1, 1, 1]
[0, 2, 1, 0] * [0, 2, 0, 2] : [2, 2, 2, 1]
[0, 2, 1, 0] * [0, 2, 1, 0] : [1, 0, 0, 0]
[0, 2, 1, 0] * [0, 2, 1, 1] : [1, 1, 1, 0]
[0, 2, 1, 0] * [0, 2, 1, 2] : [1, 2, 2, 0]
[0, 2, 1, 0] * [0, 2, 2, 0] : [0, 0, 0, 2]
[0, 2, 1, 0] * [0, 2, 2, 1] : [0, 1, 1, 2]
[0, 2, 1, 0] * [0, 2, 2, 2] : [0, 2, 2, 2]
[0, 2, 1, 0] * [1, 0, 0, 0] : [0, 2, 1, 0]
[0, 2, 1, 0] * [1, 0, 0, 1] : [0, 0, 2, 0]
[0, 2, 1, 0] * [1, 0, 0, 2] : [0, 1, 0, 0]
[0, 2, 1, 0] * [1, 0, 1, 0] : [2, 2, 1, 2]
[0, 2, 1, 0] * [1, 0, 1, 1] : [2, 0, 2, 2]
[0, 2, 1, 0] * [1, 0, 1, 2] : [2, 1, 0, 2]
[0, 2, 1, 0] * [1, 0, 2, 0] : [1, 2, 1, 1]
[0, 2, 1, 0] * [1, 0, 2, 1] : [1, 0, 2, 1]
[0, 2, 1, 0] * [1, 0, 2, 2] : [1, 1, 0, 1]
[0, 2, 1, 0] * [1, 1, 0, 0] : [1, 2, 1, 2]
[0, 2, 1, 0] * [1, 1, 0, 1] : [1, 0, 2, 2]
[0, 2, 1, 0] * [1, 1, 0, 2] : [1, 1, 0, 2]
[0, 2, 1, 0] * [1, 1, 1, 0] : [0, 2, 1, 1]
[0, 2, 1, 0] * [1, 1, 1, 1] : [0, 0, 2, 1]
[0, 2, 1, 0] * [1, 1, 1, 2] : [0, 1, 0, 1]
[0, 2, 1, 0] * [1, 1, 2, 0] : [2, 2, 1, 0]
[0, 2, 1, 0] * [1, 1, 2, 1] : [2, 0, 2, 0]
[0, 2, 1, 0] * [1, 1, 2, 2] : [2, 1, 0, 0]
[0, 2, 1, 0] * [1, 2, 0, 0] : [2, 2, 1, 1]
[0, 2, 1, 0] * [1, 2, 0, 1] : [2, 0, 2, 1]
[0, 2, 1, 0] * [1, 2, 0, 2] : [2, 1, 0, 1]
[0, 2, 1, 0] * [1, 2, 1, 0] : [1, 2, 1, 0]
[0, 2, 1, 0] * [1, 2, 1, 1] : [1, 0, 2, 0]
[0, 2, 1, 0] * [1, 2, 1, 2] : [1, 1, 0, 0]
[0, 2, 1, 0] * [1, 2, 2, 0] : [0, 2, 1, 2]
[0, 2, 1, 0] * [1, 2, 2, 1] : [0, 0, 2, 2]
[0, 2, 1, 0] * [1, 2, 2, 2] : [0, 1, 0, 2]
[0, 2, 1, 0] * [2, 0, 0, 0] : [0, 1, 2, 0]
[0, 2, 1, 0] * [2, 0, 0, 1] : [0, 2, 0, 0]
[0, 2, 1, 0] * [2, 0, 0, 2] : [0, 0, 1, 0]
[0, 2, 1, 0] * [2, 0, 1, 0] : [2, 1, 2, 2]
[0, 2, 1, 0] * [2, 0, 1, 1] : [2, 2, 0, 2]
[0, 2, 1, 0] * [2, 0, 1, 2] : [2, 0, 1, 2]
[0, 2, 1, 0] * [2, 0, 2, 0] : [1, 1, 2, 1]
[0, 2, 1, 0] * [2, 0, 2, 1] : [1, 2, 0, 1]
[0, 2, 1, 0] * [2, 0, 2, 2] : [1, 0, 1, 1]
[0, 2, 1, 0] * [2, 1, 0, 0] : [1, 1, 2, 2]
[0, 2, 1, 0] * [2, 1, 0, 1] : [1, 2, 0, 2]
[0, 2, 1, 0] * [2, 1, 0, 2] : [1, 0, 1, 2]
[0, 2, 1, 0] * [2, 1, 1, 0] : [0, 1, 2, 1]
[0, 2, 1, 0] * [2, 1, 1, 1] : [0, 2, 0, 1]
[0, 2, 1, 0] * [2, 1, 1, 2] : [0, 0, 1, 1]
[0, 2, 1, 0] * [2, 1, 2, 0] : [2, 1, 2, 0]
[0, 2, 1, 0] * [2, 1, 2, 1] : [2, 2, 0, 0]
[0, 2, 1, 0] * [2, 1, 2, 2] : [2, 0, 1, 0]
[0, 2, 1, 0] * [2, 2, 0, 0] : [2, 1, 2, 1]
[0, 2, 1, 0] * [2, 2, 0, 1] : [2, 2, 0, 1]
[0, 2, 1, 0] * [2, 2, 0, 2] : [2, 0, 1, 1]
[0, 2, 1, 0] * [2, 2, 1, 0] : [1, 1, 2, 0]
[0, 2, 1, 0] * [2, 2, 1, 1] : [1, 2, 0, 0]
[0, 2, 1, 0] * [2, 2, 1, 2] : [1, 0, 1, 0]
[0, 2, 1, 0] * [2, 2, 2, 0] : [0, 1, 2, 2]
[0, 2, 1, 0] * [2, 2, 2, 1] : [0, 2, 0, 2]
[0, 2, 1, 0] * [2, 2, 2, 2] : [0, 0, 1, 2]
[0, 2, 1, 1] * [0, 0, 0, 0] : [0, 0, 0, 0]
[0, 2, 1, 1] * [0, 0, 0, 1] : [2, 1, 1, 0]
[0, 2, 1, 1] * [0, 0, 0, 2] : [1, 2, 2, 0]
[0, 2, 1, 1] * [0, 0, 1, 0] : [2, 2, 0, 2]
[0, 2, 1, 1] * [0, 0, 1, 1] : [1, 0, 1, 2]
[0, 2, 1, 1] * [0, 0, 1, 2] : [0, 1, 2, 2]
[0, 2, 1, 1] * [0, 0, 2, 0] : [1, 1, 0, 1]
[0, 2, 1, 1] * [0, 0, 2, 1] : [0, 2, 1, 1]
[0, 2, 1, 1] * [0, 0, 2, 2] : [2, 0, 2, 1]
[0, 2, 1, 1] * [0, 1, 0, 0] : [1, 0, 1, 2]
[0, 2, 1, 1] * [0, 1, 0, 1] : [0, 1, 2, 2]
[0, 2, 1, 1] * [0, 1, 0, 2] : [2, 2, 0, 2]
[0, 2, 1, 1] * [0, 1, 1, 0] : [0, 2, 1, 1]
[0, 2, 1, 1] * [0, 1, 1, 1] : [2, 0, 2, 1]
[0, 2, 1, 1] * [0, 1, 1, 2] : [1, 1, 0, 1]
[0, 2, 1, 1] * [0, 1, 2, 0] : [2, 1, 1, 0]
[0, 2, 1, 1] * [0, 1, 2, 1] : [1, 2, 2, 0]
[0, 2, 1, 1] * [0, 1, 2, 2] : [0, 0, 0, 0]
[0, 2, 1, 1] * [0, 2, 0, 0] : [2, 0, 2, 1]
[0, 2, 1, 1] * [0, 2, 0, 1] : [1, 1, 0, 1]
[0, 2, 1, 1] * [0, 2, 0, 2] : [0, 2, 1, 1]
[0, 2, 1, 1] * [0, 2, 1, 0] : [1, 2, 2, 0]
[0, 2, 1, 1] * [0, 2, 1, 1] : [0, 0, 0, 0]
[0, 2, 1, 1] * [0, 2, 1, 2] : [2, 1, 1, 0]
[0, 2, 1, 1] * [0, 2, 2, 0] : [0, 1, 2, 2]
[0, 2, 1, 1] * [0, 2, 2, 1] : [2, 2, 0, 2]
[0, 2, 1, 1] * [0, 2, 2, 2] : [1, 0, 1, 2]
[0, 2, 1, 1] * [1, 0, 0, 0] : [0, 2, 1, 1]
[0, 2, 1, 1] * [1, 0, 0, 1] : [2, 0, 2, 1]
[0, 2, 1, 1] * [1, 0, 0, 2] : [1, 1, 0, 1]
[0, 2, 1, 1] * [1, 0, 1, 0] : [2, 1, 1, 0]
[0, 2, 1, 1] * [1, 0, 1, 1] : [1, 2, 2, 0]
[0, 2, 1, 1] * [1, 0, 1, 2] : [0, 0, 0, 0]
[0, 2, 1, 1] * [1, 0, 2, 0] : [1, 0, 1, 2]
[0, 2, 1, 1] * [1, 0, 2, 1] : [0, 1, 2, 2]
[0, 2, 1, 1] * [1, 0, 2, 2] : [2, 2, 0, 2]
[0, 2, 1, 1] * [1, 1, 0, 0] : [1, 2, 2, 0]
[0, 2, 1, 1] * [1, 1, 0, 1] : [0, 0, 0, 0]
[0, 2, 1, 1] * [1, 1, 0, 2] : [2, 1, 1, 0]
[0, 2, 1, 1] * [1, 1, 1, 0] : [0, 1, 2, 2]
[0, 2, 1, 1] * [1, 1, 1, 1] : [2, 2, 0, 2]
[0, 2, 1, 1] * [1, 1, 1, 2] : [1, 0, 1, 2]
[0, 2, 1, 1] * [1, 1, 2, 0] : [2, 0, 2, 1]
[0, 2, 1, 1] * [1, 1, 2, 1] : [1, 1, 0, 1]
[0, 2, 1, 1] * [1, 1, 2, 2] : [0, 2, 1, 1]
[0, 2, 1, 1] * [1, 2, 0, 0] : [2, 2, 0, 2]
[0, 2, 1, 1] * [1, 2, 0, 1] : [1, 0, 1, 2]
[0, 2, 1, 1] * [1, 2, 0, 2] : [0, 1, 2, 2]
[0, 2, 1, 1] * [1, 2, 1, 0] : [1, 1, 0, 1]
[0, 2, 1, 1] * [1, 2, 1, 1] : [0, 2, 1, 1]
[0, 2, 1, 1] * [1, 2, 1, 2] : [2, 0, 2, 1]
[0, 2, 1, 1] * [1, 2, 2, 0] : [0, 0, 0, 0]
[0, 2, 1, 1] * [1, 2, 2, 1] : [2, 1, 1, 0]
[0, 2, 1, 1] * [1, 2, 2, 2] : [1, 2, 2, 0]
[0, 2, 1, 1] * [2, 0, 0, 0] : [0, 1, 2, 2]
[0, 2, 1, 1] * [2, 0, 0, 1] : [2, 2, 0, 2]
[0, 2, 1, 1] * [2, 0, 0, 2] : [1, 0, 1, 2]
[0, 2, 1, 1] * [2, 0, 1, 0] : [2, 0, 2, 1]
[0, 2, 1, 1] * [2, 0, 1, 1] : [1, 1, 0, 1]
[0, 2, 1, 1] * [2, 0, 1, 2] : [0, 2, 1, 1]
[0, 2, 1, 1] * [2, 0, 2, 0] : [1, 2, 2, 0]
[0, 2, 1, 1] * [2, 0, 2, 1] : [0, 0, 0, 0]
[0, 2, 1, 1] * [2, 0, 2, 2] : [2, 1, 1, 0]
[0, 2, 1, 1] * [2, 1, 0, 0] : [1, 1, 0, 1]
[0, 2, 1, 1] * [2, 1, 0, 1] : [0, 2, 1, 1]
[0, 2, 1, 1] * [2, 1, 0, 2] : [2, 0, 2, 1]
[0, 2, 1, 1] * [2, 1, 1, 0] : [0, 0, 0, 0]
[0, 2, 1, 1] * [2, 1, 1, 1] : [2, 1, 1, 0]
[0, 2, 1, 1] * [2, 1, 1, 2] : [1, 2, 2, 0]
[0, 2, 1, 1] * [2, 1, 2, 0] : [2, 2, 0, 2]
[0, 2, 1, 1] * [2, 1, 2, 1] : [1, 0, 1, 2]
[0, 2, 1, 1] * [2, 1, 2, 2] : [0, 1, 2, 2]
[0, 2, 1, 1] * [2, 2, 0, 0] : [2, 1, 1, 0]
[0, 2, 1, 1] * [2, 2, 0, 1] : [1, 2, 2, 0]
[0, 2, 1, 1] * [2, 2, 0, 2] : [0, 0, 0, 0]
[0, 2, 1, 1] * [2, 2, 1, 0] : [1, 0, 1, 2]
[0, 2, 1, 1] * [2, 2, 1, 1] : [0, 1, 2, 2]
[0, 2, 1, 1] * [2, 2, 1, 2] : [2, 2, 0, 2]
[0, 2, 1, 1] * [2, 2, 2, 0] : [0, 2, 1, 1]
[0, 2, 1, 1] * [2, 2, 2, 1] : [2, 0, 2, 1]
[0, 2, 1, 1] * [2, 2, 2, 2] : [1, 1, 0, 1]
[0, 2, 1, 2] * [0, 0, 0, 0] : [0, 0, 0, 0]
[0, 2, 1, 2] * [0, 0, 0, 1] : [1, 1, 1, 0]
[0, 2, 1, 2] * [0, 0, 0, 2] : [2, 2, 2, 0]
[0, 2, 1, 2] * [0, 0, 1, 0] : [2, 1, 0, 2]
[0, 2, 1, 2] * [0, 0, 1, 1] : [0, 2, 1, 2]
[0, 2, 1, 2] * [0, 0, 1, 2] : [1, 0, 2, 2]
[0, 2, 1, 2] * [0, 0, 2, 0] : [1, 2, 0, 1]
[0, 2, 1, 2] * [0, 0, 2, 1] : [2, 0, 1, 1]
[0, 2, 1, 2] * [0, 0, 2, 2] : [0, 1, 2, 1]
[0, 2, 1, 2] * [0, 1, 0, 0] : [1, 0, 2, 2]
[0, 2, 1, 2] * [0, 1, 0, 1] : [2, 1, 0, 2]
[0, 2, 1, 2] * [0, 1, 0, 2] : [0, 2, 1, 2]
[0, 2, 1, 2] * [0, 1, 1, 0] : [0, 1, 2, 1]
[0, 2, 1, 2] * [0, 1, 1, 1] : [1, 2, 0, 1]
[0, 2, 1, 2] * [0, 1, 1, 2] : [2, 0, 1, 1]
[0, 2, 1, 2] * [0, 1, 2, 0] : [2, 2, 2, 0]
[0, 2, 1, 2] * [0, 1, 2, 1] : [0, 0, 0, 0]
[0, 2, 1, 2] * [0, 1, 2, 2] : [1, 1, 1, 0]
[0, 2, 1, 2] * [0, 2, 0, 0] : [2, 0, 1, 1]
[0, 2, 1, 2] * [0, 2, 0, 1] : [0, 1, 2, 1]
[0, 2, 1, 2] * [0, 2, 0, 2] : [1, 2, 0, 1]
[0, 2, 1, 2] * [0, 2, 1, 0] : [1, 1, 1, 0]
[0, 2, 1, 2] * [0, 2, 1, 1] : [2, 2, 2, 0]
[0, 2, 1, 2] * [0, 2, 1, 2] : [0, 0, 0, 0]
[0, 2, 1, 2] * [0, 2, 2, 0] : [0, 2, 1, 2]
[0, 2, 1, 2] * [0, 2, 2, 1] : [1, 0, 2, 2]
[0, 2, 1, 2] * [0, 2, 2, 2] : [2, 1, 0, 2]
[0, 2, 1, 2] * [1, 0, 0, 0] : [0, 2, 1, 2]
[0, 2, 1, 2] * [1, 0, 0, 1] : [1, 0, 2, 2]
[0, 2, 1, 2] * [1, 0, 0, 2] : [2, 1, 0, 2]
[0, 2, 1, 2] * [1, 0, 1, 0] : [2, 0, 1, 1]
[0, 2, 1, 2] * [1, 0, 1, 1] : [0, 1, 2, 1]
[0, 2, 1, 2] * [1, 0, 1, 2] : [1, 2, 0, 1]
[0, 2, 1, 2] * [1, 0, 2, 0] : [1, 1, 1, 0]
[0, 2, 1, 2] * [1, 0, 2, 1] : [2, 2, 2, 0]
[0, 2, 1, 2] * [1, 0, 2, 2] : [0, 0, 0, 0]
[0, 2, 1, 2] * [1, 1, 0, 0] : [1, 2, 0, 1]
[0, 2, 1, 2] * [1, 1, 0, 1] : [2, 0, 1, 1]
[0, 2, 1, 2] * [1, 1, 0, 2] : [0, 1, 2, 1]
[0, 2, 1, 2] * [1, 1, 1, 0] : [0, 0, 0, 0]
[0, 2, 1, 2] * [1, 1, 1, 1] : [1, 1, 1, 0]
[0, 2, 1, 2] * [1, 1, 1, 2] : [2, 2, 2, 0]
[0, 2, 1, 2] * [1, 1, 2, 0] : [2, 1, 0, 2]
[0, 2, 1, 2] * [1, 1, 2, 1] : [0, 2, 1, 2]
[0, 2, 1, 2] * [1, 1, 2, 2] : [1, 0, 2, 2]
[0, 2, 1, 2] * [1, 2, 0, 0] : [2, 2, 2, 0]
[0, 2, 1, 2] * [1, 2, 0, 1] : [0, 0, 0, 0]
[0, 2, 1, 2] * [1, 2, 0, 2] : [1, 1, 1, 0]
[0, 2, 1, 2] * [1, 2, 1, 0] : [1, 0, 2, 2]
[0, 2, 1, 2] * [1, 2, 1, 1] : [2, 1, 0, 2]
[0, 2, 1, 2] * [1, 2, 1, 2] : [0, 2, 1, 2]
[0, 2, 1, 2] * [1, 2, 2, 0] : [0, 1, 2, 1]
[0, 2, 1, 2] * [1, 2, 2, 1] : [1, 2, 0, 1]
[0, 2, 1, 2] * [1, 2, 2, 2] : [2, 0, 1, 1]
[0, 2, 1, 2] * [2, 0, 0, 0] : [0, 1, 2, 1]
[0, 2, 1, 2] * [2, 0, 0, 1] : [1, 2, 0, 1]
[0, 2, 1, 2] * [2, 0, 0, 2] : [2, 0, 1, 1]
[0, 2, 1, 2] * [2, 0, 1, 0] : [2, 2, 2, 0]
[0, 2, 1, 2] * [2, 0, 1, 1] : [0, 0, 0, 0]
[0, 2, 1, 2] * [2, 0, 1, 2] : [1, 1, 1, 0]
[0, 2, 1, 2] * [2, 0, 2, 0] : [1, 0, 2, 2]
[0, 2, 1, 2] * [2, 0, 2, 1] : [2, 1, 0, 2]
[0, 2, 1, 2] * [2, 0, 2, 2] : [0, 2, 1, 2]
[0, 2, 1, 2] * [2, 1, 0, 0] : [1, 1, 1, 0]
[0, 2, 1, 2] * [2, 1, 0, 1] : [2, 2, 2, 0]
[0, 2, 1, 2] * [2, 1, 0, 2] : [0, 0, 0, 0]
[0, 2, 1, 2] * [2, 1, 1, 0] : [0, 2, 1, 2]
[0, 2, 1, 2] * [2, 1, 1, 1] : [1, 0, 2, 2]
[0, 2, 1, 2] * [2, 1, 1, 2] : [2, 1, 0, 2]
[0, 2, 1, 2] * [2, 1, 2, 0] : [2, 0, 1, 1]
[0, 2, 1, 2] * [2, 1, 2, 1] : [0, 1, 2, 1]
[0, 2, 1, 2] * [2, 1, 2, 2] : [1, 2, 0, 1]
[0, 2, 1, 2] * [2, 2, 0, 0] : [2, 1, 0, 2]
[0, 2, 1, 2] * [2, 2, 0, 1] : [0, 2, 1, 2]
[0, 2, 1, 2] * [2, 2, 0, 2] : [1, 0, 2, 2]
[0, 2, 1, 2] * [2, 2, 1, 0] : [1, 2, 0, 1]
[0, 2, 1, 2] * [2, 2, 1, 1] : [2, 0, 1, 1]
[0, 2, 1, 2] * [2, 2, 1, 2] : [0, 1, 2, 1]
[0, 2, 1, 2] * [2, 2, 2, 0] : [0, 0, 0, 0]
[0, 2, 1, 2] * [2, 2, 2, 1] : [1, 1, 1, 0]
[0, 2, 1, 2] * [2, 2, 2, 2] : [2, 2, 2, 0]
[0, 2, 2, 0] * [0, 0, 0, 0] : [0, 0, 0, 0]
[0, 2, 2, 0] * [0, 0, 0, 1] : [0, 2, 1, 0]
[0, 2, 2, 0] * [0, 0, 0, 2] : [0, 1, 2, 0]
[0, 2, 2, 0] * [0, 0, 1, 0] : [1, 0, 0, 2]
[0, 2, 2, 0] * [0, 0, 1, 1] : [1, 2, 1, 2]
[0, 2, 2, 0] * [0, 0, 1, 2] : [1, 1, 2, 2]
[0, 2, 2, 0] * [0, 0, 2, 0] : [2, 0, 0, 1]
[0, 2, 2, 0] * [0, 0, 2, 1] : [2, 2, 1, 1]
[0, 2, 2, 0] * [0, 0, 2, 2] : [2, 1, 2, 1]
[0, 2, 2, 0] * [0, 1, 0, 0] : [1, 0, 0, 1]
[0, 2, 2, 0] * [0, 1, 0, 1] : [1, 2, 1, 1]
[0, 2, 2, 0] * [0, 1, 0, 2] : [1, 1, 2, 1]
[0, 2, 2, 0] * [0, 1, 1, 0] : [2, 0, 0, 0]
[0, 2, 2, 0] * [0, 1, 1, 1] : [2, 2, 1, 0]
[0, 2, 2, 0] * [0, 1, 1, 2] : [2, 1, 2, 0]
[0, 2, 2, 0] * [0, 1, 2, 0] : [0, 0, 0, 2]
[0, 2, 2, 0] * [0, 1, 2, 1] : [0, 2, 1, 2]
[0, 2, 2, 0] * [0, 1, 2, 2] : [0, 1, 2, 2]
[0, 2, 2, 0] * [0, 2, 0, 0] : [2, 0, 0, 2]
[0, 2, 2, 0] * [0, 2, 0, 1] : [2, 2, 1, 2]
[0, 2, 2, 0] * [0, 2, 0, 2] : [2, 1, 2, 2]
[0, 2, 2, 0] * [0, 2, 1, 0] : [0, 0, 0, 1]
[0, 2, 2, 0] * [0, 2, 1, 1] : [0, 2, 1, 1]
[0, 2, 2, 0] * [0, 2, 1, 2] : [0, 1, 2, 1]
[0, 2, 2, 0] * [0, 2, 2, 0] : [1, 0, 0, 0]
[0, 2, 2, 0] * [0, 2, 2, 1] : [1, 2, 1, 0]
[0, 2, 2, 0] * [0, 2, 2, 2] : [1, 1, 2, 0]
[0, 2, 2, 0] * [1, 0, 0, 0] : [0, 2, 2, 0]
[0, 2, 2, 0] * [1, 0, 0, 1] : [0, 1, 0, 0]
[0, 2, 2, 0] * [1, 0, 0, 2] : [0, 0, 1, 0]
[0, 2, 2, 0] * [1, 0, 1, 0] : [1, 2, 2, 2]
[0, 2, 2, 0] * [1, 0, 1, 1] : [1, 1, 0, 2]
[0, 2, 2, 0] * [1, 0, 1, 2] : [1, 0, 1, 2]
[0, 2, 2, 0] * [1, 0, 2, 0] : [2, 2, 2, 1]
[0, 2, 2, 0] * [1, 0, 2, 1] : [2, 1, 0, 1]
[0, 2, 2, 0] * [1, 0, 2, 2] : [2, 0, 1, 1]
[0, 2, 2, 0] * [1, 1, 0, 0] : [1, 2, 2, 1]
[0, 2, 2, 0] * [1, 1, 0, 1] : [1, 1, 0, 1]
[0, 2, 2, 0] * [1, 1, 0, 2] : [1, 0, 1, 1]
[0, 2, 2, 0] * [1, 1, 1, 0] : [2, 2, 2, 0]
[0, 2, 2, 0] * [1, 1, 1, 1] : [2, 1, 0, 0]
[0, 2, 2, 0] * [1, 1, 1, 2] : [2, 0, 1, 0]
[0, 2, 2, 0] * [1, 1, 2, 0] : [0, 2, 2, 2]
[0, 2, 2, 0] * [1, 1, 2, 1] : [0, 1, 0, 2]
[0, 2, 2, 0] * [1, 1, 2, 2] : [0, 0, 1, 2]
[0, 2, 2, 0] * [1, 2, 0, 0] : [2, 2, 2, 2]
[0, 2, 2, 0] * [1, 2, 0, 1] : [2, 1, 0, 2]
[0, 2, 2, 0] * [1, 2, 0, 2] : [2, 0, 1, 2]
[0, 2, 2, 0] * [1, 2, 1, 0] : [0, 2, 2, 1]
[0, 2, 2, 0] * [1, 2, 1, 1] : [0, 1, 0, 1]
[0, 2, 2, 0] * [1, 2, 1, 2] : [0, 0, 1, 1]
[0, 2, 2, 0] * [1, 2, 2, 0] : [1, 2, 2, 0]
[0, 2, 2, 0] * [1, 2, 2, 1] : [1, 1, 0, 0]
[0, 2, 2, 0] * [1, 2, 2, 2] : [1, 0, 1, 0]
[0, 2, 2, 0] * [2, 0, 0, 0] : [0, 1, 1, 0]
[0, 2, 2, 0] * [2, 0, 0, 1] : [0, 0, 2, 0]
[0, 2, 2, 0] * [2, 0, 0, 2] : [0, 2, 0, 0]
[0, 2, 2, 0] * [2, 0, 1, 0] : [1, 1, 1, 2]
[0, 2, 2, 0] * [2, 0, 1, 1] : [1, 0, 2, 2]
[0, 2, 2, 0] * [2, 0, 1, 2] : [1, 2, 0, 2]
[0, 2, 2, 0] * [2, 0, 2, 0] : [2, 1, 1, 1]
[0, 2, 2, 0] * [2, 0, 2, 1] : [2, 0, 2, 1]
[0, 2, 2, 0] * [2, 0, 2, 2] : [2, 2, 0, 1]
[0, 2, 2, 0] * [2, 1, 0, 0] : [1, 1, 1, 1]
[0, 2, 2, 0] * [2, 1, 0, 1] : [1, 0, 2, 1]
[0, 2, 2, 0] * [2, 1, 0, 2] : [1, 2, 0, 1]
[0, 2, 2, 0] * [2, 1, 1, 0] : [2, 1, 1, 0]
[0, 2, 2, 0] * [2, 1, 1, 1] : [2, 0, 2, 0]
[0, 2, 2, 0] * [2, 1, 1, 2] : [2, 2, 0, 0]
[0, 2, 2, 0] * [2, 1, 2, 0] : [0, 1, 1, 2]
[0, 2, 2, 0] * [2, 1, 2, 1] : [0, 0, 2, 2]
[0, 2, 2, 0] * [2, 1, 2, 2] : [0, 2, 0, 2]
[0, 2, 2, 0] * [2, 2, 0, 0] : [2, 1, 1, 2]
[0, 2, 2, 0] * [2, 2, 0, 1] : [2, 0, 2, 2]
[0, 2, 2, 0] * [2, 2, 0, 2] : [2, 2, 0, 2]
[0, 2, 2, 0] * [2, 2, 1, 0] : [0, 1, 1, 1]
[0, 2, 2, 0] * [2, 2, 1, 1] : [0, 0, 2, 1]
[0, 2, 2, 0] * [2, 2, 1, 2] : [0, 2, 0, 1]
[0, 2, 2, 0] * [2, 2, 2, 0] : [1, 1, 1, 0]
[0, 2, 2, 0] * [2, 2, 2, 1] : [1, 0, 2, 0]
[0, 2, 2, 0] * [2, 2, 2, 2] : [1, 2, 0, 0]
[0, 2, 2, 1] * [0, 0, 0, 0] : [0, 0, 0, 0]
[0, 2, 2, 1] * [0, 0, 0, 1] : [2, 2, 1, 0]
[0, 2, 2, 1] * [0, 0, 0, 2] : [1, 1, 2, 0]
[0, 2, 2, 1] * [0, 0, 1, 0] : [1, 2, 0, 2]
[0, 2, 2, 1] * [0, 0, 1, 1] : [0, 1, 1, 2]
[0, 2, 2, 1] * [0, 0, 1, 2] : [2, 0, 2, 2]
[0, 2, 2, 1] * [0, 0, 2, 0] : [2, 1, 0, 1]
[0, 2, 2, 1] * [0, 0, 2, 1] : [1, 0, 1, 1]
[0, 2, 2, 1] * [0, 0, 2, 2] : [0, 2, 2, 1]
[0, 2, 2, 1] * [0, 1, 0, 0] : [1, 0, 1, 1]
[0, 2, 2, 1] * [0, 1, 0, 1] : [0, 2, 2, 1]
[0, 2, 2, 1] * [0, 1, 0, 2] : [2, 1, 0, 1]
[0, 2, 2, 1] * [0, 1, 1, 0] : [2, 2, 1, 0]
[0, 2, 2, 1] * [0, 1, 1, 1] : [1, 1, 2, 0]
[0, 2, 2, 1] * [0, 1, 1, 2] : [0, 0, 0, 0]
[0, 2, 2, 1] * [0, 1, 2, 0] : [0, 1, 1, 2]
[0, 2, 2, 1] * [0, 1, 2, 1] : [2, 0, 2, 2]
[0, 2, 2, 1] * [0, 1, 2, 2] : [1, 2, 0, 2]
[0, 2, 2, 1] * [0, 2, 0, 0] : [2, 0, 2, 2]
[0, 2, 2, 1] * [0, 2, 0, 1] : [1, 2, 0, 2]
[0, 2, 2, 1] * [0, 2, 0, 2] : [0, 1, 1, 2]
[0, 2, 2, 1] * [0, 2, 1, 0] : [0, 2, 2, 1]
[0, 2, 2, 1] * [0, 2, 1, 1] : [2, 1, 0, 1]
[0, 2, 2, 1] * [0, 2, 1, 2] : [1, 0, 1, 1]
[0, 2, 2, 1] * [0, 2, 2, 0] : [1, 1, 2, 0]
[0, 2, 2, 1] * [0, 2, 2, 1] : [0, 0, 0, 0]
[0, 2, 2, 1] * [0, 2, 2, 2] : [2, 2, 1, 0]
[0, 2, 2, 1] * [1, 0, 0, 0] : [0, 2, 2, 1]
[0, 2, 2, 1] * [1, 0, 0, 1] : [2, 1, 0, 1]
[0, 2, 2, 1] * [1, 0, 0, 2] : [1, 0, 1, 1]
[0, 2, 2, 1] * [1, 0, 1, 0] : [1, 1, 2, 0]
[0, 2, 2, 1] * [1, 0, 1, 1] : [0, 0, 0, 0]
[0, 2, 2, 1] * [1, 0, 1, 2] : [2, 2, 1, 0]
[0, 2, 2, 1] * [1, 0, 2, 0] : [2, 0, 2, 2]
[0, 2, 2, 1] * [1, 0, 2, 1] : [1, 2, 0, 2]
[0, 2, 2, 1] * [1, 0, 2, 2] : [0, 1, 1, 2]
[0, 2, 2, 1] * [1, 1, 0, 0] : [1, 2, 0, 2]
[0, 2, 2, 1] * [1, 1, 0, 1] : [0, 1, 1, 2]
[0, 2, 2, 1] * [1, 1, 0, 2] : [2, 0, 2, 2]
[0, 2, 2, 1] * [1, 1, 1, 0] : [2, 1, 0, 1]
[0, 2, 2, 1] * [1, 1, 1, 1] : [1, 0, 1, 1]
[0, 2, 2, 1] * [1, 1, 1, 2] : [0, 2, 2, 1]
[0, 2, 2, 1] * [1, 1, 2, 0] : [0, 0, 0, 0]
[0, 2, 2, 1] * [1, 1, 2, 1] : [2, 2, 1, 0]
[0, 2, 2, 1] * [1, 1, 2, 2] : [1, 1, 2, 0]
[0, 2, 2, 1] * [1, 2, 0, 0] : [2, 2, 1, 0]
[0, 2, 2, 1] * [1, 2, 0, 1] : [1, 1, 2, 0]
[0, 2, 2, 1] * [1, 2, 0, 2] : [0, 0, 0, 0]
[0, 2, 2, 1] * [1, 2, 1, 0] : [0, 1, 1, 2]
[0, 2, 2, 1] * [1, 2, 1, 1] : [2, 0, 2, 2]
[0, 2, 2, 1] * [1, 2, 1, 2] : [1, 2, 0, 2]
[0, 2, 2, 1] * [1, 2, 2, 0] : [1, 0, 1, 1]
[0, 2, 2, 1] * [1, 2, 2, 1] : [0, 2, 2, 1]
[0, 2, 2, 1] * [1, 2, 2, 2] : [2, 1, 0, 1]
[0, 2, 2, 1] * [2, 0, 0, 0] : [0, 1, 1, 2]
[0, 2, 2, 1] * [2, 0, 0, 1] : [2, 0, 2, 2]
[0, 2, 2, 1] * [2, 0, 0, 2] : [1, 2, 0, 2]
[0, 2, 2, 1] * [2, 0, 1, 0] : [1, 0, 1, 1]
[0, 2, 2, 1] * [2, 0, 1, 1] : [0, 2, 2, 1]
[0, 2, 2, 1] * [2, 0, 1, 2] : [2, 1, 0, 1]
[0, 2, 2, 1] * [2, 0, 2, 0] : [2, 2, 1, 0]
[0, 2, 2, 1] * [2, 0, 2, 1] : [1, 1, 2, 0]
[0, 2, 2, 1] * [2, 0, 2, 2] : [0, 0, 0, 0]
[0, 2, 2, 1] * [2, 1, 0, 0] : [1, 1, 2, 0]
[0, 2, 2, 1] * [2, 1, 0, 1] : [0, 0, 0, 0]
[0, 2, 2, 1] * [2, 1, 0, 2] : [2, 2, 1, 0]
[0, 2, 2, 1] * [2, 1, 1, 0] : [2, 0, 2, 2]
[0, 2, 2, 1] * [2, 1, 1, 1] : [1, 2, 0, 2]
[0, 2, 2, 1] * [2, 1, 1, 2] : [0, 1, 1, 2]
[0, 2, 2, 1] * [2, 1, 2, 0] : [0, 2, 2, 1]
[0, 2, 2, 1] * [2, 1, 2, 1] : [2, 1, 0, 1]
[0, 2, 2, 1] * [2, 1, 2, 2] : [1, 0, 1, 1]
[0, 2, 2, 1] * [2, 2, 0, 0] : [2, 1, 0, 1]
[0, 2, 2, 1] * [2, 2, 0, 1] : [1, 0, 1, 1]
[0, 2, 2, 1] * [2, 2, 0, 2] : [0, 2, 2, 1]
[0, 2, 2, 1] * [2, 2, 1, 0] : [0, 0, 0, 0]
[0, 2, 2, 1] * [2, 2, 1, 1] : [2, 2, 1, 0]
[0, 2, 2, 1] * [2, 2, 1, 2] : [1, 1, 2, 0]
[0, 2, 2, 1] * [2, 2, 2, 0] : [1, 2, 0, 2]
[0, 2, 2, 1] * [2, 2, 2, 1] : [0, 1, 1, 2]
[0, 2, 2, 1] * [2, 2, 2, 2] : [2, 0, 2, 2]
[0, 2, 2, 2] * [0, 0, 0, 0] : [0, 0, 0, 0]
[0, 2, 2, 2] * [0, 0, 0, 1] : [1, 2, 1, 0]
[0, 2, 2, 2] * [0, 0, 0, 2] : [2, 1, 2, 0]
[0, 2, 2, 2] * [0, 0, 1, 0] : [1, 1, 0, 2]
[0, 2, 2, 2] * [0, 0, 1, 1] : [2, 0, 1, 2]
[0, 2, 2, 2] * [0, 0, 1, 2] : [0, 2, 2, 2]
[0, 2, 2, 2] * [0, 0, 2, 0] : [2, 2, 0, 1]
[0, 2, 2, 2] * [0, 0, 2, 1] : [0, 1, 1, 1]
[0, 2, 2, 2] * [0, 0, 2, 2] : [1, 0, 2, 1]
[0, 2, 2, 2] * [0, 1, 0, 0] : [1, 0, 2, 1]
[0, 2, 2, 2] * [0, 1, 0, 1] : [2, 2, 0, 1]
[0, 2, 2, 2] * [0, 1, 0, 2] : [0, 1, 1, 1]
[0, 2, 2, 2] * [0, 1, 1, 0] : [2, 1, 2, 0]
[0, 2, 2, 2] * [0, 1, 1, 1] : [0, 0, 0, 0]
[0, 2, 2, 2] * [0, 1, 1, 2] : [1, 2, 1, 0]
[0, 2, 2, 2] * [0, 1, 2, 0] : [0, 2, 2, 2]
[0, 2, 2, 2] * [0, 1, 2, 1] : [1, 1, 0, 2]
[0, 2, 2, 2] * [0, 1, 2, 2] : [2, 0, 1, 2]
[0, 2, 2, 2] * [0, 2, 0, 0] : [2, 0, 1, 2]
[0, 2, 2, 2] * [0, 2, 0, 1] : [0, 2, 2, 2]
[0, 2, 2, 2] * [0, 2, 0, 2] : [1, 1, 0, 2]
[0, 2, 2, 2] * [0, 2, 1, 0] : [0, 1, 1, 1]
[0, 2, 2, 2] * [0, 2, 1, 1] : [1, 0, 2, 1]
[0, 2, 2, 2] * [0, 2, 1, 2] : [2, 2, 0, 1]
[0, 2, 2, 2] * [0, 2, 2, 0] : [1, 2, 1, 0]
[0, 2, 2, 2] * [0, 2, 2, 1] : [2, 1, 2, 0]
[0, 2, 2, 2] * [0, 2, 2, 2] : [0, 0, 0, 0]
[0, 2, 2, 2] * [1, 0, 0, 0] : [0, 2, 2, 2]
[0, 2, 2, 2] * [1, 0, 0, 1] : [1, 1, 0, 2]
[0, 2, 2, 2] * [1, 0, 0, 2] : [2, 0, 1, 2]
[0, 2, 2, 2] * [1, 0, 1, 0] : [1, 0, 2, 1]
[0, 2, 2, 2] * [1, 0, 1, 1] : [2, 2, 0, 1]
[0, 2, 2, 2] * [1, 0, 1, 2] : [0, 1, 1, 1]
[0, 2, 2, 2] * [1, 0, 2, 0] : [2, 1, 2, 0]
[0, 2, 2, 2] * [1, 0, 2, 1] : [0, 0, 0, 0]
[0, 2, 2, 2] * [1, 0, 2, 2] : [1, 2, 1, 0]
[0, 2, 2, 2] * [1, 1, 0, 0] : [1, 2, 1, 0]
[0, 2, 2, 2] * [1, 1, 0, 1] : [2, 1, 2, 0]
[0, 2, 2, 2] * [1, 1, 0, 2] : [0, 0, 0, 0]
[0, 2, 2, 2] * [1, 1, 1, 0] : [2, 0, 1, 2]
[0, 2, 2, 2] * [1, 1, 1, 1] : [0, 2, 2, 2]
[0, 2, 2, 2] * [1, 1, 1, 2] : [1, 1, 0, 2]
[0, 2, 2, 2] * [1, 1, 2, 0] : [0, 1, 1, 1]
[0, 2, 2, 2] * [1, 1, 2, 1] : [1, 0, 2, 1]
[0, 2, 2, 2] * [1, 1, 2, 2] : [2, 2, 0, 1]
[0, 2, 2, 2] * [1, 2, 0, 0] : [2, 2, 0, 1]
[0, 2, 2, 2] * [1, 2, 0, 1] : [0, 1, 1, 1]
[0, 2, 2, 2] * [1, 2, 0, 2] : [1, 0, 2, 1]
[0, 2, 2, 2] * [1, 2, 1, 0] : [0, 0, 0, 0]
[0, 2, 2, 2] * [1, 2, 1, 1] : [1, 2, 1, 0]
[0, 2, 2, 2] * [1, 2, 1, 2] : [2, 1, 2, 0]
[0, 2, 2, 2] * [1, 2, 2, 0] : [1, 1, 0, 2]
[0, 2, 2, 2] * [1, 2, 2, 1] : [2, 0, 1, 2]
[0, 2, 2, 2] * [1, 2, 2, 2] : [0, 2, 2, 2]
[0, 2, 2, 2] * [2, 0, 0, 0] : [0, 1, 1, 1]
[0, 2, 2, 2] * [2, 0, 0, 1] : [1, 0, 2, 1]
[0, 2, 2, 2] * [2, 0, 0, 2] : [2, 2, 0, 1]
[0, 2, 2, 2] * [2, 0, 1, 0] : [1, 2, 1, 0]
[0, 2, 2, 2] * [2, 0, 1, 1] : [2, 1, 2, 0]
[0, 2, 2, 2] * [2, 0, 1, 2] : [0, 0, 0, 0]
[0, 2, 2, 2] * [2, 0, 2, 0] : [2, 0, 1, 2]
[0, 2, 2, 2] * [2, 0, 2, 1] : [0, 2, 2, 2]
[0, 2, 2, 2] * [2, 0, 2, 2] : [1, 1, 0, 2]
[0, 2, 2, 2] * [2, 1, 0, 0] : [1, 1, 0, 2]
[0, 2, 2, 2] * [2, 1, 0, 1] : [2, 0, 1, 2]
[0, 2, 2, 2] * [2, 1, 0, 2] : [0, 2, 2, 2]
[0, 2, 2, 2] * [2, 1, 1, 0] : [2, 2, 0, 1]
[0, 2, 2, 2] * [2, 1, 1, 1] : [0, 1, 1, 1]
[0, 2, 2, 2] * [2, 1, 1, 2] : [1, 0, 2, 1]
[0, 2, 2, 2] * [2, 1, 2, 0] : [0, 0, 0, 0]
[0, 2, 2, 2] * [2, 1, 2, 1] : [1, 2, 1, 0]
[0, 2, 2, 2] * [2, 1, 2, 2] : [2, 1, 2, 0]
[0, 2, 2, 2] * [2, 2, 0, 0] : [2, 1, 2, 0]
[0, 2, 2, 2] * [2, 2, 0, 1] : [0, 0, 0, 0]
[0, 2, 2, 2] * [2, 2, 0, 2] : [1, 2, 1, 0]
[0, 2, 2, 2] * [2, 2, 1, 0] : [0, 2, 2, 2]
[0, 2, 2, 2] * [2, 2, 1, 1] : [1, 1, 0, 2]
[0, 2, 2, 2] * [2, 2, 1, 2] : [2, 0, 1, 2]
[0, 2, 2, 2] * [2, 2, 2, 0] : [1, 0, 2, 1]
[0, 2, 2, 2] * [2, 2, 2, 1] : [2, 2, 0, 1]
[0, 2, 2, 2] * [2, 2, 2, 2] : [0, 1, 1, 1]
[1, 0, 0, 0] * [0, 0, 0, 0] : [0, 0, 0, 0]
[1, 0, 0, 0] * [0, 0, 0, 1] : [0, 0, 0, 1]
[1, 0, 0, 0] * [0, 0, 0, 2] : [0, 0, 0, 2]
[1, 0, 0, 0] * [0, 0, 1, 0] : [0, 0, 1, 0]
[1, 0, 0, 0] * [0, 0, 1, 1] : [0, 0, 1, 1]
[1, 0, 0, 0] * [0, 0, 1, 2] : [0, 0, 1, 2]
[1, 0, 0, 0] * [0, 0, 2, 0] : [0, 0, 2, 0]
[1, 0, 0, 0] * [0, 0, 2, 1] : [0, 0, 2, 1]
[1, 0, 0, 0] * [0, 0, 2, 2] : [0, 0, 2, 2]
[1, 0, 0, 0] * [0, 1, 0, 0] : [0, 1, 0, 0]
[1, 0, 0, 0] * [0, 1, 0, 1] : [0, 1, 0, 1]
[1, 0, 0, 0] * [0, 1, 0, 2] : [0, 1, 0, 2]
[1, 0, 0, 0] * [0, 1, 1, 0] : [0, 1, 1, 0]
[1, 0, 0, 0] * [0, 1, 1, 1] : [0, 1, 1, 1]
[1, 0, 0, 0] * [0, 1, 1, 2] : [0, 1, 1, 2]
[1, 0, 0, 0] * [0, 1, 2, 0] : [0, 1, 2, 0]
[1, 0, 0, 0] * [0, 1, 2, 1] : [0, 1, 2, 1]
[1, 0, 0, 0] * [0, 1, 2, 2] : [0, 1, 2, 2]
[1, 0, 0, 0] * [0, 2, 0, 0] : [0, 2, 0, 0]
[1, 0, 0, 0] * [0, 2, 0, 1] : [0, 2, 0, 1]
[1, 0, 0, 0] * [0, 2, 0, 2] : [0, 2, 0, 2]
[1, 0, 0, 0] * [0, 2, 1, 0] : [0, 2, 1, 0]
[1, 0, 0, 0] * [0, 2, 1, 1] : [0, 2, 1, 1]
[1, 0, 0, 0] * [0, 2, 1, 2] : [0, 2, 1, 2]
[1, 0, 0, 0] * [0, 2, 2, 0] : [0, 2, 2, 0]
[1, 0, 0, 0] * [0, 2, 2, 1] : [0, 2, 2, 1]
[1, 0, 0, 0] * [0, 2, 2, 2] : [0, 2, 2, 2]
[1, 0, 0, 0] * [1, 0, 0, 0] : [1, 0, 0, 0]
[1, 0, 0, 0] * [1, 0, 0, 1] : [1, 0, 0, 1]
[1, 0, 0, 0] * [1, 0, 0, 2] : [1, 0, 0, 2]
[1, 0, 0, 0] * [1, 0, 1, 0] : [1, 0, 1, 0]
[1, 0, 0, 0] * [1, 0, 1, 1] : [1, 0, 1, 1]
[1, 0, 0, 0] * [1, 0, 1, 2] : [1, 0, 1, 2]
[1, 0, 0, 0] * [1, 0, 2, 0] : [1, 0, 2, 0]
[1, 0, 0, 0] * [1, 0, 2, 1] : [1, 0, 2, 1]
[1, 0, 0, 0] * [1, 0, 2, 2] : [1, 0, 2, 2]
[1, 0, 0, 0] * [1, 1, 0, 0] : [1, 1, 0, 0]
[1, 0, 0, 0] * [1, 1, 0, 1] : [1, 1, 0, 1]
[1, 0, 0, 0] * [1, 1, 0, 2] : [1, 1, 0, 2]
[1, 0, 0, 0] * [1, 1, 1, 0] : [1, 1, 1, 0]
[1, 0, 0, 0] * [1, 1, 1, 1] : [1, 1, 1, 1]
[1, 0, 0, 0] * [1, 1, 1, 2] : [1, 1, 1, 2]
[1, 0, 0, 0] * [1, 1, 2, 0] : [1, 1, 2, 0]
[1, 0, 0, 0] * [1, 1, 2, 1] : [1, 1, 2, 1]
[1, 0, 0, 0] * [1, 1, 2, 2] : [1, 1, 2, 2]
[1, 0, 0, 0] * [1, 2, 0, 0] : [1, 2, 0, 0]
[1, 0, 0, 0] * [1, 2, 0, 1] : [1, 2, 0, 1]
[1, 0, 0, 0] * [1, 2, 0, 2] : [1, 2, 0, 2]
[1, 0, 0, 0] * [1, 2, 1, 0] : [1, 2, 1, 0]
[1, 0, 0, 0] * [1, 2, 1, 1] : [1, 2, 1, 1]
[1, 0, 0, 0] * [1, 2, 1, 2] : [1, 2, 1, 2]
[1, 0, 0, 0] * [1, 2, 2, 0] : [1, 2, 2, 0]
[1, 0, 0, 0] * [1, 2, 2, 1] : [1, 2, 2, 1]
[1, 0, 0, 0] * [1, 2, 2, 2] : [1, 2, 2, 2]
[1, 0, 0, 0] * [2, 0, 0, 0] : [2, 0, 0, 0]
[1, 0, 0, 0] * [2, 0, 0, 1] : [2, 0, 0, 1]
[1, 0, 0, 0] * [2, 0, 0, 2] : [2, 0, 0, 2]
[1, 0, 0, 0] * [2, 0, 1, 0] : [2, 0, 1, 0]
[1, 0, 0, 0] * [2, 0, 1, 1] : [2, 0, 1, 1]
[1, 0, 0, 0] * [2, 0, 1, 2] : [2, 0, 1, 2]
[1, 0, 0, 0] * [2, 0, 2, 0] : [2, 0, 2, 0]
[1, 0, 0, 0] * [2, 0, 2, 1] : [2, 0, 2, 1]
[1, 0, 0, 0] * [2, 0, 2, 2] : [2, 0, 2, 2]
[1, 0, 0, 0] * [2, 1, 0, 0] : [2, 1, 0, 0]
[1, 0, 0, 0] * [2, 1, 0, 1] : [2, 1, 0, 1]
[1, 0, 0, 0] * [2, 1, 0, 2] : [2, 1, 0, 2]
[1, 0, 0, 0] * [2, 1, 1, 0] : [2, 1, 1, 0]
[1, 0, 0, 0] * [2, 1, 1, 1] : [2, 1, 1, 1]
[1, 0, 0, 0] * [2, 1, 1, 2] : [2, 1, 1, 2]
[1, 0, 0, 0] * [2, 1, 2, 0] : [2, 1, 2, 0]
[1, 0, 0, 0] * [2, 1, 2, 1] : [2, 1, 2, 1]
[1, 0, 0, 0] * [2, 1, 2, 2] : [2, 1, 2, 2]
[1, 0, 0, 0] * [2, 2, 0, 0] : [2, 2, 0, 0]
[1, 0, 0, 0] * [2, 2, 0, 1] : [2, 2, 0, 1]
[1, 0, 0, 0] * [2, 2, 0, 2] : [2, 2, 0, 2]
[1, 0, 0, 0] * [2, 2, 1, 0] : [2, 2, 1, 0]
[1, 0, 0, 0] * [2, 2, 1, 1] : [2, 2, 1, 1]
[1, 0, 0, 0] * [2, 2, 1, 2] : [2, 2, 1, 2]
[1, 0, 0, 0] * [2, 2, 2, 0] : [2, 2, 2, 0]
[1, 0, 0, 0] * [2, 2, 2, 1] : [2, 2, 2, 1]
[1, 0, 0, 0] * [2, 2, 2, 2] : [2, 2, 2, 2]
[1, 0, 0, 1] * [0, 0, 0, 0] : [0, 0, 0, 0]
[1, 0, 0, 1] * [0, 0, 0, 1] : [2, 0, 0, 1]
[1, 0, 0, 1] * [0, 0, 0, 2] : [1, 0, 0, 2]
[1, 0, 0, 1] * [0, 0, 1, 0] : [0, 2, 1, 0]
[1, 0, 0, 1] * [0, 0, 1, 1] : [2, 2, 1, 1]
[1, 0, 0, 1] * [0, 0, 1, 2] : [1, 2, 1, 2]
[1, 0, 0, 1] * [0, 0, 2, 0] : [0, 1, 2, 0]
[1, 0, 0, 1] * [0, 0, 2, 1] : [2, 1, 2, 1]
[1, 0, 0, 1] * [0, 0, 2, 2] : [1, 1, 2, 2]
[1, 0, 0, 1] * [0, 1, 0, 0] : [0, 1, 1, 0]
[1, 0, 0, 1] * [0, 1, 0, 1] : [2, 1, 1, 1]
[1, 0, 0, 1] * [0, 1, 0, 2] : [1, 1, 1, 2]
[1, 0, 0, 1] * [0, 1, 1, 0] : [0, 0, 2, 0]
[1, 0, 0, 1] * [0, 1, 1, 1] : [2, 0, 2, 1]
[1, 0, 0, 1] * [0, 1, 1, 2] : [1, 0, 2, 2]
[1, 0, 0, 1] * [0, 1, 2, 0] : [0, 2, 0, 0]
[1, 0, 0, 1] * [0, 1, 2, 1] : [2, 2, 0, 1]
[1, 0, 0, 1] * [0, 1, 2, 2] : [1, 2, 0, 2]
[1, 0, 0, 1] * [0, 2, 0, 0] : [0, 2, 2, 0]
[1, 0, 0, 1] * [0, 2, 0, 1] : [2, 2, 2, 1]
[1, 0, 0, 1] * [0, 2, 0, 2] : [1, 2, 2, 2]
[1, 0, 0, 1] * [0, 2, 1, 0] : [0, 1, 0, 0]
[1, 0, 0, 1] * [0, 2, 1, 1] : [2, 1, 0, 1]
[1, 0, 0, 1] * [0, 2, 1, 2] : [1, 1, 0, 2]
[1, 0, 0, 1] * [0, 2, 2, 0] : [0, 0, 1, 0]
[1, 0, 0, 1] * [0, 2, 2, 1] : [2, 0, 1, 1]
[1, 0, 0, 1] * [0, 2, 2, 2] : [1, 0, 1, 2]
[1, 0, 0, 1] * [1, 0, 0, 0] : [1, 0, 0, 1]
[1, 0, 0, 1] * [1, 0, 0, 1] : [0, 0, 0, 2]
[1, 0, 0, 1] * [1, 0, 0, 2] : [2, 0, 0, 0]
[1, 0, 0, 1] * [1, 0, 1, 0] : [1, 2, 1, 1]
[1, 0, 0, 1] * [1, 0, 1, 1] : [0, 2, 1, 2]
[1, 0, 0, 1] * [1, 0, 1, 2] : [2, 2, 1, 0]
[1, 0, 0, 1] * [1, 0, 2, 0] : [1, 1, 2, 1]
[1, 0, 0, 1] * [1, 0, 2, 1] : [0, 1, 2, 2]
[1, 0, 0, 1] * [1, 0, 2, 2] : [2, 1, 2, 0]
[1, 0, 0, 1] * [1, 1, 0, 0] : [1, 1, 1, 1]
[1, 0, 0, 1] * [1, 1, 0, 1] : [0, 1, 1, 2]
[1, 0, 0, 1] * [1, 1, 0, 2] : [2, 1, 1, 0]
[1, 0, 0, 1] * [1, 1, 1, 0] : [1, 0, 2, 1]
[1, 0, 0, 1] * [1, 1, 1, 1] : [0, 0, 2, 2]
[1, 0, 0, 1] * [1, 1, 1, 2] : [2, 0, 2, 0]
[1, 0, 0, 1] * [1, 1, 2, 0] : [1, 2, 0, 1]
[1, 0, 0, 1] * [1, 1, 2, 1] : [0, 2, 0, 2]
[1, 0, 0, 1] * [1, 1, 2, 2] : [2, 2, 0, 0]
[1, 0, 0, 1] * [1, 2, 0, 0] : [1, 2, 2, 1]
[1, 0, 0, 1] * [1, 2, 0, 1] : [0, 2, 2, 2]
[1, 0, 0, 1] * [1, 2, 0, 2] : [2, 2, 2, 0]
[1, 0, 0, 1] * [1, 2, 1, 0] : [1, 1, 0, 1]
[1, 0, 0, 1] * [1, 2, 1, 1] : [0, 1, 0, 2]
[1, 0, 0, 1] * [1, 2, 1, 2] : [2, 1, 0, 0]
[1, 0, 0, 1] * [1, 2, 2, 0] : [1, 0, 1, 1]
[1, 0, 0, 1] * [1, 2, 2, 1] : [0, 0, 1, 2]
[1, 0, 0, 1] * [1, 2, 2, 2] : [2, 0, 1, 0]
[1, 0, 0, 1] * [2, 0, 0, 0] : [2, 0, 0, 2]
[1, 0, 0, 1] * [2, 0, 0, 1] : [1, 0, 0, 0]
[1, 0, 0, 1] * [2, 0, 0, 2] : [0, 0, 0, 1]
[1, 0, 0, 1] * [2, 0, 1, 0] : [2, 2, 1, 2]
[1, 0, 0, 1] * [2, 0, 1, 1] : [1, 2, 1, 0]
[1, 0, 0, 1] * [2, 0, 1, 2] : [0, 2, 1, 1]
[1, 0, 0, 1] * [2, 0, 2, 0] : [2, 1, 2, 2]
[1, 0, 0, 1] * [2, 0, 2, 1] : [1, 1, 2, 0]
[1, 0, 0, 1] * [2, 0, 2, 2] : [0, 1, 2, 1]
[1, 0, 0, 1] * [2, 1, 0, 0] : [2, 1, 1, 2]
[1, 0, 0, 1] * [2, 1, 0, 1] : [1, 1, 1, 0]
[1, 0, 0, 1] * [2, 1, 0, 2] : [0, 1, 1, 1]
[1, 0, 0, 1] * [2, 1, 1, 0] : [2, 0, 2, 2]
[1, 0, 0, 1] * [2, 1, 1, 1] : [1, 0, 2, 0]
[1, 0, 0, 1] * [2, 1, 1, 2] : [0, 0, 2, 1]
[1, 0, 0, 1] * [2, 1, 2, 0] : [2, 2, 0, 2]
[1, 0, 0, 1] * [2, 1, 2, 1] : [1, 2, 0, 0]
[1, 0, 0, 1] * [2, 1, 2, 2] : [0, 2, 0, 1]
[1, 0, 0, 1] * [2, 2, 0, 0] : [2, 2, 2, 2]
[1, 0, 0, 1] * [2, 2, 0, 1] : [1, 2, 2, 0]
[1, 0, 0, 1] * [2, 2, 0, 2] : [0, 2, 2, 1]
[1, 0, 0, 1] * [2, 2, 1, 0] : [2, 1, 0, 2]
[1, 0, 0, 1] * [2, 2, 1, 1] : [1, 1, 0, 0]
[1, 0, 0, 1] * [2, 2, 1, 2] : [0, 1, 0, 1]
[1, 0, 0, 1] * [2, 2, 2, 0] : [2, 0, 1, 2]
[1, 0, 0, 1] * [2, 2, 2, 1] : [1, 0, 1, 0]
[1, 0, 0, 1] * [2, 2, 2, 2] : [0, 0, 1, 1]
[1, 0, 0, 2] * [0, 0, 0, 0] : [0, 0, 0, 0]
[1, 0, 0, 2] * [0, 0, 0, 1] : [1, 0, 0, 1]
[1, 0, 0, 2] * [0, 0, 0, 2] : [2, 0, 0, 2]
[1, 0, 0, 2] * [0, 0, 1, 0] : [0, 1, 1, 0]
[1, 0, 0, 2] * [0, 0, 1, 1] : [1, 1, 1, 1]
[1, 0, 0, 2] * [0, 0, 1, 2] : [2, 1, 1, 2]
[1, 0, 0, 2] * [0, 0, 2, 0] : [0, 2, 2, 0]
[1, 0, 0, 2] * [0, 0, 2, 1] : [1, 2, 2, 1]
[1, 0, 0, 2] * [0, 0, 2, 2] : [2, 2, 2, 2]
[1, 0, 0, 2] * [0, 1, 0, 0] : [0, 1, 2, 0]
[1, 0, 0, 2] * [0, 1, 0, 1] : [1, 1, 2, 1]
[1, 0, 0, 2] * [0, 1, 0, 2] : [2, 1, 2, 2]
[1, 0, 0, 2] * [0, 1, 1, 0] : [0, 2, 0, 0]
[1, 0, 0, 2] * [0, 1, 1, 1] : [1, 2, 0, 1]
[1, 0, 0, 2] * [0, 1, 1, 2] : [2, 2, 0, 2]
[1, 0, 0, 2] * [0, 1, 2, 0] : [0, 0, 1, 0]
[1, 0, 0, 2] * [0, 1, 2, 1] : [1, 0, 1, 1]
[1, 0, 0, 2] * [0, 1, 2, 2] : [2, 0, 1, 2]
[1, 0, 0, 2] * [0, 2, 0, 0] : [0, 2, 1, 0]
[1, 0, 0, 2] * [0, 2, 0, 1] : [1, 2, 1, 1]
[1, 0, 0, 2] * [0, 2, 0, 2] : [2, 2, 1, 2]
[1, 0, 0, 2] * [0, 2, 1, 0] : [0, 0, 2, 0]
[1, 0, 0, 2] * [0, 2, 1, 1] : [1, 0, 2, 1]
[1, 0, 0, 2] * [0, 2, 1, 2] : [2, 0, 2, 2]
[1, 0, 0, 2] * [0, 2, 2, 0] : [0, 1, 0, 0]
[1, 0, 0, 2] * [0, 2, 2, 1] : [1, 1, 0, 1]
[1, 0, 0, 2] * [0, 2, 2, 2] : [2, 1, 0, 2]
[1, 0, 0, 2] * [1, 0, 0, 0] : [1, 0, 0, 2]
[1, 0, 0, 2] * [1, 0, 0, 1] : [2, 0, 0, 0]
[1, 0, 0, 2] * [1, 0, 0, 2] : [0, 0, 0, 1]
[1, 0, 0, 2] * [1, 0, 1, 0] : [1, 1, 1, 2]
[1, 0, 0, 2] * [1, 0, 1, 1] : [2, 1, 1, 0]
[1, 0, 0, 2] * [1, 0, 1, 2] : [0, 1, 1, 1]
[1, 0, 0, 2] * [1, 0, 2, 0] : [1, 2, 2, 2]
[1, 0, 0, 2] * [1, 0, 2, 1] : [2, 2, 2, 0]
[1, 0, 0, 2] * [1, 0, 2, 2] : [0, 2, 2, 1]
[1, 0, 0, 2] * [1, 1, 0, 0] : [1, 1, 2, 2]
[1, 0, 0, 2] * [1, 1, 0, 1] : [2, 1, 2, 0]
[1, 0, 0, 2] * [1, 1, 0, 2] : [0, 1, 2, 1]
[1, 0, 0, 2] * [1, 1, 1, 0] : [1, 2, 0, 2]
[1, 0, 0, 2] * [1, 1, 1, 1] : [2, 2, 0, 0]
[1, 0, 0, 2] * [1, 1, 1, 2] : [0, 2, 0, 1]
[1, 0, 0, 2] * [1, 1, 2, 0] : [1, 0, 1, 2]
[1, 0, 0, 2] * [1, 1, 2, 1] : [2, 0, 1, 0]
[1, 0, 0, 2] * [1, 1, 2, 2] : [0, 0, 1, 1]
[1, 0, 0, 2] * [1, 2, 0, 0] : [1, 2, 1, 2]
[1, 0, 0, 2] * [1, 2, 0, 1] : [2, 2, 1, 0]
[1, 0, 0, 2] * [1, 2, 0, 2] : [0, 2, 1, 1]
[1, 0, 0, 2] * [1, 2, 1, 0] : [1, 0, 2, 2]
[1, 0, 0, 2] * [1, 2, 1, 1] : [2, 0, 2, 0]
[1, 0, 0, 2] * [1, 2, 1, 2] : [0, 0, 2, 1]
[1, 0, 0, 2] * [1, 2, 2, 0] : [1, 1, 0, 2]
[1, 0, 0, 2] * [1, 2, 2, 1] : [2, 1, 0, 0]
[1, 0, 0, 2] * [1, 2, 2, 2] : [0, 1, 0, 1]
[1, 0, 0, 2] * [2, 0, 0, 0] : [2, 0, 0, 1]
[1, 0, 0, 2] * [2, 0, 0, 1] : [0, 0, 0, 2]
[1, 0, 0, 2] * [2, 0, 0, 2] : [1, 0, 0, 0]
[1, 0, 0, 2] * [2, 0, 1, 0] : [2, 1, 1, 1]
[1, 0, 0, 2] * [2, 0, 1, 1] : [0, 1, 1, 2]
[1, 0, 0, 2] * [2, 0, 1, 2] : [1, 1, 1, 0]
[1, 0, 0, 2] * [2, 0, 2, 0] : [2, 2, 2, 1]
[1, 0, 0, 2] * [2, 0, 2, 1] : [0, 2, 2, 2]
[1, 0, 0, 2] * [2, 0, 2, 2] : [1, 2, 2, 0]
[1, 0, 0, 2] * [2, 1, 0, 0] : [2, 1, 2, 1]
[1, 0, 0, 2] * [2, 1, 0, 1] : [0, 1, 2, 2]
[1, 0, 0, 2] * [2, 1, 0, 2] : [1, 1, 2, 0]
[1, 0, 0, 2] * [2, 1, 1, 0] : [2, 2, 0, 1]
[1, 0, 0, 2] * [2, 1, 1, 1] : [0, 2, 0, 2]
[1, 0, 0, 2] * [2, 1, 1, 2] : [1, 2, 0, 0]
[1, 0, 0, 2] * [2, 1, 2, 0] : [2, 0, 1, 1]
[1, 0, 0, 2] * [2, 1, 2, 1] : [0, 0, 1, 2]
[1, 0, 0, 2] * [2, 1, 2, 2] : [1, 0, 1, 0]
[1, 0, 0, 2] * [2, 2, 0, 0] : [2, 2, 1, 1]
[1, 0, 0, 2] * [2, 2, 0, 1] : [0, 2, 1, 2]
[1, 0, 0, 2] * [2, 2, 0, 2] : [1, 2, 1, 0]
[1, 0, 0, 2] * [2, 2, 1, 0] : [2, 0, 2, 1]
[1, 0, 0, 2] * [2, 2, 1, 1] : [0, 0, 2, 2]
[1, 0, 0, 2] * [2, 2, 1, 2] : [1, 0, 2, 0]
[1, 0, 0, 2] * [2, 2, 2, 0] : [2, 1, 0, 1]
[1, 0, 0, 2] * [2, 2, 2, 1] : [0, 1, 0, 2]
[1, 0, 0, 2] * [2, 2, 2, 2] : [1, 1, 0, 0]
[1, 0, 1, 0] * [0, 0, 0, 0] : [0, 0, 0, 0]
[1, 0, 1, 0] * [0, 0, 0, 1] : [0, 1, 0, 1]
[1, 0, 1, 0] * [0, 0, 0, 2] : [0, 2, 0, 2]
[1, 0, 1, 0] * [0, 0, 1, 0] : [2, 0, 1, 0]
[1, 0, 1, 0] * [0, 0, 1, 1] : [2, 1, 1, 1]
[1, 0, 1, 0] * [0, 0, 1, 2] : [2, 2, 1, 2]
[1, 0, 1, 0] * [0, 0, 2, 0] : [1, 0, 2, 0]
[1, 0, 1, 0] * [0, 0, 2, 1] : [1, 1, 2, 1]
[1, 0, 1, 0] * [0, 0, 2, 2] : [1, 2, 2, 2]
[1, 0, 1, 0] * [0, 1, 0, 0] : [0, 1, 0, 2]
[1, 0, 1, 0] * [0, 1, 0, 1] : [0, 2, 0, 0]
[1, 0, 1, 0] * [0, 1, 0, 2] : [0, 0, 0, 1]
[1, 0, 1, 0] * [0, 1, 1, 0] : [2, 1, 1, 2]
[1, 0, 1, 0] * [0, 1, 1, 1] : [2, 2, 1, 0]
[1, 0, 1, 0] * [0, 1, 1, 2] : [2, 0, 1, 1]
[1, 0, 1, 0] * [0, 1, 2, 0] : [1, 1, 2, 2]
[1, 0, 1, 0] * [0, 1, 2, 1] : [1, 2, 2, 0]
[1, 0, 1, 0] * [0, 1, 2, 2] : [1, 0, 2, 1]
[1, 0, 1, 0] * [0, 2, 0, 0] : [0, 2, 0, 1]
[1, 0, 1, 0] * [0, 2, 0, 1] : [0, 0, 0, 2]
[1, 0, 1, 0] * [0, 2, 0, 2] : [0, 1, 0, 0]
[1, 0, 1, 0] * [0, 2, 1, 0] : [2, 2, 1, 1]
[1, 0, 1, 0] * [0, 2, 1, 1] : [2, 0, 1, 2]
[1, 0, 1, 0] * [0, 2, 1, 2] : [2, 1, 1, 0]
[1, 0, 1, 0] * [0, 2, 2, 0] : [1, 2, 2, 1]
[1, 0, 1, 0] * [0, 2, 2, 1] : [1, 0, 2, 2]
[1, 0, 1, 0] * [0, 2, 2, 2] : [1, 1, 2, 0]
[1, 0, 1, 0] * [1, 0, 0, 0] : [1, 0, 1, 0]
[1, 0, 1, 0] * [1, 0, 0, 1] : [1, 1, 1, 1]
[1, 0, 1, 0] * [1, 0, 0, 2] : [1, 2, 1, 2]
[1, 0, 1, 0] * [1, 0, 1, 0] : [0, 0, 2, 0]
[1, 0, 1, 0] * [1, 0, 1, 1] : [0, 1, 2, 1]
[1, 0, 1, 0] * [1, 0, 1, 2] : [0, 2, 2, 2]
[1, 0, 1, 0] * [1, 0, 2, 0] : [2, 0, 0, 0]
[1, 0, 1, 0] * [1, 0, 2, 1] : [2, 1, 0, 1]
[1, 0, 1, 0] * [1, 0, 2, 2] : [2, 2, 0, 2]
[1, 0, 1, 0] * [1, 1, 0, 0] : [1, 1, 1, 2]
[1, 0, 1, 0] * [1, 1, 0, 1] : [1, 2, 1, 0]
[1, 0, 1, 0] * [1, 1, 0, 2] : [1, 0, 1, 1]
[1, 0, 1, 0] * [1, 1, 1, 0] : [0, 1, 2, 2]
[1, 0, 1, 0] * [1, 1, 1, 1] : [0, 2, 2, 0]
[1, 0, 1, 0] * [1, 1, 1, 2] : [0, 0, 2, 1]
[1, 0, 1, 0] * [1, 1, 2, 0] : [2, 1, 0, 2]
[1, 0, 1, 0] * [1, 1, 2, 1] : [2, 2, 0, 0]
[1, 0, 1, 0] * [1, 1, 2, 2] : [2, 0, 0, 1]
[1, 0, 1, 0] * [1, 2, 0, 0] : [1, 2, 1, 1]
[1, 0, 1, 0] * [1, 2, 0, 1] : [1, 0, 1, 2]
[1, 0, 1, 0] * [1, 2, 0, 2] : [1, 1, 1, 0]
[1, 0, 1, 0] * [1, 2, 1, 0] : [0, 2, 2, 1]
[1, 0, 1, 0] * [1, 2, 1, 1] : [0, 0, 2, 2]
[1, 0, 1, 0] * [1, 2, 1, 2] : [0, 1, 2, 0]
[1, 0, 1, 0] * [1, 2, 2, 0] : [2, 2, 0, 1]
[1, 0, 1, 0] * [1, 2, 2, 1] : [2, 0, 0, 2]
[1, 0, 1, 0] * [1, 2, 2, 2] : [2, 1, 0, 0]
[1, 0, 1, 0] * [2, 0, 0, 0] : [2, 0, 2, 0]
[1, 0, 1, 0] * [2, 0, 0, 1] : [2, 1, 2, 1]
[1, 0, 1, 0] * [2, 0, 0, 2] : [2, 2, 2, 2]
[1, 0, 1, 0] * [2, 0, 1, 0] : [1, 0, 0, 0]
[1, 0, 1, 0] * [2, 0, 1, 1] : [1, 1, 0, 1]
[1, 0, 1, 0] * [2, 0, 1, 2] : [1, 2, 0, 2]
[1, 0, 1, 0] * [2, 0, 2, 0] : [0, 0, 1, 0]
[1, 0, 1, 0] * [2, 0, 2, 1] : [0, 1, 1, 1]
[1, 0, 1, 0] * [2, 0, 2, 2] : [0, 2, 1, 2]
[1, 0, 1, 0] * [2, 1, 0, 0] : [2, 1, 2, 2]
[1, 0, 1, 0] * [2, 1, 0, 1] : [2, 2, 2, 0]
[1, 0, 1, 0] * [2, 1, 0, 2] : [2, 0, 2, 1]
[1, 0, 1, 0] * [2, 1, 1, 0] : [1, 1, 0, 2]
[1, 0, 1, 0] * [2, 1, 1, 1] : [1, 2, 0, 0]
[1, 0, 1, 0] * [2, 1, 1, 2] : [1, 0, 0, 1]
[1, 0, 1, 0] * [2, 1, 2, 0] : [0, 1, 1, 2]
[1, 0, 1, 0] * [2, 1, 2, 1] : [0, 2, 1, 0]
[1, 0, 1, 0] * [2, 1, 2, 2] : [0, 0, 1, 1]
[1, 0, 1, 0] * [2, 2, 0, 0] : [2, 2, 2, 1]
[1, 0, 1, 0] * [2, 2, 0, 1] : [2, 0, 2, 2]
[1, 0, 1, 0] * [2, 2, 0, 2] : [2, 1, 2, 0]
[1, 0, 1, 0] * [2, 2, 1, 0] : [1, 2, 0, 1]
[1, 0, 1, 0] * [2, 2, 1, 1] : [1, 0, 0, 2]
[1, 0, 1, 0] * [2, 2, 1, 2] : [1, 1, 0, 0]
[1, 0, 1, 0] * [2, 2, 2, 0] : [0, 2, 1, 1]
[1, 0, 1, 0] * [2, 2, 2, 1] : [0, 0, 1, 2]
[1, 0, 1, 0] * [2, 2, 2, 2] : [0, 1, 1, 0]
[1, 0, 1, 1] * [0, 0, 0, 0] : [0, 0, 0, 0]
[1, 0, 1, 1] * [0, 0, 0, 1] : [2, 1, 0, 1]
[1, 0, 1, 1] * [0, 0, 0, 2] : [1, 2, 0, 2]
[1, 0, 1, 1] * [0, 0, 1, 0] : [2, 2, 1, 0]
[1, 0, 1, 1] * [0, 0, 1, 1] : [1, 0, 1, 1]
[1, 0, 1, 1] * [0, 0, 1, 2] : [0, 1, 1, 2]
[1, 0, 1, 1] * [0, 0, 2, 0] : [1, 1, 2, 0]
[1, 0, 1, 1] * [0, 0, 2, 1] : [0, 2, 2, 1]
[1, 0, 1, 1] * [0, 0, 2, 2] : [2, 0, 2, 2]
[1, 0, 1, 1] * [0, 1, 0, 0] : [0, 1, 1, 2]
[1, 0, 1, 1] * [0, 1, 0, 1] : [2, 2, 1, 0]
[1, 0, 1, 1] * [0, 1, 0, 2] : [1, 0, 1, 1]
[1, 0, 1, 1] * [0, 1, 1, 0] : [2, 0, 2, 2]
[1, 0, 1, 1] * [0, 1, 1, 1] : [1, 1, 2, 0]
[1, 0, 1, 1] * [0, 1, 1, 2] : [0, 2, 2, 1]
[1, 0, 1, 1] * [0, 1, 2, 0] : [1, 2, 0, 2]
[1, 0, 1, 1] * [0, 1, 2, 1] : [0, 0, 0, 0]
[1, 0, 1, 1] * [0, 1, 2, 2] : [2, 1, 0, 1]
[1, 0, 1, 1] * [0, 2, 0, 0] : [0, 2, 2, 1]
[1, 0, 1, 1] * [0, 2, 0, 1] : [2, 0, 2, 2]
[1, 0, 1, 1] * [0, 2, 0, 2] : [1, 1, 2, 0]
[1, 0, 1, 1] * [0, 2, 1, 0] : [2, 1, 0, 1]
[1, 0, 1, 1] * [0, 2, 1, 1] : [1, 2, 0, 2]
[1, 0, 1, 1] * [0, 2, 1, 2] : [0, 0, 0, 0]
[1, 0, 1, 1] * [0, 2, 2, 0] : [1, 0, 1, 1]
[1, 0, 1, 1] * [0, 2, 2, 1] : [0, 1, 1, 2]
[1, 0, 1, 1] * [0, 2, 2, 2] : [2, 2, 1, 0]
[1, 0, 1, 1] * [1, 0, 0, 0] : [1, 0, 1, 1]
[1, 0, 1, 1] * [1, 0, 0, 1] : [0, 1, 1, 2]
[1, 0, 1, 1] * [1, 0, 0, 2] : [2, 2, 1, 0]
[1, 0, 1, 1] * [1, 0, 1, 0] : [0, 2, 2, 1]
[1, 0, 1, 1] * [1, 0, 1, 1] : [2, 0, 2, 2]
[1, 0, 1, 1] * [1, 0, 1, 2] : [1, 1, 2, 0]
[1, 0, 1, 1] * [1, 0, 2, 0] : [2, 1, 0, 1]
[1, 0, 1, 1] * [1, 0, 2, 1] : [1, 2, 0, 2]
[1, 0, 1, 1] * [1, 0, 2, 2] : [0, 0, 0, 0]
[1, 0, 1, 1] * [1, 1, 0, 0] : [1, 1, 2, 0]
[1, 0, 1, 1] * [1, 1, 0, 1] : [0, 2, 2, 1]
[1, 0, 1, 1] * [1, 1, 0, 2] : [2, 0, 2, 2]
[1, 0, 1, 1] * [1, 1, 1, 0] : [0, 0, 0, 0]
[1, 0, 1, 1] * [1, 1, 1, 1] : [2, 1, 0, 1]
[1, 0, 1, 1] * [1, 1, 1, 2] : [1, 2, 0, 2]
[1, 0, 1, 1] * [1, 1, 2, 0] : [2, 2, 1, 0]
[1, 0, 1, 1] * [1, 1, 2, 1] : [1, 0, 1, 1]
[1, 0, 1, 1] * [1, 1, 2, 2] : [0, 1, 1, 2]
[1, 0, 1, 1] * [1, 2, 0, 0] : [1, 2, 0, 2]
[1, 0, 1, 1] * [1, 2, 0, 1] : [0, 0, 0, 0]
[1, 0, 1, 1] * [1, 2, 0, 2] : [2, 1, 0, 1]
[1, 0, 1, 1] * [1, 2, 1, 0] : [0, 1, 1, 2]
[1, 0, 1, 1] * [1, 2, 1, 1] : [2, 2, 1, 0]
[1, 0, 1, 1] * [1, 2, 1, 2] : [1, 0, 1, 1]
[1, 0, 1, 1] * [1, 2, 2, 0] : [2, 0, 2, 2]
[1, 0, 1, 1] * [1, 2, 2, 1] : [1, 1, 2, 0]
[1, 0, 1, 1] * [1, 2, 2, 2] : [0, 2, 2, 1]
[1, 0, 1, 1] * [2, 0, 0, 0] : [2, 0, 2, 2]
[1, 0, 1, 1] * [2, 0, 0, 1] : [1, 1, 2, 0]
[1, 0, 1, 1] * [2, 0, 0, 2] : [0, 2, 2, 1]
[1, 0, 1, 1] * [2, 0, 1, 0] : [1, 2, 0, 2]
[1, 0, 1, 1] * [2, 0, 1, 1] : [0, 0, 0, 0]
[1, 0, 1, 1] * [2, 0, 1, 2] : [2, 1, 0, 1]
[1, 0, 1, 1] * [2, 0, 2, 0] : [0, 1, 1, 2]
[1, 0, 1, 1] * [2, 0, 2, 1] : [2, 2, 1, 0]
[1, 0, 1, 1] * [2, 0, 2, 2] : [1, 0, 1, 1]
[1, 0, 1, 1] * [2, 1, 0, 0] : [2, 1, 0, 1]
[1, 0, 1, 1] * [2, 1, 0, 1] : [1, 2, 0, 2]
[1, 0, 1, 1] * [2, 1, 0, 2] : [0, 0, 0, 0]
[1, 0, 1, 1] * [2, 1, 1, 0] : [1, 0, 1, 1]
[1, 0, 1, 1] * [2, 1, 1, 1] : [0, 1, 1, 2]
[1, 0, 1, 1] * [2, 1, 1, 2] : [2, 2, 1, 0]
[1, 0, 1, 1] * [2, 1, 2, 0] : [0, 2, 2, 1]
[1, 0, 1, 1] * [2, 1, 2, 1] : [2, 0, 2, 2]
[1, 0, 1, 1] * [2, 1, 2, 2] : [1, 1, 2, 0]
[1, 0, 1, 1] * [2, 2, 0, 0] : [2, 2, 1, 0]
[1, 0, 1, 1] * [2, 2, 0, 1] : [1, 0, 1, 1]
[1, 0, 1, 1] * [2, 2, 0, 2] : [0, 1, 1, 2]
[1, 0, 1, 1] * [2, 2, 1, 0] : [1, 1, 2, 0]
[1, 0, 1, 1] * [2, 2, 1, 1] : [0, 2, 2, 1]
[1, 0, 1, 1] * [2, 2, 1, 2] : [2, 0, 2, 2]
[1, 0, 1, 1] * [2, 2, 2, 0] : [0, 0, 0, 0]
[1, 0, 1, 1] * [2, 2, 2, 1] : [2, 1, 0, 1]
[1, 0, 1, 1] * [2, 2, 2, 2] : [1, 2, 0, 2]
[1, 0, 1, 2] * [0, 0, 0, 0] : [0, 0, 0, 0]
[1, 0, 1, 2] * [0, 0, 0, 1] : [1, 1, 0, 1]
[1, 0, 1, 2] * [0, 0, 0, 2] : [2, 2, 0, 2]
[1, 0, 1, 2] * [0, 0, 1, 0] : [2, 1, 1, 0]
[1, 0, 1, 2] * [0, 0, 1, 1] : [0, 2, 1, 1]
[1, 0, 1, 2] * [0, 0, 1, 2] : [1, 0, 1, 2]
[1, 0, 1, 2] * [0, 0, 2, 0] : [1, 2, 2, 0]
[1, 0, 1, 2] * [0, 0, 2, 1] : [2, 0, 2, 1]
[1, 0, 1, 2] * [0, 0, 2, 2] : [0, 1, 2, 2]
[1, 0, 1, 2] * [0, 1, 0, 0] : [0, 1, 2, 2]
[1, 0, 1, 2] * [0, 1, 0, 1] : [1, 2, 2, 0]
[1, 0, 1, 2] * [0, 1, 0, 2] : [2, 0, 2, 1]
[1, 0, 1, 2] * [0, 1, 1, 0] : [2, 2, 0, 2]
[1, 0, 1, 2] * [0, 1, 1, 1] : [0, 0, 0, 0]
[1, 0, 1, 2] * [0, 1, 1, 2] : [1, 1, 0, 1]
[1, 0, 1, 2] * [0, 1, 2, 0] : [1, 0, 1, 2]
[1, 0, 1, 2] * [0, 1, 2, 1] : [2, 1, 1, 0]
[1, 0, 1, 2] * [0, 1, 2, 2] : [0, 2, 1, 1]
[1, 0, 1, 2] * [0, 2, 0, 0] : [0, 2, 1, 1]
[1, 0, 1, 2] * [0, 2, 0, 1] : [1, 0, 1, 2]
[1, 0, 1, 2] * [0, 2, 0, 2] : [2, 1, 1, 0]
[1, 0, 1, 2] * [0, 2, 1, 0] : [2, 0, 2, 1]
[1, 0, 1, 2] * [0, 2, 1, 1] : [0, 1, 2, 2]
[1, 0, 1, 2] * [0, 2, 1, 2] : [1, 2, 2, 0]
[1, 0, 1, 2] * [0, 2, 2, 0] : [1, 1, 0, 1]
[1, 0, 1, 2] * [0, 2, 2, 1] : [2, 2, 0, 2]
[1, 0, 1, 2] * [0, 2, 2, 2] : [0, 0, 0, 0]
[1, 0, 1, 2] * [1, 0, 0, 0] : [1, 0, 1, 2]
[1, 0, 1, 2] * [1, 0, 0, 1] : [2, 1, 1, 0]
[1, 0, 1, 2] * [1, 0, 0, 2] : [0, 2, 1, 1]
[1, 0, 1, 2] * [1, 0, 1, 0] : [0, 1, 2, 2]
[1, 0, 1, 2] * [1, 0, 1, 1] : [1, 2, 2, 0]
[1, 0, 1, 2] * [1, 0, 1, 2] : [2, 0, 2, 1]
[1, 0, 1, 2] * [1, 0, 2, 0] : [2, 2, 0, 2]
[1, 0, 1, 2] * [1, 0, 2, 1] : [0, 0, 0, 0]
[1, 0, 1, 2] * [1, 0, 2, 2] : [1, 1, 0, 1]
[1, 0, 1, 2] * [1, 1, 0, 0] : [1, 1, 0, 1]
[1, 0, 1, 2] * [1, 1, 0, 1] : [2, 2, 0, 2]
[1, 0, 1, 2] * [1, 1, 0, 2] : [0, 0, 0, 0]
[1, 0, 1, 2] * [1, 1, 1, 0] : [0, 2, 1, 1]
[1, 0, 1, 2] * [1, 1, 1, 1] : [1, 0, 1, 2]
[1, 0, 1, 2] * [1, 1, 1, 2] : [2, 1, 1, 0]
[1, 0, 1, 2] * [1, 1, 2, 0] : [2, 0, 2, 1]
[1, 0, 1, 2] * [1, 1, 2, 1] : [0, 1, 2, 2]
[1, 0, 1, 2] * [1, 1, 2, 2] : [1, 2, 2, 0]
[1, 0, 1, 2] * [1, 2, 0, 0] : [1, 2, 2, 0]
[1, 0, 1, 2] * [1, 2, 0, 1] : [2, 0, 2, 1]
[1, 0, 1, 2] * [1, 2, 0, 2] : [0, 1, 2, 2]
[1, 0, 1, 2] * [1, 2, 1, 0] : [0, 0, 0, 0]
[1, 0, 1, 2] * [1, 2, 1, 1] : [1, 1, 0, 1]
[1, 0, 1, 2] * [1, 2, 1, 2] : [2, 2, 0, 2]
[1, 0, 1, 2] * [1, 2, 2, 0] : [2, 1, 1, 0]
[1, 0, 1, 2] * [1, 2, 2, 1] : [0, 2, 1, 1]
[1, 0, 1, 2] * [1, 2, 2, 2] : [1, 0, 1, 2]
[1, 0, 1, 2] * [2, 0, 0, 0] : [2, 0, 2, 1]
[1, 0, 1, 2] * [2, 0, 0, 1] : [0, 1, 2, 2]
[1, 0, 1, 2] * [2, 0, 0, 2] : [1, 2, 2, 0]
[1, 0, 1, 2] * [2, 0, 1, 0] : [1, 1, 0, 1]
[1, 0, 1, 2] * [2, 0, 1, 1] : [2, 2, 0, 2]
[1, 0, 1, 2] * [2, 0, 1, 2] : [0, 0, 0, 0]
[1, 0, 1, 2] * [2, 0, 2, 0] : [0, 2, 1, 1]
[1, 0, 1, 2] * [2, 0, 2, 1] : [1, 0, 1, 2]
[1, 0, 1, 2] * [2, 0, 2, 2] : [2, 1, 1, 0]
[1, 0, 1, 2] * [2, 1, 0, 0] : [2, 1, 1, 0]
[1, 0, 1, 2] * [2, 1, 0, 1] : [0, 2, 1, 1]
[1, 0, 1, 2] * [2, 1, 0, 2] : [1, 0, 1, 2]
[1, 0, 1, 2] * [2, 1, 1, 0] : [1, 2, 2, 0]
[1, 0, 1, 2] * [2, 1, 1, 1] : [2, 0, 2, 1]
[1, 0, 1, 2] * [2, 1, 1, 2] : [0, 1, 2, 2]
[1, 0, 1, 2] * [2, 1, 2, 0] : [0, 0, 0, 0]
[1, 0, 1, 2] * [2, 1, 2, 1] : [1, 1, 0, 1]
[1, 0, 1, 2] * [2, 1, 2, 2] : [2, 2, 0, 2]
[1, 0, 1, 2] * [2, 2, 0, 0] : [2, 2, 0, 2]
[1, 0, 1, 2] * [2, 2, 0, 1] : [0, 0, 0, 0]
[1, 0, 1, 2] * [2, 2, 0, 2] : [1, 1, 0, 1]
[1, 0, 1, 2] * [2, 2, 1, 0] : [1, 0, 1, 2]
[1, 0, 1, 2] * [2, 2, 1, 1] : [2, 1, 1, 0]
[1, 0, 1, 2] * [2, 2, 1, 2] : [0, 2, 1, 1]
[1, 0, 1, 2] * [2, 2, 2, 0] : [0, 1, 2, 2]
[1, 0, 1, 2] * [2, 2, 2, 1] : [1, 2, 2, 0]
[1, 0, 1, 2] * [2, 2, 2, 2] : [2, 0, 2, 1]
[1, 0, 2, 0] * [0, 0, 0, 0] : [0, 0, 0, 0]
[1, 0, 2, 0] * [0, 0, 0, 1] : [0, 2, 0, 1]
[1, 0, 2, 0] * [0, 0, 0, 2] : [0, 1, 0, 2]
[1, 0, 2, 0] * [0, 0, 1, 0] : [1, 0, 1, 0]
[1, 0, 2, 0] * [0, 0, 1, 1] : [1, 2, 1, 1]
[1, 0, 2, 0] * [0, 0, 1, 2] : [1, 1, 1, 2]
[1, 0, 2, 0] * [0, 0, 2, 0] : [2, 0, 2, 0]
[1, 0, 2, 0] * [0, 0, 2, 1] : [2, 2, 2, 1]
[1, 0, 2, 0] * [0, 0, 2, 2] : [2, 1, 2, 2]
[1, 0, 2, 0] * [0, 1, 0, 0] : [0, 1, 0, 1]
[1, 0, 2, 0] * [0, 1, 0, 1] : [0, 0, 0, 2]
[1, 0, 2, 0] * [0, 1, 0, 2] : [0, 2, 0, 0]
[1, 0, 2, 0] * [0, 1, 1, 0] : [1, 1, 1, 1]
[1, 0, 2, 0] * [0, 1, 1, 1] : [1, 0, 1, 2]
[1, 0, 2, 0] * [0, 1, 1, 2] : [1, 2, 1, 0]
[1, 0, 2, 0] * [0, 1, 2, 0] : [2, 1, 2, 1]
[1, 0, 2, 0] * [0, 1, 2, 1] : [2, 0, 2, 2]
[1, 0, 2, 0] * [0, 1, 2, 2] : [2, 2, 2, 0]
[1, 0, 2, 0] * [0, 2, 0, 0] : [0, 2, 0, 2]
[1, 0, 2, 0] * [0, 2, 0, 1] : [0, 1, 0, 0]
[1, 0, 2, 0] * [0, 2, 0, 2] : [0, 0, 0, 1]
[1, 0, 2, 0] * [0, 2, 1, 0] : [1, 2, 1, 2]
[1, 0, 2, 0] * [0, 2, 1, 1] : [1, 1, 1, 0]
[1, 0, 2, 0] * [0, 2, 1, 2] : [1, 0, 1, 1]
[1, 0, 2, 0] * [0, 2, 2, 0] : [2, 2, 2, 2]
[1, 0, 2, 0] * [0, 2, 2, 1] : [2, 1, 2, 0]
[1, 0, 2, 0] * [0, 2, 2, 2] : [2, 0, 2, 1]
[1, 0, 2, 0] * [1, 0, 0, 0] : [1, 0, 2, 0]
[1, 0, 2, 0] * [1, 0, 0, 1] : [1, 2, 2, 1]
[1, 0, 2, 0] * [1, 0, 0, 2] : [1, 1, 2, 2]
[1, 0, 2, 0] * [1, 0, 1, 0] : [2, 0, 0, 0]
[1, 0, 2, 0] * [1, 0, 1, 1] : [2, 2, 0, 1]
[1, 0, 2, 0] * [1, 0, 1, 2] : [2, 1, 0, 2]
[1, 0, 2, 0] * [1, 0, 2, 0] : [0, 0, 1, 0]
[1, 0, 2, 0] * [1, 0, 2, 1] : [0, 2, 1, 1]
[1, 0, 2, 0] * [1, 0, 2, 2] : [0, 1, 1, 2]
[1, 0, 2, 0] * [1, 1, 0, 0] : [1, 1, 2, 1]
[1, 0, 2, 0] * [1, 1, 0, 1] : [1, 0, 2, 2]
[1, 0, 2, 0] * [1, 1, 0, 2] : [1, 2, 2, 0]
[1, 0, 2, 0] * [1, 1, 1, 0] : [2, 1, 0, 1]
[1, 0, 2, 0] * [1, 1, 1, 1] : [2, 0, 0, 2]
[1, 0, 2, 0] * [1, 1, 1, 2] : [2, 2, 0, 0]
[1, 0, 2, 0] * [1, 1, 2, 0] : [0, 1, 1, 1]
[1, 0, 2, 0] * [1, 1, 2, 1] : [0, 0, 1, 2]
[1, 0, 2, 0] * [1, 1, 2, 2] : [0, 2, 1, 0]
[1, 0, 2, 0] * [1, 2, 0, 0] : [1, 2, 2, 2]
[1, 0, 2, 0] * [1, 2, 0, 1] : [1, 1, 2, 0]
[1, 0, 2, 0] * [1, 2, 0, 2] : [1, 0, 2, 1]
[1, 0, 2, 0] * [1, 2, 1, 0] : [2, 2, 0, 2]
[1, 0, 2, 0] * [1, 2, 1, 1] : [2, 1, 0, 0]
[1, 0, 2, 0] * [1, 2, 1, 2] : [2, 0, 0, 1]
[1, 0, 2, 0] * [1, 2, 2, 0] : [0, 2, 1, 2]
[1, 0, 2, 0] * [1, 2, 2, 1] : [0, 1, 1, 0]
[1, 0, 2, 0] * [1, 2, 2, 2] : [0, 0, 1, 1]
[1, 0, 2, 0] * [2, 0, 0, 0] : [2, 0, 1, 0]
[1, 0, 2, 0] * [2, 0, 0, 1] : [2, 2, 1, 1]
[1, 0, 2, 0] * [2, 0, 0, 2] : [2, 1, 1, 2]
[1, 0, 2, 0] * [2, 0, 1, 0] : [0, 0, 2, 0]
[1, 0, 2, 0] * [2, 0, 1, 1] : [0, 2, 2, 1]
[1, 0, 2, 0] * [2, 0, 1, 2] : [0, 1, 2, 2]
[1, 0, 2, 0] * [2, 0, 2, 0] : [1, 0, 0, 0]
[1, 0, 2, 0] * [2, 0, 2, 1] : [1, 2, 0, 1]
[1, 0, 2, 0] * [2, 0, 2, 2] : [1, 1, 0, 2]
[1, 0, 2, 0] * [2, 1, 0, 0] : [2, 1, 1, 1]
[1, 0, 2, 0] * [2, 1, 0, 1] : [2, 0, 1, 2]
[1, 0, 2, 0] * [2, 1, 0, 2] : [2, 2, 1, 0]
[1, 0, 2, 0] * [2, 1, 1, 0] : [0, 1, 2, 1]
[1, 0, 2, 0] * [2, 1, 1, 1] : [0, 0, 2, 2]
[1, 0, 2, 0] * [2, 1, 1, 2] : [0, 2, 2, 0]
[1, 0, 2, 0] * [2, 1, 2, 0] : [1, 1, 0, 1]
[1, 0, 2, 0] * [2, 1, 2, 1] : [1, 0, 0, 2]
[1, 0, 2, 0] * [2, 1, 2, 2] : [1, 2, 0, 0]
[1, 0, 2, 0] * [2, 2, 0, 0] : [2, 2, 1, 2]
[1, 0, 2, 0] * [2, 2, 0, 1] : [2, 1, 1, 0]
[1, 0, 2, 0] * [2, 2, 0, 2] : [2, 0, 1, 1]
[1, 0, 2, 0] * [2, 2, 1, 0] : [0, 2, 2, 2]
[1, 0, 2, 0] * [2, 2, 1, 1] : [0, 1, 2, 0]
[1, 0, 2, 0] * [2, 2, 1, 2] : [0, 0, 2, 1]
[1, 0, 2, 0] * [2, 2, 2, 0] : [1, 2, 0, 2]
[1, 0, 2, 0] * [2, 2, 2, 1] : [1, 1, 0, 0]
[1, 0, 2, 0] * [2, 2, 2, 2] : [1, 0, 0, 1]
[1, 0, 2, 1] * [0, 0, 0, 0] : [0, 0, 0, 0]
[1, 0, 2, 1] * [0, 0, 0, 1] : [2, 2, 0, 1]
[1, 0, 2, 1] * [0, 0, 0, 2] : [1, 1, 0, 2]
[1, 0, 2, 1] * [0, 0, 1, 0] : [1, 2, 1, 0]
[1, 0, 2, 1] * [0, 0, 1, 1] : [0, 1, 1, 1]
[1, 0, 2, 1] * [0, 0, 1, 2] : [2, 0, 1, 2]
[1, 0, 2, 1] * [0, 0, 2, 0] : [2, 1, 2, 0]
[1, 0, 2, 1] * [0, 0, 2, 1] : [1, 0, 2, 1]
[1, 0, 2, 1] * [0, 0, 2, 2] : [0, 2, 2, 2]
[1, 0, 2, 1] * [0, 1, 0, 0] : [0, 1, 1, 1]
[1, 0, 2, 1] * [0, 1, 0, 1] : [2, 0, 1, 2]
[1, 0, 2, 1] * [0, 1, 0, 2] : [1, 2, 1, 0]
[1, 0, 2, 1] * [0, 1, 1, 0] : [1, 0, 2, 1]
[1, 0, 2, 1] * [0, 1, 1, 1] : [0, 2, 2, 2]
[1, 0, 2, 1] * [0, 1, 1, 2] : [2, 1, 2, 0]
[1, 0, 2, 1] * [0, 1, 2, 0] : [2, 2, 0, 1]
[1, 0, 2, 1] * [0, 1, 2, 1] : [1, 1, 0, 2]
[1, 0, 2, 1] * [0, 1, 2, 2] : [0, 0, 0, 0]
[1, 0, 2, 1] * [0, 2, 0, 0] : [0, 2, 2, 2]
[1, 0, 2, 1] * [0, 2, 0, 1] : [2, 1, 2, 0]
[1, 0, 2, 1] * [0, 2, 0, 2] : [1, 0, 2, 1]
[1, 0, 2, 1] * [0, 2, 1, 0] : [1, 1, 0, 2]
[1, 0, 2, 1] * [0, 2, 1, 1] : [0, 0, 0, 0]
[1, 0, 2, 1] * [0, 2, 1, 2] : [2, 2, 0, 1]
[1, 0, 2, 1] * [0, 2, 2, 0] : [2, 0, 1, 2]
[1, 0, 2, 1] * [0, 2, 2, 1] : [1, 2, 1, 0]
[1, 0, 2, 1] * [0, 2, 2, 2] : [0, 1, 1, 1]
[1, 0, 2, 1] * [1, 0, 0, 0] : [1, 0, 2, 1]
[1, 0, 2, 1] * [1, 0, 0, 1] : [0, 2, 2, 2]
[1, 0, 2, 1] * [1, 0, 0, 2] : [2, 1, 2, 0]
[1, 0, 2, 1] * [1, 0, 1, 0] : [2, 2, 0, 1]
[1, 0, 2, 1] * [1, 0, 1, 1] : [1, 1, 0, 2]
[1, 0, 2, 1] * [1, 0, 1, 2] : [0, 0, 0, 0]
[1, 0, 2, 1] * [1, 0, 2, 0] : [0, 1, 1, 1]
[1, 0, 2, 1] * [1, 0, 2, 1] : [2, 0, 1, 2]
[1, 0, 2, 1] * [1, 0, 2, 2] : [1, 2, 1, 0]
[1, 0, 2, 1] * [1, 1, 0, 0] : [1, 1, 0, 2]
[1, 0, 2, 1] * [1, 1, 0, 1] : [0, 0, 0, 0]
[1, 0, 2, 1] * [1, 1, 0, 2] : [2, 2, 0, 1]
[1, 0, 2, 1] * [1, 1, 1, 0] : [2, 0, 1, 2]
[1, 0, 2, 1] * [1, 1, 1, 1] : [1, 2, 1, 0]
[1, 0, 2, 1] * [1, 1, 1, 2] : [0, 1, 1, 1]
[1, 0, 2, 1] * [1, 1, 2, 0] : [0, 2, 2, 2]
[1, 0, 2, 1] * [1, 1, 2, 1] : [2, 1, 2, 0]
[1, 0, 2, 1] * [1, 1, 2, 2] : [1, 0, 2, 1]
[1, 0, 2, 1] * [1, 2, 0, 0] : [1, 2, 1, 0]
[1, 0, 2, 1] * [1, 2, 0, 1] : [0, 1, 1, 1]
[1, 0, 2, 1] * [1, 2, 0, 2] : [2, 0, 1, 2]
[1, 0, 2, 1] * [1, 2, 1, 0] : [2, 1, 2, 0]
[1, 0, 2, 1] * [1, 2, 1, 1] : [1, 0, 2, 1]
[1, 0, 2, 1] * [1, 2, 1, 2] : [0, 2, 2, 2]
[1, 0, 2, 1] * [1, 2, 2, 0] : [0, 0, 0, 0]
[1, 0, 2, 1] * [1, 2, 2, 1] : [2, 2, 0, 1]
[1, 0, 2, 1] * [1, 2, 2, 2] : [1, 1, 0, 2]
[1, 0, 2, 1] * [2, 0, 0, 0] : [2, 0, 1, 2]
[1, 0, 2, 1] * [2, 0, 0, 1] : [1, 2, 1, 0]
[1, 0, 2, 1] * [2, 0, 0, 2] : [0, 1, 1, 1]
[1, 0, 2, 1] * [2, 0, 1, 0] : [0, 2, 2, 2]
[1, 0, 2, 1] * [2, 0, 1, 1] : [2, 1, 2, 0]
[1, 0, 2, 1] * [2, 0, 1, 2] : [1, 0, 2, 1]
[1, 0, 2, 1] * [2, 0, 2, 0] : [1, 1, 0, 2]
[1, 0, 2, 1] * [2, 0, 2, 1] : [0, 0, 0, 0]
[1, 0, 2, 1] * [2, 0, 2, 2] : [2, 2, 0, 1]
[1, 0, 2, 1] * [2, 1, 0, 0] : [2, 1, 2, 0]
[1, 0, 2, 1] * [2, 1, 0, 1] : [1, 0, 2, 1]
[1, 0, 2, 1] * [2, 1, 0, 2] : [0, 2, 2, 2]
[1, 0, 2, 1] * [2, 1, 1, 0] : [0, 0, 0, 0]
[1, 0, 2, 1] * [2, 1, 1, 1] : [2, 2, 0, 1]
[1, 0, 2, 1] * [2, 1, 1, 2] : [1, 1, 0, 2]
[1, 0, 2, 1] * [2, 1, 2, 0] : [1, 2, 1, 0]
[1, 0, 2, 1] * [2, 1, 2, 1] : [0, 1, 1, 1]
[1, 0, 2, 1] * [2, 1, 2, 2] : [2, 0, 1, 2]
[1, 0, 2, 1] * [2, 2, 0, 0] : [2, 2, 0, 1]
[1, 0, 2, 1] * [2, 2, 0, 1] : [1, 1, 0, 2]
[1, 0, 2, 1] * [2, 2, 0, 2] : [0, 0, 0, 0]
[1, 0, 2, 1] * [2, 2, 1, 0] : [0, 1, 1, 1]
[1, 0, 2, 1] * [2, 2, 1, 1] : [2, 0, 1, 2]
[1, 0, 2, 1] * [2, 2, 1, 2] : [1, 2, 1, 0]
[1, 0, 2, 1] * [2, 2, 2, 0] : [1, 0, 2, 1]
[1, 0, 2, 1] * [2, 2, 2, 1] : [0, 2, 2, 2]
[1, 0, 2, 1] * [2, 2, 2, 2] : [2, 1, 2, 0]
[1, 0, 2, 2] * [0, 0, 0, 0] : [0, 0, 0, 0]
[1, 0, 2, 2] * [0, 0, 0, 1] : [1, 2, 0, 1]
[1, 0, 2, 2] * [0, 0, 0, 2] : [2, 1, 0, 2]
[1, 0, 2, 2] * [0, 0, 1, 0] : [1, 1, 1, 0]
[1, 0, 2, 2] * [0, 0, 1, 1] : [2, 0, 1, 1]
[1, 0, 2, 2] * [0, 0, 1, 2] : [0, 2, 1, 2]
[1, 0, 2, 2] * [0, 0, 2, 0] : [2, 2, 2, 0]
[1, 0, 2, 2] * [0, 0, 2, 1] : [0, 1, 2, 1]
[1, 0, 2, 2] * [0, 0, 2, 2] : [1, 0, 2, 2]
[1, 0, 2, 2] * [0, 1, 0, 0] : [0, 1, 2, 1]
[1, 0, 2, 2] * [0, 1, 0, 1] : [1, 0, 2, 2]
[1, 0, 2, 2] * [0, 1, 0, 2] : [2, 2, 2, 0]
[1, 0, 2, 2] * [0, 1, 1, 0] : [1, 2, 0, 1]
[1, 0, 2, 2] * [0, 1, 1, 1] : [2, 1, 0, 2]
[1, 0, 2, 2] * [0, 1, 1, 2] : [0, 0, 0, 0]
[1, 0, 2, 2] * [0, 1, 2, 0] : [2, 0, 1, 1]
[1, 0, 2, 2] * [0, 1, 2, 1] : [0, 2, 1, 2]
[1, 0, 2, 2] * [0, 1, 2, 2] : [1, 1, 1, 0]
[1, 0, 2, 2] * [0, 2, 0, 0] : [0, 2, 1, 2]
[1, 0, 2, 2] * [0, 2, 0, 1] : [1, 1, 1, 0]
[1, 0, 2, 2] * [0, 2, 0, 2] : [2, 0, 1, 1]
[1, 0, 2, 2] * [0, 2, 1, 0] : [1, 0, 2, 2]
[1, 0, 2, 2] * [0, 2, 1, 1] : [2, 2, 2, 0]
[1, 0, 2, 2] * [0, 2, 1, 2] : [0, 1, 2, 1]
[1, 0, 2, 2] * [0, 2, 2, 0] : [2, 1, 0, 2]
[1, 0, 2, 2] * [0, 2, 2, 1] : [0, 0, 0, 0]
[1, 0, 2, 2] * [0, 2, 2, 2] : [1, 2, 0, 1]
[1, 0, 2, 2] * [1, 0, 0, 0] : [1, 0, 2, 2]
[1, 0, 2, 2] * [1, 0, 0, 1] : [2, 2, 2, 0]
[1, 0, 2, 2] * [1, 0, 0, 2] : [0, 1, 2, 1]
[1, 0, 2, 2] * [1, 0, 1, 0] : [2, 1, 0, 2]
[1, 0, 2, 2] * [1, 0, 1, 1] : [0, 0, 0, 0]
[1, 0, 2, 2] * [1, 0, 1, 2] : [1, 2, 0, 1]
[1, 0, 2, 2] * [1, 0, 2, 0] : [0, 2, 1, 2]
[1, 0, 2, 2] * [1, 0, 2, 1] : [1, 1, 1, 0]
[1, 0, 2, 2] * [1, 0, 2, 2] : [2, 0, 1, 1]
[1, 0, 2, 2] * [1, 1, 0, 0] : [1, 1, 1, 0]
[1, 0, 2, 2] * [1, 1, 0, 1] : [2, 0, 1, 1]
[1, 0, 2, 2] * [1, 1, 0, 2] : [0, 2, 1, 2]
[1, 0, 2, 2] * [1, 1, 1, 0] : [2, 2, 2, 0]
[1, 0, 2, 2] * [1, 1, 1, 1] : [0, 1, 2, 1]
[1, 0, 2, 2] * [1, 1, 1, 2] : [1, 0, 2, 2]
[1, 0, 2, 2] * [1, 1, 2, 0] : [0, 0, 0, 0]
[1, 0, 2, 2] * [1, 1, 2, 1] : [1, 2, 0, 1]
[1, 0, 2, 2] * [1, 1, 2, 2] : [2, 1, 0, 2]
[1, 0, 2, 2] * [1, 2, 0, 0] : [1, 2, 0, 1]
[1, 0, 2, 2] * [1, 2, 0, 1] : [2, 1, 0, 2]
[1, 0, 2, 2] * [1, 2, 0, 2] : [0, 0, 0, 0]
[1, 0, 2, 2] * [1, 2, 1, 0] : [2, 0, 1, 1]
[1, 0, 2, 2] * [1, 2, 1, 1] : [0, 2, 1, 2]
[1, 0, 2, 2] * [1, 2, 1, 2] : [1, 1, 1, 0]
[1, 0, 2, 2] * [1, 2, 2, 0] : [0, 1, 2, 1]
[1, 0, 2, 2] * [1, 2, 2, 1] : [1, 0, 2, 2]
[1, 0, 2, 2] * [1, 2, 2, 2] : [2, 2, 2, 0]
[1, 0, 2, 2] * [2, 0, 0, 0] : [2, 0, 1, 1]
[1, 0, 2, 2] * [2, 0, 0, 1] : [0, 2, 1, 2]
[1, 0, 2, 2] * [2, 0, 0, 2] : [1, 1, 1, 0]
[1, 0, 2, 2] * [2, 0, 1, 0] : [0, 1, 2, 1]
[1, 0, 2, 2] * [2, 0, 1, 1] : [1, 0, 2, 2]
[1, 0, 2, 2] * [2, 0, 1, 2] : [2, 2, 2, 0]
[1, 0, 2, 2] * [2, 0, 2, 0] : [1, 2, 0, 1]
[1, 0, 2, 2] * [2, 0, 2, 1] : [2, 1, 0, 2]
[1, 0, 2, 2] * [2, 0, 2, 2] : [0, 0, 0, 0]
[1, 0, 2, 2] * [2, 1, 0, 0] : [2, 1, 0, 2]
[1, 0, 2, 2] * [2, 1, 0, 1] : [0, 0, 0, 0]
[1, 0, 2, 2] * [2, 1, 0, 2] : [1, 2, 0, 1]
[1, 0, 2, 2] * [2, 1, 1, 0] : [0, 2, 1, 2]
[1, 0, 2, 2] * [2, 1, 1, 1] : [1, 1, 1, 0]
[1, 0, 2, 2] * [2, 1, 1, 2] : [2, 0, 1, 1]
[1, 0, 2, 2] * [2, 1, 2, 0] : [1, 0, 2, 2]
[1, 0, 2, 2] * [2, 1, 2, 1] : [2, 2, 2, 0]
[1, 0, 2, 2] * [2, 1, 2, 2] : [0, 1, 2, 1]
[1, 0, 2, 2] * [2, 2, 0, 0] : [2, 2, 2, 0]
[1, 0, 2, 2] * [2, 2, 0, 1] : [0, 1, 2, 1]
[1, 0, 2, 2] * [2, 2, 0, 2] : [1, 0, 2, 2]
[1, 0, 2, 2] * [2, 2, 1, 0] : [0, 0, 0, 0]
[1, 0, 2, 2] * [2, 2, 1, 1] : [1, 2, 0, 1]
[1, 0, 2, 2] * [2, 2, 1, 2] : [2, 1, 0, 2]
[1, 0, 2, 2] * [2, 2, 2, 0] : [1, 1, 1, 0]
[1, 0, 2, 2] * [2, 2, 2, 1] : [2, 0, 1, 1]
[1, 0, 2, 2] * [2, 2, 2, 2] : [0, 2, 1, 2]
[1, 1, 0, 0] * [0, 0, 0, 0] : [0, 0, 0, 0]
[1, 1, 0, 0] * [0, 0, 0, 1] : [0, 0, 2, 1]
[1, 1, 0, 0] * [0, 0, 0, 2] : [0, 0, 1, 2]
[1, 1, 0, 0] * [0, 0, 1, 0] : [0, 0, 1, 1]
[1, 1, 0, 0] * [0, 0, 1, 1] : [0, 0, 0, 2]
[1, 1, 0, 0] * [0, 0, 1, 2] : [0, 0, 2, 0]
[1, 1, 0, 0] * [0, 0, 2, 0] : [0, 0, 2, 2]
[1, 1, 0, 0] * [0, 0, 2, 1] : [0, 0, 1, 0]
[1, 1, 0, 0] * [0, 0, 2, 2] : [0, 0, 0, 1]
[1, 1, 0, 0] * [0, 1, 0, 0] : [2, 1, 0, 0]
[1, 1, 0, 0] * [0, 1, 0, 1] : [2, 1, 2, 1]
[1, 1, 0, 0] * [0, 1, 0, 2] : [2, 1, 1, 2]
[1, 1, 0, 0] * [0, 1, 1, 0] : [2, 1, 1, 1]
[1, 1, 0, 0] * [0, 1, 1, 1] : [2, 1, 0, 2]
[1, 1, 0, 0] * [0, 1, 1, 2] : [2, 1, 2, 0]
[1, 1, 0, 0] * [0, 1, 2, 0] : [2, 1, 2, 2]
[1, 1, 0, 0] * [0, 1, 2, 1] : [2, 1, 1, 0]
[1, 1, 0, 0] * [0, 1, 2, 2] : [2, 1, 0, 1]
[1, 1, 0, 0] * [0, 2, 0, 0] : [1, 2, 0, 0]
[1, 1, 0, 0] * [0, 2, 0, 1] : [1, 2, 2, 1]
[1, 1, 0, 0] * [0, 2, 0, 2] : [1, 2, 1, 2]
[1, 1, 0, 0] * [0, 2, 1, 0] : [1, 2, 1, 1]
[1, 1, 0, 0] * [0, 2, 1, 1] : [1, 2, 0, 2]
[1, 1, 0, 0] * [0, 2, 1, 2] : [1, 2, 2, 0]
[1, 1, 0, 0] * [0, 2, 2, 0] : [1, 2, 2, 2]
[1, 1, 0, 0] * [0, 2, 2, 1] : [1, 2, 1, 0]
[1, 1, 0, 0] * [0, 2, 2, 2] : [1, 2, 0, 1]
[1, 1, 0, 0] * [1, 0, 0, 0] : [1, 1, 0, 0]
[1, 1, 0, 0] * [1, 0, 0, 1] : [1, 1, 2, 1]
[1, 1, 0, 0] * [1, 0, 0, 2] : [1, 1, 1, 2]
[1, 1, 0, 0] * [1, 0, 1, 0] : [1, 1, 1, 1]
[1, 1, 0, 0] * [1, 0, 1, 1] : [1, 1, 0, 2]
[1, 1, 0, 0] * [1, 0, 1, 2] : [1, 1, 2, 0]
[1, 1, 0, 0] * [1, 0, 2, 0] : [1, 1, 2, 2]
[1, 1, 0, 0] * [1, 0, 2, 1] : [1, 1, 1, 0]
[1, 1, 0, 0] * [1, 0, 2, 2] : [1, 1, 0, 1]
[1, 1, 0, 0] * [1, 1, 0, 0] : [0, 2, 0, 0]
[1, 1, 0, 0] * [1, 1, 0, 1] : [0, 2, 2, 1]
[1, 1, 0, 0] * [1, 1, 0, 2] : [0, 2, 1, 2]
[1, 1, 0, 0] * [1, 1, 1, 0] : [0, 2, 1, 1]
[1, 1, 0, 0] * [1, 1, 1, 1] : [0, 2, 0, 2]
[1, 1, 0, 0] * [1, 1, 1, 2] : [0, 2, 2, 0]
[1, 1, 0, 0] * [1, 1, 2, 0] : [0, 2, 2, 2]
[1, 1, 0, 0] * [1, 1, 2, 1] : [0, 2, 1, 0]
[1, 1, 0, 0] * [1, 1, 2, 2] : [0, 2, 0, 1]
[1, 1, 0, 0] * [1, 2, 0, 0] : [2, 0, 0, 0]
[1, 1, 0, 0] * [1, 2, 0, 1] : [2, 0, 2, 1]
[1, 1, 0, 0] * [1, 2, 0, 2] : [2, 0, 1, 2]
[1, 1, 0, 0] * [1, 2, 1, 0] : [2, 0, 1, 1]
[1, 1, 0, 0] * [1, 2, 1, 1] : [2, 0, 0, 2]
[1, 1, 0, 0] * [1, 2, 1, 2] : [2, 0, 2, 0]
[1, 1, 0, 0] * [1, 2, 2, 0] : [2, 0, 2, 2]
[1, 1, 0, 0] * [1, 2, 2, 1] : [2, 0, 1, 0]
[1, 1, 0, 0] * [1, 2, 2, 2] : [2, 0, 0, 1]
[1, 1, 0, 0] * [2, 0, 0, 0] : [2, 2, 0, 0]
[1, 1, 0, 0] * [2, 0, 0, 1] : [2, 2, 2, 1]
[1, 1, 0, 0] * [2, 0, 0, 2] : [2, 2, 1, 2]
[1, 1, 0, 0] * [2, 0, 1, 0] : [2, 2, 1, 1]
[1, 1, 0, 0] * [2, 0, 1, 1] : [2, 2, 0, 2]
[1, 1, 0, 0] * [2, 0, 1, 2] : [2, 2, 2, 0]
[1, 1, 0, 0] * [2, 0, 2, 0] : [2, 2, 2, 2]
[1, 1, 0, 0] * [2, 0, 2, 1] : [2, 2, 1, 0]
[1, 1, 0, 0] * [2, 0, 2, 2] : [2, 2, 0, 1]
[1, 1, 0, 0] * [2, 1, 0, 0] : [1, 0, 0, 0]
[1, 1, 0, 0] * [2, 1, 0, 1] : [1, 0, 2, 1]
[1, 1, 0, 0] * [2, 1, 0, 2] : [1, 0, 1, 2]
[1, 1, 0, 0] * [2, 1, 1, 0] : [1, 0, 1, 1]
[1, 1, 0, 0] * [2, 1, 1, 1] : [1, 0, 0, 2]
[1, 1, 0, 0] * [2, 1, 1, 2] : [1, 0, 2, 0]
[1, 1, 0, 0] * [2, 1, 2, 0] : [1, 0, 2, 2]
[1, 1, 0, 0] * [2, 1, 2, 1] : [1, 0, 1, 0]
[1, 1, 0, 0] * [2, 1, 2, 2] : [1, 0, 0, 1]
[1, 1, 0, 0] * [2, 2, 0, 0] : [0, 1, 0, 0]
[1, 1, 0, 0] * [2, 2, 0, 1] : [0, 1, 2, 1]
[1, 1, 0, 0] * [2, 2, 0, 2] : [0, 1, 1, 2]
[1, 1, 0, 0] * [2, 2, 1, 0] : [0, 1, 1, 1]
[1, 1, 0, 0] * [2, 2, 1, 1] : [0, 1, 0, 2]
[1, 1, 0, 0] * [2, 2, 1, 2] : [0, 1, 2, 0]
[1, 1, 0, 0] * [2, 2, 2, 0] : [0, 1, 2, 2]
[1, 1, 0, 0] * [2, 2, 2, 1] : [0, 1, 1, 0]
[1, 1, 0, 0] * [2, 2, 2, 2] : [0, 1, 0, 1]
[1, 1, 0, 1] * [0, 0, 0, 0] : [0, 0, 0, 0]
[1, 1, 0, 1] * [0, 0, 0, 1] : [2, 0, 2, 1]
[1, 1, 0, 1] * [0, 0, 0, 2] : [1, 0, 1, 2]
[1, 1, 0, 1] * [0, 0, 1, 0] : [0, 2, 1, 1]
[1, 1, 0, 1] * [0, 0, 1, 1] : [2, 2, 0, 2]
[1, 1, 0, 1] * [0, 0, 1, 2] : [1, 2, 2, 0]
[1, 1, 0, 1] * [0, 0, 2, 0] : [0, 1, 2, 2]
[1, 1, 0, 1] * [0, 0, 2, 1] : [2, 1, 1, 0]
[1, 1, 0, 1] * [0, 0, 2, 2] : [1, 1, 0, 1]
[1, 1, 0, 1] * [0, 1, 0, 0] : [2, 1, 1, 0]
[1, 1, 0, 1] * [0, 1, 0, 1] : [1, 1, 0, 1]
[1, 1, 0, 1] * [0, 1, 0, 2] : [0, 1, 2, 2]
[1, 1, 0, 1] * [0, 1, 1, 0] : [2, 0, 2, 1]
[1, 1, 0, 1] * [0, 1, 1, 1] : [1, 0, 1, 2]
[1, 1, 0, 1] * [0, 1, 1, 2] : [0, 0, 0, 0]
[1, 1, 0, 1] * [0, 1, 2, 0] : [2, 2, 0, 2]
[1, 1, 0, 1] * [0, 1, 2, 1] : [1, 2, 2, 0]
[1, 1, 0, 1] * [0, 1, 2, 2] : [0, 2, 1, 1]
[1, 1, 0, 1] * [0, 2, 0, 0] : [1, 2, 2, 0]
[1, 1, 0, 1] * [0, 2, 0, 1] : [0, 2, 1, 1]
[1, 1, 0, 1] * [0, 2, 0, 2] : [2, 2, 0, 2]
[1, 1, 0, 1] * [0, 2, 1, 0] : [1, 1, 0, 1]
[1, 1, 0, 1] * [0, 2, 1, 1] : [0, 1, 2, 2]
[1, 1, 0, 1] * [0, 2, 1, 2] : [2, 1, 1, 0]
[1, 1, 0, 1] * [0, 2, 2, 0] : [1, 0, 1, 2]
[1, 1, 0, 1] * [0, 2, 2, 1] : [0, 0, 0, 0]
[1, 1, 0, 1] * [0, 2, 2, 2] : [2, 0, 2, 1]
[1, 1, 0, 1] * [1, 0, 0, 0] : [1, 1, 0, 1]
[1, 1, 0, 1] * [1, 0, 0, 1] : [0, 1, 2, 2]
[1, 1, 0, 1] * [1, 0, 0, 2] : [2, 1, 1, 0]
[1, 1, 0, 1] * [1, 0, 1, 0] : [1, 0, 1, 2]
[1, 1, 0, 1] * [1, 0, 1, 1] : [0, 0, 0, 0]
[1, 1, 0, 1] * [1, 0, 1, 2] : [2, 0, 2, 1]
[1, 1, 0, 1] * [1, 0, 2, 0] : [1, 2, 2, 0]
[1, 1, 0, 1] * [1, 0, 2, 1] : [0, 2, 1, 1]
[1, 1, 0, 1] * [1, 0, 2, 2] : [2, 2, 0, 2]
[1, 1, 0, 1] * [1, 1, 0, 0] : [0, 2, 1, 1]
[1, 1, 0, 1] * [1, 1, 0, 1] : [2, 2, 0, 2]
[1, 1, 0, 1] * [1, 1, 0, 2] : [1, 2, 2, 0]
[1, 1, 0, 1] * [1, 1, 1, 0] : [0, 1, 2, 2]
[1, 1, 0, 1] * [1, 1, 1, 1] : [2, 1, 1, 0]
[1, 1, 0, 1] * [1, 1, 1, 2] : [1, 1, 0, 1]
[1, 1, 0, 1] * [1, 1, 2, 0] : [0, 0, 0, 0]
[1, 1, 0, 1] * [1, 1, 2, 1] : [2, 0, 2, 1]
[1, 1, 0, 1] * [1, 1, 2, 2] : [1, 0, 1, 2]
[1, 1, 0, 1] * [1, 2, 0, 0] : [2, 0, 2, 1]
[1, 1, 0, 1] * [1, 2, 0, 1] : [1, 0, 1, 2]
[1, 1, 0, 1] * [1, 2, 0, 2] : [0, 0, 0, 0]
[1, 1, 0, 1] * [1, 2, 1, 0] : [2, 2, 0, 2]
[1, 1, 0, 1] * [1, 2, 1, 1] : [1, 2, 2, 0]
[1, 1, 0, 1] * [1, 2, 1, 2] : [0, 2, 1, 1]
[1, 1, 0, 1] * [1, 2, 2, 0] : [2, 1, 1, 0]
[1, 1, 0, 1] * [1, 2, 2, 1] : [1, 1, 0, 1]
[1, 1, 0, 1] * [1, 2, 2, 2] : [0, 1, 2, 2]
[1, 1, 0, 1] * [2, 0, 0, 0] : [2, 2, 0, 2]
[1, 1, 0, 1] * [2, 0, 0, 1] : [1, 2, 2, 0]
[1, 1, 0, 1] * [2, 0, 0, 2] : [0, 2, 1, 1]
[1, 1, 0, 1] * [2, 0, 1, 0] : [2, 1, 1, 0]
[1, 1, 0, 1] * [2, 0, 1, 1] : [1, 1, 0, 1]
[1, 1, 0, 1] * [2, 0, 1, 2] : [0, 1, 2, 2]
[1, 1, 0, 1] * [2, 0, 2, 0] : [2, 0, 2, 1]
[1, 1, 0, 1] * [2, 0, 2, 1] : [1, 0, 1, 2]
[1, 1, 0, 1] * [2, 0, 2, 2] : [0, 0, 0, 0]
[1, 1, 0, 1] * [2, 1, 0, 0] : [1, 0, 1, 2]
[1, 1, 0, 1] * [2, 1, 0, 1] : [0, 0, 0, 0]
[1, 1, 0, 1] * [2, 1, 0, 2] : [2, 0, 2, 1]
[1, 1, 0, 1] * [2, 1, 1, 0] : [1, 2, 2, 0]
[1, 1, 0, 1] * [2, 1, 1, 1] : [0, 2, 1, 1]
[1, 1, 0, 1] * [2, 1, 1, 2] : [2, 2, 0, 2]
[1, 1, 0, 1] * [2, 1, 2, 0] : [1, 1, 0, 1]
[1, 1, 0, 1] * [2, 1, 2, 1] : [0, 1, 2, 2]
[1, 1, 0, 1] * [2, 1, 2, 2] : [2, 1, 1, 0]
[1, 1, 0, 1] * [2, 2, 0, 0] : [0, 1, 2, 2]
[1, 1, 0, 1] * [2, 2, 0, 1] : [2, 1, 1, 0]
[1, 1, 0, 1] * [2, 2, 0, 2] : [1, 1, 0, 1]
[1, 1, 0, 1] * [2, 2, 1, 0] : [0, 0, 0, 0]
[1, 1, 0, 1] * [2, 2, 1, 1] : [2, 0, 2, 1]
[1, 1, 0, 1] * [2, 2, 1, 2] : [1, 0, 1, 2]
[1, 1, 0, 1] * [2, 2, 2, 0] : [0, 2, 1, 1]
[1, 1, 0, 1] * [2, 2, 2, 1] : [2, 2, 0, 2]
[1, 1, 0, 1] * [2, 2, 2, 2] : [1, 2, 2, 0]
[1, 1, 0, 2] * [0, 0, 0, 0] : [0, 0, 0, 0]
[1, 1, 0, 2] * [0, 0, 0, 1] : [1, 0, 2, 1]
[1, 1, 0, 2] * [0, 0, 0, 2] : [2, 0, 1, 2]
[1, 1, 0, 2] * [0, 0, 1, 0] : [0, 1, 1, 1]
[1, 1, 0, 2] * [0, 0, 1, 1] : [1, 1, 0, 2]
[1, 1, 0, 2] * [0, 0, 1, 2] : [2, 1, 2, 0]
[1, 1, 0, 2] * [0, 0, 2, 0] : [0, 2, 2, 2]
[1, 1, 0, 2] * [0, 0, 2, 1] : [1, 2, 1, 0]
[1, 1, 0, 2] * [0, 0, 2, 2] : [2, 2, 0, 1]
[1, 1, 0, 2] * [0, 1, 0, 0] : [2, 1, 2, 0]
[1, 1, 0, 2] * [0, 1, 0, 1] : [0, 1, 1, 1]
[1, 1, 0, 2] * [0, 1, 0, 2] : [1, 1, 0, 2]
[1, 1, 0, 2] * [0, 1, 1, 0] : [2, 2, 0, 1]
[1, 1, 0, 2] * [0, 1, 1, 1] : [0, 2, 2, 2]
[1, 1, 0, 2] * [0, 1, 1, 2] : [1, 2, 1, 0]
[1, 1, 0, 2] * [0, 1, 2, 0] : [2, 0, 1, 2]
[1, 1, 0, 2] * [0, 1, 2, 1] : [0, 0, 0, 0]
[1, 1, 0, 2] * [0, 1, 2, 2] : [1, 0, 2, 1]
[1, 1, 0, 2] * [0, 2, 0, 0] : [1, 2, 1, 0]
[1, 1, 0, 2] * [0, 2, 0, 1] : [2, 2, 0, 1]
[1, 1, 0, 2] * [0, 2, 0, 2] : [0, 2, 2, 2]
[1, 1, 0, 2] * [0, 2, 1, 0] : [1, 0, 2, 1]
[1, 1, 0, 2] * [0, 2, 1, 1] : [2, 0, 1, 2]
[1, 1, 0, 2] * [0, 2, 1, 2] : [0, 0, 0, 0]
[1, 1, 0, 2] * [0, 2, 2, 0] : [1, 1, 0, 2]
[1, 1, 0, 2] * [0, 2, 2, 1] : [2, 1, 2, 0]
[1, 1, 0, 2] * [0, 2, 2, 2] : [0, 1, 1, 1]
[1, 1, 0, 2] * [1, 0, 0, 0] : [1, 1, 0, 2]
[1, 1, 0, 2] * [1, 0, 0, 1] : [2, 1, 2, 0]
[1, 1, 0, 2] * [1, 0, 0, 2] : [0, 1, 1, 1]
[1, 1, 0, 2] * [1, 0, 1, 0] : [1, 2, 1, 0]
[1, 1, 0, 2] * [1, 0, 1, 1] : [2, 2, 0, 1]
[1, 1, 0, 2] * [1, 0, 1, 2] : [0, 2, 2, 2]
[1, 1, 0, 2] * [1, 0, 2, 0] : [1, 0, 2, 1]
[1, 1, 0, 2] * [1, 0, 2, 1] : [2, 0, 1, 2]
[1, 1, 0, 2] * [1, 0, 2, 2] : [0, 0, 0, 0]
[1, 1, 0, 2] * [1, 1, 0, 0] : [0, 2, 2, 2]
[1, 1, 0, 2] * [1, 1, 0, 1] : [1, 2, 1, 0]
[1, 1, 0, 2] * [1, 1, 0, 2] : [2, 2, 0, 1]
[1, 1, 0, 2] * [1, 1, 1, 0] : [0, 0, 0, 0]
[1, 1, 0, 2] * [1, 1, 1, 1] : [1, 0, 2, 1]
[1, 1, 0, 2] * [1, 1, 1, 2] : [2, 0, 1, 2]
[1, 1, 0, 2] * [1, 1, 2, 0] : [0, 1, 1, 1]
[1, 1, 0, 2] * [1, 1, 2, 1] : [1, 1, 0, 2]
[1, 1, 0, 2] * [1, 1, 2, 2] : [2, 1, 2, 0]
[1, 1, 0, 2] * [1, 2, 0, 0] : [2, 0, 1, 2]
[1, 1, 0, 2] * [1, 2, 0, 1] : [0, 0, 0, 0]
[1, 1, 0, 2] * [1, 2, 0, 2] : [1, 0, 2, 1]
[1, 1, 0, 2] * [1, 2, 1, 0] : [2, 1, 2, 0]
[1, 1, 0, 2] * [1, 2, 1, 1] : [0, 1, 1, 1]
[1, 1, 0, 2] * [1, 2, 1, 2] : [1, 1, 0, 2]
[1, 1, 0, 2] * [1, 2, 2, 0] : [2, 2, 0, 1]
[1, 1, 0, 2] * [1, 2, 2, 1] : [0, 2, 2, 2]
[1, 1, 0, 2] * [1, 2, 2, 2] : [1, 2, 1, 0]
[1, 1, 0, 2] * [2, 0, 0, 0] : [2, 2, 0, 1]
[1, 1, 0, 2] * [2, 0, 0, 1] : [0, 2, 2, 2]
[1, 1, 0, 2] * [2, 0, 0, 2] : [1, 2, 1, 0]
[1, 1, 0, 2] * [2, 0, 1, 0] : [2, 0, 1, 2]
[1, 1, 0, 2] * [2, 0, 1, 1] : [0, 0, 0, 0]
[1, 1, 0, 2] * [2, 0, 1, 2] : [1, 0, 2, 1]
[1, 1, 0, 2] * [2, 0, 2, 0] : [2, 1, 2, 0]
[1, 1, 0, 2] * [2, 0, 2, 1] : [0, 1, 1, 1]
[1, 1, 0, 2] * [2, 0, 2, 2] : [1, 1, 0, 2]
[1, 1, 0, 2] * [2, 1, 0, 0] : [1, 0, 2, 1]
[1, 1, 0, 2] * [2, 1, 0, 1] : [2, 0, 1, 2]
[1, 1, 0, 2] * [2, 1, 0, 2] : [0, 0, 0, 0]
[1, 1, 0, 2] * [2, 1, 1, 0] : [1, 1, 0, 2]
[1, 1, 0, 2] * [2, 1, 1, 1] : [2, 1, 2, 0]
[1, 1, 0, 2] * [2, 1, 1, 2] : [0, 1, 1, 1]
[1, 1, 0, 2] * [2, 1, 2, 0] : [1, 2, 1, 0]
[1, 1, 0, 2] * [2, 1, 2, 1] : [2, 2, 0, 1]
[1, 1, 0, 2] * [2, 1, 2, 2] : [0, 2, 2, 2]
[1, 1, 0, 2] * [2, 2, 0, 0] : [0, 1, 1, 1]
[1, 1, 0, 2] * [2, 2, 0, 1] : [1, 1, 0, 2]
[1, 1, 0, 2] * [2, 2, 0, 2] : [2, 1, 2, 0]
[1, 1, 0, 2] * [2, 2, 1, 0] : [0, 2, 2, 2]
[1, 1, 0, 2] * [2, 2, 1, 1] : [1, 2, 1, 0]
[1, 1, 0, 2] * [2, 2, 1, 2] : [2, 2, 0, 1]
[1, 1, 0, 2] * [2, 2, 2, 0] : [0, 0, 0, 0]
[1, 1, 0, 2] * [2, 2, 2, 1] : [1, 0, 2, 1]
[1, 1, 0, 2] * [2, 2, 2, 2] : [2, 0, 1, 2]
[1, 1, 1, 0] * [0, 0, 0, 0] : [0, 0, 0, 0]
[1, 1, 1, 0] * [0, 0, 0, 1] : [0, 1, 2, 1]
[1, 1, 1, 0] * [0, 0, 0, 2] : [0, 2, 1, 2]
[1, 1, 1, 0] * [0, 0, 1, 0] : [2, 0, 1, 1]
[1, 1, 1, 0] * [0, 0, 1, 1] : [2, 1, 0, 2]
[1, 1, 1, 0] * [0, 0, 1, 2] : [2, 2, 2, 0]
[1, 1, 1, 0] * [0, 0, 2, 0] : [1, 0, 2, 2]
[1, 1, 1, 0] * [0, 0, 2, 1] : [1, 1, 1, 0]
[1, 1, 1, 0] * [0, 0, 2, 2] : [1, 2, 0, 1]
[1, 1, 1, 0] * [0, 1, 0, 0] : [2, 1, 0, 2]
[1, 1, 1, 0] * [0, 1, 0, 1] : [2, 2, 2, 0]
[1, 1, 1, 0] * [0, 1, 0, 2] : [2, 0, 1, 1]
[1, 1, 1, 0] * [0, 1, 1, 0] : [1, 1, 1, 0]
[1, 1, 1, 0] * [0, 1, 1, 1] : [1, 2, 0, 1]
[1, 1, 1, 0] * [0, 1, 1, 2] : [1, 0, 2, 2]
[1, 1, 1, 0] * [0, 1, 2, 0] : [0, 1, 2, 1]
[1, 1, 1, 0] * [0, 1, 2, 1] : [0, 2, 1, 2]
[1, 1, 1, 0] * [0, 1, 2, 2] : [0, 0, 0, 0]
[1, 1, 1, 0] * [0, 2, 0, 0] : [1, 2, 0, 1]
[1, 1, 1, 0] * [0, 2, 0, 1] : [1, 0, 2, 2]
[1, 1, 1, 0] * [0, 2, 0, 2] : [1, 1, 1, 0]
[1, 1, 1, 0] * [0, 2, 1, 0] : [0, 2, 1, 2]
[1, 1, 1, 0] * [0, 2, 1, 1] : [0, 0, 0, 0]
[1, 1, 1, 0] * [0, 2, 1, 2] : [0, 1, 2, 1]
[1, 1, 1, 0] * [0, 2, 2, 0] : [2, 2, 2, 0]
[1, 1, 1, 0] * [0, 2, 2, 1] : [2, 0, 1, 1]
[1, 1, 1, 0] * [0, 2, 2, 2] : [2, 1, 0, 2]
[1, 1, 1, 0] * [1, 0, 0, 0] : [1, 1, 1, 0]
[1, 1, 1, 0] * [1, 0, 0, 1] : [1, 2, 0, 1]
[1, 1, 1, 0] * [1, 0, 0, 2] : [1, 0, 2, 2]
[1, 1, 1, 0] * [1, 0, 1, 0] : [0, 1, 2, 1]
[1, 1, 1, 0] * [1, 0, 1, 1] : [0, 2, 1, 2]
[1, 1, 1, 0] * [1, 0, 1, 2] : [0, 0, 0, 0]
[1, 1, 1, 0] * [1, 0, 2, 0] : [2, 1, 0, 2]
[1, 1, 1, 0] * [1, 0, 2, 1] : [2, 2, 2, 0]
[1, 1, 1, 0] * [1, 0, 2, 2] : [2, 0, 1, 1]
[1, 1, 1, 0] * [1, 1, 0, 0] : [0, 2, 1, 2]
[1, 1, 1, 0] * [1, 1, 0, 1] : [0, 0, 0, 0]
[1, 1, 1, 0] * [1, 1, 0, 2] : [0, 1, 2, 1]
[1, 1, 1, 0] * [1, 1, 1, 0] : [2, 2, 2, 0]
[1, 1, 1, 0] * [1, 1, 1, 1] : [2, 0, 1, 1]
[1, 1, 1, 0] * [1, 1, 1, 2] : [2, 1, 0, 2]
[1, 1, 1, 0] * [1, 1, 2, 0] : [1, 2, 0, 1]
[1, 1, 1, 0] * [1, 1, 2, 1] : [1, 0, 2, 2]
[1, 1, 1, 0] * [1, 1, 2, 2] : [1, 1, 1, 0]
[1, 1, 1, 0] * [1, 2, 0, 0] : [2, 0, 1, 1]
[1, 1, 1, 0] * [1, 2, 0, 1] : [2, 1, 0, 2]
[1, 1, 1, 0] * [1, 2, 0, 2] : [2, 2, 2, 0]
[1, 1, 1, 0] * [1, 2, 1, 0] : [1, 0, 2, 2]
[1, 1, 1, 0] * [1, 2, 1, 1] : [1, 1, 1, 0]
[1, 1, 1, 0] * [1, 2, 1, 2] : [1, 2, 0, 1]
[1, 1, 1, 0] * [1, 2, 2, 0] : [0, 0, 0, 0]
[1, 1, 1, 0] * [1, 2, 2, 1] : [0, 1, 2, 1]
[1, 1, 1, 0] * [1, 2, 2, 2] : [0, 2, 1, 2]
[1, 1, 1, 0] * [2, 0, 0, 0] : [2, 2, 2, 0]
[1, 1, 1, 0] * [2, 0, 0, 1] : [2, 0, 1, 1]
[1, 1, 1, 0] * [2, 0, 0, 2] : [2, 1, 0, 2]
[1, 1, 1, 0] * [2, 0, 1, 0] : [1, 2, 0, 1]
[1, 1, 1, 0] * [2, 0, 1, 1] : [1, 0, 2, 2]
[1, 1, 1, 0] * [2, 0, 1, 2] : [1, 1, 1, 0]
[1, 1, 1, 0] * [2, 0, 2, 0] : [0, 2, 1, 2]
[1, 1, 1, 0] * [2, 0, 2, 1] : [0, 0, 0, 0]
[1, 1, 1, 0] * [2, 0, 2, 2] : [0, 1, 2, 1]
[1, 1, 1, 0] * [2, 1, 0, 0] : [1, 0, 2, 2]
[1, 1, 1, 0] * [2, 1, 0, 1] : [1, 1, 1, 0]
[1, 1, 1, 0] * [2, 1, 0, 2] : [1, 2, 0, 1]
[1, 1, 1, 0] * [2, 1, 1, 0] : [0, 0, 0, 0]
[1, 1, 1, 0] * [2, 1, 1, 1] : [0, 1, 2, 1]
[1, 1, 1, 0] * [2, 1, 1, 2] : [0, 2, 1, 2]
[1, 1, 1, 0] * [2, 1, 2, 0] : [2, 0, 1, 1]
[1, 1, 1, 0] * [2, 1, 2, 1] : [2, 1, 0, 2]
[1, 1, 1, 0] * [2, 1, 2, 2] : [2, 2, 2, 0]
[1, 1, 1, 0] * [2, 2, 0, 0] : [0, 1, 2, 1]
[1, 1, 1, 0] * [2, 2, 0, 1] : [0, 2, 1, 2]
[1, 1, 1, 0] * [2, 2, 0, 2] : [0, 0, 0, 0]
[1, 1, 1, 0] * [2, 2, 1, 0] : [2, 1, 0, 2]
[1, 1, 1, 0] * [2, 2, 1, 1] : [2, 2, 2, 0]
[1, 1, 1, 0] * [2, 2, 1, 2] : [2, 0, 1, 1]
[1, 1, 1, 0] * [2, 2, 2, 0] : [1, 1, 1, 0]
[1, 1, 1, 0] * [2, 2, 2, 1] : [1, 2, 0, 1]
[1, 1, 1, 0] * [2, 2, 2, 2] : [1, 0, 2, 2]
[1, 1, 1, 1] * [0, 0, 0, 0] : [0, 0, 0, 0]
[1, 1, 1, 1] * [0, 0, 0, 1] : [2, 1, 2, 1]
[1, 1, 1, 1] * [0, 0, 0, 2] : [1, 2, 1, 2]
[1, 1, 1, 1] * [0, 0, 1, 0] : [2, 2, 1, 1]
[1, 1, 1, 1] * [0, 0, 1, 1] : [1, 0, 0, 2]
[1, 1, 1, 1] * [0, 0, 1, 2] : [0, 1, 2, 0]
[1, 1, 1, 1] * [0, 0, 2, 0] : [1, 1, 2, 2]
[1, 1, 1, 1] * [0, 0, 2, 1] : [0, 2, 1, 0]
[1, 1, 1, 1] * [0, 0, 2, 2] : [2, 0, 0, 1]
[1, 1, 1, 1] * [0, 1, 0, 0] : [2, 1, 1, 2]
[1, 1, 1, 1] * [0, 1, 0, 1] : [1, 2, 0, 0]
[1, 1, 1, 1] * [0, 1, 0, 2] : [0, 0, 2, 1]
[1, 1, 1, 1] * [0, 1, 1, 0] : [1, 0, 2, 0]
[1, 1, 1, 1] * [0, 1, 1, 1] : [0, 1, 1, 1]
[1, 1, 1, 1] * [0, 1, 1, 2] : [2, 2, 0, 2]
[1, 1, 1, 1] * [0, 1, 2, 0] : [0, 2, 0, 1]
[1, 1, 1, 1] * [0, 1, 2, 1] : [2, 0, 2, 2]
[1, 1, 1, 1] * [0, 1, 2, 2] : [1, 1, 1, 0]
[1, 1, 1, 1] * [0, 2, 0, 0] : [1, 2, 2, 1]
[1, 1, 1, 1] * [0, 2, 0, 1] : [0, 0, 1, 2]
[1, 1, 1, 1] * [0, 2, 0, 2] : [2, 1, 0, 0]
[1, 1, 1, 1] * [0, 2, 1, 0] : [0, 1, 0, 2]
[1, 1, 1, 1] * [0, 2, 1, 1] : [2, 2, 2, 0]
[1, 1, 1, 1] * [0, 2, 1, 2] : [1, 0, 1, 1]
[1, 1, 1, 1] * [0, 2, 2, 0] : [2, 0, 1, 0]
[1, 1, 1, 1] * [0, 2, 2, 1] : [1, 1, 0, 1]
[1, 1, 1, 1] * [0, 2, 2, 2] : [0, 2, 2, 2]
[1, 1, 1, 1] * [1, 0, 0, 0] : [1, 1, 1, 1]
[1, 1, 1, 1] * [1, 0, 0, 1] : [0, 2, 0, 2]
[1, 1, 1, 1] * [1, 0, 0, 2] : [2, 0, 2, 0]
[1, 1, 1, 1] * [1, 0, 1, 0] : [0, 0, 2, 2]
[1, 1, 1, 1] * [1, 0, 1, 1] : [2, 1, 1, 0]
[1, 1, 1, 1] * [1, 0, 1, 2] : [1, 2, 0, 1]
[1, 1, 1, 1] * [1, 0, 2, 0] : [2, 2, 0, 0]
[1, 1, 1, 1] * [1, 0, 2, 1] : [1, 0, 2, 1]
[1, 1, 1, 1] * [1, 0, 2, 2] : [0, 1, 1, 2]
[1, 1, 1, 1] * [1, 1, 0, 0] : [0, 2, 2, 0]
[1, 1, 1, 1] * [1, 1, 0, 1] : [2, 0, 1, 1]
[1, 1, 1, 1] * [1, 1, 0, 2] : [1, 1, 0, 2]
[1, 1, 1, 1] * [1, 1, 1, 0] : [2, 1, 0, 1]
[1, 1, 1, 1] * [1, 1, 1, 1] : [1, 2, 2, 2]
[1, 1, 1, 1] * [1, 1, 1, 2] : [0, 0, 1, 0]
[1, 1, 1, 1] * [1, 1, 2, 0] : [1, 0, 1, 2]
[1, 1, 1, 1] * [1, 1, 2, 1] : [0, 1, 0, 0]
[1, 1, 1, 1] * [1, 1, 2, 2] : [2, 2, 2, 1]
[1, 1, 1, 1] * [1, 2, 0, 0] : [2, 0, 0, 2]
[1, 1, 1, 1] * [1, 2, 0, 1] : [1, 1, 2, 0]
[1, 1, 1, 1] * [1, 2, 0, 2] : [0, 2, 1, 1]
[1, 1, 1, 1] * [1, 2, 1, 0] : [1, 2, 1, 0]
[1, 1, 1, 1] * [1, 2, 1, 1] : [0, 0, 0, 1]
[1, 1, 1, 1] * [1, 2, 1, 2] : [2, 1, 2, 2]
[1, 1, 1, 1] * [1, 2, 2, 0] : [0, 1, 2, 1]
[1, 1, 1, 1] * [1, 2, 2, 1] : [2, 2, 1, 2]
[1, 1, 1, 1] * [1, 2, 2, 2] : [1, 0, 0, 0]
[1, 1, 1, 1] * [2, 0, 0, 0] : [2, 2, 2, 2]
[1, 1, 1, 1] * [2, 0, 0, 1] : [1, 0, 1, 0]
[1, 1, 1, 1] * [2, 0, 0, 2] : [0, 1, 0, 1]
[1, 1, 1, 1] * [2, 0, 1, 0] : [1, 1, 0, 0]
[1, 1, 1, 1] * [2, 0, 1, 1] : [0, 2, 2, 1]
[1, 1, 1, 1] * [2, 0, 1, 2] : [2, 0, 1, 2]
[1, 1, 1, 1] * [2, 0, 2, 0] : [0, 0, 1, 1]
[1, 1, 1, 1] * [2, 0, 2, 1] : [2, 1, 0, 2]
[1, 1, 1, 1] * [2, 0, 2, 2] : [1, 2, 2, 0]
[1, 1, 1, 1] * [2, 1, 0, 0] : [1, 0, 0, 1]
[1, 1, 1, 1] * [2, 1, 0, 1] : [0, 1, 2, 2]
[1, 1, 1, 1] * [2, 1, 0, 2] : [2, 2, 1, 0]
[1, 1, 1, 1] * [2, 1, 1, 0] : [0, 2, 1, 2]
[1, 1, 1, 1] * [2, 1, 1, 1] : [2, 0, 0, 0]
[1, 1, 1, 1] * [2, 1, 1, 2] : [1, 1, 2, 1]
[1, 1, 1, 1] * [2, 1, 2, 0] : [2, 1, 2, 0]
[1, 1, 1, 1] * [2, 1, 2, 1] : [1, 2, 1, 1]
[1, 1, 1, 1] * [2, 1, 2, 2] : [0, 0, 0, 2]
[1, 1, 1, 1] * [2, 2, 0, 0] : [0, 1, 1, 0]
[1, 1, 1, 1] * [2, 2, 0, 1] : [2, 2, 0, 1]
[1, 1, 1, 1] * [2, 2, 0, 2] : [1, 0, 2, 2]
[1, 1, 1, 1] * [2, 2, 1, 0] : [2, 0, 2, 1]
[1, 1, 1, 1] * [2, 2, 1, 1] : [1, 1, 1, 2]
[1, 1, 1, 1] * [2, 2, 1, 2] : [0, 2, 0, 0]
[1, 1, 1, 1] * [2, 2, 2, 0] : [1, 2, 0, 2]
[1, 1, 1, 1] * [2, 2, 2, 1] : [0, 0, 2, 0]
[1, 1, 1, 1] * [2, 2, 2, 2] : [2, 1, 1, 1]
[1, 1, 1, 2] * [0, 0, 0, 0] : [0, 0, 0, 0]
[1, 1, 1, 2] * [0, 0, 0, 1] : [1, 1, 2, 1]
[1, 1, 1, 2] * [0, 0, 0, 2] : [2, 2, 1, 2]
[1, 1, 1, 2] * [0, 0, 1, 0] : [2, 1, 1, 1]
[1, 1, 1, 2] * [0, 0, 1, 1] : [0, 2, 0, 2]
[1, 1, 1, 2] * [0, 0, 1, 2] : [1, 0, 2, 0]
[1, 1, 1, 2] * [0, 0, 2, 0] : [1, 2, 2, 2]
[1, 1, 1, 2] * [0, 0, 2, 1] : [2, 0, 1, 0]
[1, 1, 1, 2] * [0, 0, 2, 2] : [0, 1, 0, 1]
[1, 1, 1, 2] * [0, 1, 0, 0] : [2, 1, 2, 2]
[1, 1, 1, 2] * [0, 1, 0, 1] : [0, 2, 1, 0]
[1, 1, 1, 2] * [0, 1, 0, 2] : [1, 0, 0, 1]
[1, 1, 1, 2] * [0, 1, 1, 0] : [1, 2, 0, 0]
[1, 1, 1, 2] * [0, 1, 1, 1] : [2, 0, 2, 1]
[1, 1, 1, 2] * [0, 1, 1, 2] : [0, 1, 1, 2]
[1, 1, 1, 2] * [0, 1, 2, 0] : [0, 0, 1, 1]
[1, 1, 1, 2] * [0, 1, 2, 1] : [1, 1, 0, 2]
[1, 1, 1, 2] * [0, 1, 2, 2] : [2, 2, 2, 0]
[1, 1, 1, 2] * [0, 2, 0, 0] : [1, 2, 1, 1]
[1, 1, 1, 2] * [0, 2, 0, 1] : [2, 0, 0, 2]
[1, 1, 1, 2] * [0, 2, 0, 2] : [0, 1, 2, 0]
[1, 1, 1, 2] * [0, 2, 1, 0] : [0, 0, 2, 2]
[1, 1, 1, 2] * [0, 2, 1, 1] : [1, 1, 1, 0]
[1, 1, 1, 2] * [0, 2, 1, 2] : [2, 2, 0, 1]
[1, 1, 1, 2] * [0, 2, 2, 0] : [2, 1, 0, 0]
[1, 1, 1, 2] * [0, 2, 2, 1] : [0, 2, 2, 1]
[1, 1, 1, 2] * [0, 2, 2, 2] : [1, 0, 1, 2]
[1, 1, 1, 2] * [1, 0, 0, 0] : [1, 1, 1, 2]
[1, 1, 1, 2] * [1, 0, 0, 1] : [2, 2, 0, 0]
[1, 1, 1, 2] * [1, 0, 0, 2] : [0, 0, 2, 1]
[1, 1, 1, 2] * [1, 0, 1, 0] : [0, 2, 2, 0]
[1, 1, 1, 2] * [1, 0, 1, 1] : [1, 0, 1, 1]
[1, 1, 1, 2] * [1, 0, 1, 2] : [2, 1, 0, 2]
[1, 1, 1, 2] * [1, 0, 2, 0] : [2, 0, 0, 1]
[1, 1, 1, 2] * [1, 0, 2, 1] : [0, 1, 2, 2]
[1, 1, 1, 2] * [1, 0, 2, 2] : [1, 2, 1, 0]
[1, 1, 1, 2] * [1, 1, 0, 0] : [0, 2, 0, 1]
[1, 1, 1, 2] * [1, 1, 0, 1] : [1, 0, 2, 2]
[1, 1, 1, 2] * [1, 1, 0, 2] : [2, 1, 1, 0]
[1, 1, 1, 2] * [1, 1, 1, 0] : [2, 0, 1, 2]
[1, 1, 1, 2] * [1, 1, 1, 1] : [0, 1, 0, 0]
[1, 1, 1, 2] * [1, 1, 1, 2] : [1, 2, 2, 1]
[1, 1, 1, 2] * [1, 1, 2, 0] : [1, 1, 2, 0]
[1, 1, 1, 2] * [1, 1, 2, 1] : [2, 2, 1, 1]
[1, 1, 1, 2] * [1, 1, 2, 2] : [0, 0, 0, 2]
[1, 1, 1, 2] * [1, 2, 0, 0] : [2, 0, 2, 0]
[1, 1, 1, 2] * [1, 2, 0, 1] : [0, 1, 1, 1]
[1, 1, 1, 2] * [1, 2, 0, 2] : [1, 2, 0, 2]
[1, 1, 1, 2] * [1, 2, 1, 0] : [1, 1, 0, 1]
[1, 1, 1, 2] * [1, 2, 1, 1] : [2, 2, 2, 2]
[1, 1, 1, 2] * [1, 2, 1, 2] : [0, 0, 1, 0]
[1, 1, 1, 2] * [1, 2, 2, 0] : [0, 2, 1, 2]
[1, 1, 1, 2] * [1, 2, 2, 1] : [1, 0, 0, 0]
[1, 1, 1, 2] * [1, 2, 2, 2] : [2, 1, 2, 1]
[1, 1, 1, 2] * [2, 0, 0, 0] : [2, 2, 2, 1]
[1, 1, 1, 2] * [2, 0, 0, 1] : [0, 0, 1, 2]
[1, 1, 1, 2] * [2, 0, 0, 2] : [1, 1, 0, 0]
[1, 1, 1, 2] * [2, 0, 1, 0] : [1, 0, 0, 2]
[1, 1, 1, 2] * [2, 0, 1, 1] : [2, 1, 2, 0]
[1, 1, 1, 2] * [2, 0, 1, 2] : [0, 2, 1, 1]
[1, 1, 1, 2] * [2, 0, 2, 0] : [0, 1, 1, 0]
[1, 1, 1, 2] * [2, 0, 2, 1] : [1, 2, 0, 1]
[1, 1, 1, 2] * [2, 0, 2, 2] : [2, 0, 2, 2]
[1, 1, 1, 2] * [2, 1, 0, 0] : [1, 0, 1, 0]
[1, 1, 1, 2] * [2, 1, 0, 1] : [2, 1, 0, 1]
[1, 1, 1, 2] * [2, 1, 0, 2] : [0, 2, 2, 2]
[1, 1, 1, 2] * [2, 1, 1, 0] : [0, 1, 2, 1]
[1, 1, 1, 2] * [2, 1, 1, 1] : [1, 2, 1, 2]
[1, 1, 1, 2] * [2, 1, 1, 2] : [2, 0, 0, 0]
[1, 1, 1, 2] * [2, 1, 2, 0] : [2, 2, 0, 2]
[1, 1, 1, 2] * [2, 1, 2, 1] : [0, 0, 2, 0]
[1, 1, 1, 2] * [2, 1, 2, 2] : [1, 1, 1, 1]
[1, 1, 1, 2] * [2, 2, 0, 0] : [0, 1, 0, 2]
[1, 1, 1, 2] * [2, 2, 0, 1] : [1, 2, 2, 0]
[1, 1, 1, 2] * [2, 2, 0, 2] : [2, 0, 1, 1]
[1, 1, 1, 2] * [2, 2, 1, 0] : [2, 2, 1, 0]
[1, 1, 1, 2] * [2, 2, 1, 1] : [0, 0, 0, 1]
[1, 1, 1, 2] * [2, 2, 1, 2] : [1, 1, 2, 2]
[1, 1, 1, 2] * [2, 2, 2, 0] : [1, 0, 2, 1]
[1, 1, 1, 2] * [2, 2, 2, 1] : [2, 1, 1, 2]
[1, 1, 1, 2] * [2, 2, 2, 2] : [0, 2, 0, 0]
[1, 1, 2, 0] * [0, 0, 0, 0] : [0, 0, 0, 0]
[1, 1, 2, 0] * [0, 0, 0, 1] : [0, 2, 2, 1]
[1, 1, 2, 0] * [0, 0, 0, 2] : [0, 1, 1, 2]
[1, 1, 2, 0] * [0, 0, 1, 0] : [1, 0, 1, 1]
[1, 1, 2, 0] * [0, 0, 1, 1] : [1, 2, 0, 2]
[1, 1, 2, 0] * [0, 0, 1, 2] : [1, 1, 2, 0]
[1, 1, 2, 0] * [0, 0, 2, 0] : [2, 0, 2, 2]
[1, 1, 2, 0] * [0, 0, 2, 1] : [2, 2, 1, 0]
[1, 1, 2, 0] * [0, 0, 2, 2] : [2, 1, 0, 1]
[1, 1, 2, 0] * [0, 1, 0, 0] : [2, 1, 0, 1]
[1, 1, 2, 0] * [0, 1, 0, 1] : [2, 0, 2, 2]
[1, 1, 2, 0] * [0, 1, 0, 2] : [2, 2, 1, 0]
[1, 1, 2, 0] * [0, 1, 1, 0] : [0, 1, 1, 2]
[1, 1, 2, 0] * [0, 1, 1, 1] : [0, 0, 0, 0]
[1, 1, 2, 0] * [0, 1, 1, 2] : [0, 2, 2, 1]
[1, 1, 2, 0] * [0, 1, 2, 0] : [1, 1, 2, 0]
[1, 1, 2, 0] * [0, 1, 2, 1] : [1, 0, 1, 1]
[1, 1, 2, 0] * [0, 1, 2, 2] : [1, 2, 0, 2]
[1, 1, 2, 0] * [0, 2, 0, 0] : [1, 2, 0, 2]
[1, 1, 2, 0] * [0, 2, 0, 1] : [1, 1, 2, 0]
[1, 1, 2, 0] * [0, 2, 0, 2] : [1, 0, 1, 1]
[1, 1, 2, 0] * [0, 2, 1, 0] : [2, 2, 1, 0]
[1, 1, 2, 0] * [0, 2, 1, 1] : [2, 1, 0, 1]
[1, 1, 2, 0] * [0, 2, 1, 2] : [2, 0, 2, 2]
[1, 1, 2, 0] * [0, 2, 2, 0] : [0, 2, 2, 1]
[1, 1, 2, 0] * [0, 2, 2, 1] : [0, 1, 1, 2]
[1, 1, 2, 0] * [0, 2, 2, 2] : [0, 0, 0, 0]
[1, 1, 2, 0] * [1, 0, 0, 0] : [1, 1, 2, 0]
[1, 1, 2, 0] * [1, 0, 0, 1] : [1, 0, 1, 1]
[1, 1, 2, 0] * [1, 0, 0, 2] : [1, 2, 0, 2]
[1, 1, 2, 0] * [1, 0, 1, 0] : [2, 1, 0, 1]
[1, 1, 2, 0] * [1, 0, 1, 1] : [2, 0, 2, 2]
[1, 1, 2, 0] * [1, 0, 1, 2] : [2, 2, 1, 0]
[1, 1, 2, 0] * [1, 0, 2, 0] : [0, 1, 1, 2]
[1, 1, 2, 0] * [1, 0, 2, 1] : [0, 0, 0, 0]
[1, 1, 2, 0] * [1, 0, 2, 2] : [0, 2, 2, 1]
[1, 1, 2, 0] * [1, 1, 0, 0] : [0, 2, 2, 1]
[1, 1, 2, 0] * [1, 1, 0, 1] : [0, 1, 1, 2]
[1, 1, 2, 0] * [1, 1, 0, 2] : [0, 0, 0, 0]
[1, 1, 2, 0] * [1, 1, 1, 0] : [1, 2, 0, 2]
[1, 1, 2, 0] * [1, 1, 1, 1] : [1, 1, 2, 0]
[1, 1, 2, 0] * [1, 1, 1, 2] : [1, 0, 1, 1]
[1, 1, 2, 0] * [1, 1, 2, 0] : [2, 2, 1, 0]
[1, 1, 2, 0] * [1, 1, 2, 1] : [2, 1, 0, 1]
[1, 1, 2, 0] * [1, 1, 2, 2] : [2, 0, 2, 2]
[1, 1, 2, 0] * [1, 2, 0, 0] : [2, 0, 2, 2]
[1, 1, 2, 0] * [1, 2, 0, 1] : [2, 2, 1, 0]
[1, 1, 2, 0] * [1, 2, 0, 2] : [2, 1, 0, 1]
[1, 1, 2, 0] * [1, 2, 1, 0] : [0, 0, 0, 0]
[1, 1, 2, 0] * [1, 2, 1, 1] : [0, 2, 2, 1]
[1, 1, 2, 0] * [1, 2, 1, 2] : [0, 1, 1, 2]
[1, 1, 2, 0] * [1, 2, 2, 0] : [1, 0, 1, 1]
[1, 1, 2, 0] * [1, 2, 2, 1] : [1, 2, 0, 2]
[1, 1, 2, 0] * [1, 2, 2, 2] : [1, 1, 2, 0]
[1, 1, 2, 0] * [2, 0, 0, 0] : [2, 2, 1, 0]
[1, 1, 2, 0] * [2, 0, 0, 1] : [2, 1, 0, 1]
[1, 1, 2, 0] * [2, 0, 0, 2] : [2, 0, 2, 2]
[1, 1, 2, 0] * [2, 0, 1, 0] : [0, 2, 2, 1]
[1, 1, 2, 0] * [2, 0, 1, 1] : [0, 1, 1, 2]
[1, 1, 2, 0] * [2, 0, 1, 2] : [0, 0, 0, 0]
[1, 1, 2, 0] * [2, 0, 2, 0] : [1, 2, 0, 2]
[1, 1, 2, 0] * [2, 0, 2, 1] : [1, 1, 2, 0]
[1, 1, 2, 0] * [2, 0, 2, 2] : [1, 0, 1, 1]
[1, 1, 2, 0] * [2, 1, 0, 0] : [1, 0, 1, 1]
[1, 1, 2, 0] * [2, 1, 0, 1] : [1, 2, 0, 2]
[1, 1, 2, 0] * [2, 1, 0, 2] : [1, 1, 2, 0]
[1, 1, 2, 0] * [2, 1, 1, 0] : [2, 0, 2, 2]
[1, 1, 2, 0] * [2, 1, 1, 1] : [2, 2, 1, 0]
[1, 1, 2, 0] * [2, 1, 1, 2] : [2, 1, 0, 1]
[1, 1, 2, 0] * [2, 1, 2, 0] : [0, 0, 0, 0]
[1, 1, 2, 0] * [2, 1, 2, 1] : [0, 2, 2, 1]
[1, 1, 2, 0] * [2, 1, 2, 2] : [0, 1, 1, 2]
[1, 1, 2, 0] * [2, 2, 0, 0] : [0, 1, 1, 2]
[1, 1, 2, 0] * [2, 2, 0, 1] : [0, 0, 0, 0]
[1, 1, 2, 0] * [2, 2, 0, 2] : [0, 2, 2, 1]
[1, 1, 2, 0] * [2, 2, 1, 0] : [1, 1, 2, 0]
[1, 1, 2, 0] * [2, 2, 1, 1] : [1, 0, 1, 1]
[1, 1, 2, 0] * [2, 2, 1, 2] : [1, 2, 0, 2]
[1, 1, 2, 0] * [2, 2, 2, 0] : [2, 1, 0, 1]
[1, 1, 2, 0] * [2, 2, 2, 1] : [2, 0, 2, 2]
[1, 1, 2, 0] * [2, 2, 2, 2] : [2, 2, 1, 0]
[1, 1, 2, 1] * [0, 0, 0, 0] : [0, 0, 0, 0]
[1, 1, 2, 1] * [0, 0, 0, 1] : [2, 2, 2, 1]
[1, 1, 2, 1] * [0, 0, 0, 2] : [1, 1, 1, 2]
[1, 1, 2, 1] * [0, 0, 1, 0] : [1, 2, 1, 1]
[1, 1, 2, 1] * [0, 0, 1, 1] : [0, 1, 0, 2]
[1, 1, 2, 1] * [0, 0, 1, 2] : [2, 0, 2, 0]
[1, 1, 2, 1] * [0, 0, 2, 0] : [2, 1, 2, 2]
[1, 1, 2, 1] * [0, 0, 2, 1] : [1, 0, 1, 0]
[1, 1, 2, 1] * [0, 0, 2, 2] : [0, 2, 0, 1]
[1, 1, 2, 1] * [0, 1, 0, 0] : [2, 1, 1, 1]
[1, 1, 2, 1] * [0, 1, 0, 1] : [1, 0, 0, 2]
[1, 1, 2, 1] * [0, 1, 0, 2] : [0, 2, 2, 0]
[1, 1, 2, 1] * [0, 1, 1, 0] : [0, 0, 2, 2]
[1, 1, 2, 1] * [0, 1, 1, 1] : [2, 2, 1, 0]
[1, 1, 2, 1] * [0, 1, 1, 2] : [1, 1, 0, 1]
[1, 1, 2, 1] * [0, 1, 2, 0] : [1, 2, 0, 0]
[1, 1, 2, 1] * [0, 1, 2, 1] : [0, 1, 2, 1]
[1, 1, 2, 1] * [0, 1, 2, 2] : [2, 0, 1, 2]
[1, 1, 2, 1] * [0, 2, 0, 0] : [1, 2, 2, 2]
[1, 1, 2, 1] * [0, 2, 0, 1] : [0, 1, 1, 0]
[1, 1, 2, 1] * [0, 2, 0, 2] : [2, 0, 0, 1]
[1, 1, 2, 1] * [0, 2, 1, 0] : [2, 1, 0, 0]
[1, 1, 2, 1] * [0, 2, 1, 1] : [1, 0, 2, 1]
[1, 1, 2, 1] * [0, 2, 1, 2] : [0, 2, 1, 2]
[1, 1, 2, 1] * [0, 2, 2, 0] : [0, 0, 1, 1]
[1, 1, 2, 1] * [0, 2, 2, 1] : [2, 2, 0, 2]
[1, 1, 2, 1] * [0, 2, 2, 2] : [1, 1, 2, 0]
[1, 1, 2, 1] * [1, 0, 0, 0] : [1, 1, 2, 1]
[1, 1, 2, 1] * [1, 0, 0, 1] : [0, 0, 1, 2]
[1, 1, 2, 1] * [1, 0, 0, 2] : [2, 2, 0, 0]
[1, 1, 2, 1] * [1, 0, 1, 0] : [2, 0, 0, 2]
[1, 1, 2, 1] * [1, 0, 1, 1] : [1, 2, 2, 0]
[1, 1, 2, 1] * [1, 0, 1, 2] : [0, 1, 1, 1]
[1, 1, 2, 1] * [1, 0, 2, 0] : [0, 2, 1, 0]
[1, 1, 2, 1] * [1, 0, 2, 1] : [2, 1, 0, 1]
[1, 1, 2, 1] * [1, 0, 2, 2] : [1, 0, 2, 2]
[1, 1, 2, 1] * [1, 1, 0, 0] : [0, 2, 0, 2]
[1, 1, 2, 1] * [1, 1, 0, 1] : [2, 1, 2, 0]
[1, 1, 2, 1] * [1, 1, 0, 2] : [1, 0, 1, 1]
[1, 1, 2, 1] * [1, 1, 1, 0] : [1, 1, 1, 0]
[1, 1, 2, 1] * [1, 1, 1, 1] : [0, 0, 0, 1]
[1, 1, 2, 1] * [1, 1, 1, 2] : [2, 2, 2, 2]
[1, 1, 2, 1] * [1, 1, 2, 0] : [2, 0, 2, 1]
[1, 1, 2, 1] * [1, 1, 2, 1] : [1, 2, 1, 2]
[1, 1, 2, 1] * [1, 1, 2, 2] : [0, 1, 0, 0]
[1, 1, 2, 1] * [1, 2, 0, 0] : [2, 0, 1, 0]
[1, 1, 2, 1] * [1, 2, 0, 1] : [1, 2, 0, 1]
[1, 1, 2, 1] * [1, 2, 0, 2] : [0, 1, 2, 2]
[1, 1, 2, 1] * [1, 2, 1, 0] : [0, 2, 2, 1]
[1, 1, 2, 1] * [1, 2, 1, 1] : [2, 1, 1, 2]
[1, 1, 2, 1] * [1, 2, 1, 2] : [1, 0, 0, 0]
[1, 1, 2, 1] * [1, 2, 2, 0] : [1, 1, 0, 2]
[1, 1, 2, 1] * [1, 2, 2, 1] : [0, 0, 2, 0]
[1, 1, 2, 1] * [1, 2, 2, 2] : [2, 2, 1, 1]
[1, 1, 2, 1] * [2, 0, 0, 0] : [2, 2, 1, 2]
[1, 1, 2, 1] * [2, 0, 0, 1] : [1, 1, 0, 0]
[1, 1, 2, 1] * [2, 0, 0, 2] : [0, 0, 2, 1]
[1, 1, 2, 1] * [2, 0, 1, 0] : [0, 1, 2, 0]
[1, 1, 2, 1] * [2, 0, 1, 1] : [2, 0, 1, 1]
[1, 1, 2, 1] * [2, 0, 1, 2] : [1, 2, 0, 2]
[1, 1, 2, 1] * [2, 0, 2, 0] : [1, 0, 0, 1]
[1, 1, 2, 1] * [2, 0, 2, 1] : [0, 2, 2, 2]
[1, 1, 2, 1] * [2, 0, 2, 2] : [2, 1, 1, 0]
[1, 1, 2, 1] * [2, 1, 0, 0] : [1, 0, 2, 0]
[1, 1, 2, 1] * [2, 1, 0, 1] : [0, 2, 1, 1]
[1, 1, 2, 1] * [2, 1, 0, 2] : [2, 1, 0, 2]
[1, 1, 2, 1] * [2, 1, 1, 0] : [2, 2, 0, 1]
[1, 1, 2, 1] * [2, 1, 1, 1] : [1, 1, 2, 2]
[1, 1, 2, 1] * [2, 1, 1, 2] : [0, 0, 1, 0]
[1, 1, 2, 1] * [2, 1, 2, 0] : [0, 1, 1, 2]
[1, 1, 2, 1] * [2, 1, 2, 1] : [2, 0, 0, 0]
[1, 1, 2, 1] * [2, 1, 2, 2] : [1, 2, 2, 1]
[1, 1, 2, 1] * [2, 2, 0, 0] : [0, 1, 0, 1]
[1, 1, 2, 1] * [2, 2, 0, 1] : [2, 0, 2, 2]
[1, 1, 2, 1] * [2, 2, 0, 2] : [1, 2, 1, 0]
[1, 1, 2, 1] * [2, 2, 1, 0] : [1, 0, 1, 2]
[1, 1, 2, 1] * [2, 2, 1, 1] : [0, 2, 0, 0]
[1, 1, 2, 1] * [2, 2, 1, 2] : [2, 1, 2, 1]
[1, 1, 2, 1] * [2, 2, 2, 0] : [2, 2, 2, 0]
[1, 1, 2, 1] * [2, 2, 2, 1] : [1, 1, 1, 1]
[1, 1, 2, 1] * [2, 2, 2, 2] : [0, 0, 0, 2]
[1, 1, 2, 2] * [0, 0, 0, 0] : [0, 0, 0, 0]
[1, 1, 2, 2] * [0, 0, 0, 1] : [1, 2, 2, 1]
[1, 1, 2, 2] * [0, 0, 0, 2] : [2, 1, 1, 2]
[1, 1, 2, 2] * [0, 0, 1, 0] : [1, 1, 1, 1]
[1, 1, 2, 2] * [0, 0, 1, 1] : [2, 0, 0, 2]
[1, 1, 2, 2] * [0, 0, 1, 2] : [0, 2, 2, 0]
[1, 1, 2, 2] * [0, 0, 2, 0] : [2, 2, 2, 2]
[1, 1, 2, 2] * [0, 0, 2, 1] : [0, 1, 1, 0]
[1, 1, 2, 2] * [0, 0, 2, 2] : [1, 0, 0, 1]
[1, 1, 2, 2] * [0, 1, 0, 0] : [2, 1, 2, 1]
[1, 1, 2, 2] * [0, 1, 0, 1] : [0, 0, 1, 2]
[1, 1, 2, 2] * [0, 1, 0, 2] : [1, 2, 0, 0]
[1, 1, 2, 2] * [0, 1, 1, 0] : [0, 2, 0, 2]
[1, 1, 2, 2] * [0, 1, 1, 1] : [1, 1, 2, 0]
[1, 1, 2, 2] * [0, 1, 1, 2] : [2, 0, 1, 1]
[1, 1, 2, 2] * [0, 1, 2, 0] : [1, 0, 1, 0]
[1, 1, 2, 2] * [0, 1, 2, 1] : [2, 2, 0, 1]
[1, 1, 2, 2] * [0, 1, 2, 2] : [0, 1, 2, 2]
[1, 1, 2, 2] * [0, 2, 0, 0] : [1, 2, 1, 2]
[1, 1, 2, 2] * [0, 2, 0, 1] : [2, 1, 0, 0]
[1, 1, 2, 2] * [0, 2, 0, 2] : [0, 0, 2, 1]
[1, 1, 2, 2] * [0, 2, 1, 0] : [2, 0, 2, 0]
[1, 1, 2, 2] * [0, 2, 1, 1] : [0, 2, 1, 1]
[1, 1, 2, 2] * [0, 2, 1, 2] : [1, 1, 0, 2]
[1, 1, 2, 2] * [0, 2, 2, 0] : [0, 1, 0, 1]
[1, 1, 2, 2] * [0, 2, 2, 1] : [1, 0, 2, 2]
[1, 1, 2, 2] * [0, 2, 2, 2] : [2, 2, 1, 0]
[1, 1, 2, 2] * [1, 0, 0, 0] : [1, 1, 2, 2]
[1, 1, 2, 2] * [1, 0, 0, 1] : [2, 0, 1, 0]
[1, 1, 2, 2] * [1, 0, 0, 2] : [0, 2, 0, 1]
[1, 1, 2, 2] * [1, 0, 1, 0] : [2, 2, 0, 0]
[1, 1, 2, 2] * [1, 0, 1, 1] : [0, 1, 2, 1]
[1, 1, 2, 2] * [1, 0, 1, 2] : [1, 0, 1, 2]
[1, 1, 2, 2] * [1, 0, 2, 0] : [0, 0, 1, 1]
[1, 1, 2, 2] * [1, 0, 2, 1] : [1, 2, 0, 2]
[1, 1, 2, 2] * [1, 0, 2, 2] : [2, 1, 2, 0]
[1, 1, 2, 2] * [1, 1, 0, 0] : [0, 2, 1, 0]
[1, 1, 2, 2] * [1, 1, 0, 1] : [1, 1, 0, 1]
[1, 1, 2, 2] * [1, 1, 0, 2] : [2, 0, 2, 2]
[1, 1, 2, 2] * [1, 1, 1, 0] : [1, 0, 2, 1]
[1, 1, 2, 2] * [1, 1, 1, 1] : [2, 2, 1, 2]
[1, 1, 2, 2] * [1, 1, 1, 2] : [0, 1, 0, 0]
[1, 1, 2, 2] * [1, 1, 2, 0] : [2, 1, 0, 2]
[1, 1, 2, 2] * [1, 1, 2, 1] : [0, 0, 2, 0]
[1, 1, 2, 2] * [1, 1, 2, 2] : [1, 2, 1, 1]
[1, 1, 2, 2] * [1, 2, 0, 0] : [2, 0, 0, 1]
[1, 1, 2, 2] * [1, 2, 0, 1] : [0, 2, 2, 2]
[1, 1, 2, 2] * [1, 2, 0, 2] : [1, 1, 1, 0]
[1, 1, 2, 2] * [1, 2, 1, 0] : [0, 1, 1, 2]
[1, 1, 2, 2] * [1, 2, 1, 1] : [1, 0, 0, 0]
[1, 1, 2, 2] * [1, 2, 1, 2] : [2, 2, 2, 1]
[1, 1, 2, 2] * [1, 2, 2, 0] : [1, 2, 2, 0]
[1, 1, 2, 2] * [1, 2, 2, 1] : [2, 1, 1, 1]
[1, 1, 2, 2] * [1, 2, 2, 2] : [0, 0, 0, 2]
[1, 1, 2, 2] * [2, 0, 0, 0] : [2, 2, 1, 1]
[1, 1, 2, 2] * [2, 0, 0, 1] : [0, 1, 0, 2]
[1, 1, 2, 2] * [2, 0, 0, 2] : [1, 0, 2, 0]
[1, 1, 2, 2] * [2, 0, 1, 0] : [0, 0, 2, 2]
[1, 1, 2, 2] * [2, 0, 1, 1] : [1, 2, 1, 0]
[1, 1, 2, 2] * [2, 0, 1, 2] : [2, 1, 0, 1]
[1, 1, 2, 2] * [2, 0, 2, 0] : [1, 1, 0, 0]
[1, 1, 2, 2] * [2, 0, 2, 1] : [2, 0, 2, 1]
[1, 1, 2, 2] * [2, 0, 2, 2] : [0, 2, 1, 2]
[1, 1, 2, 2] * [2, 1, 0, 0] : [1, 0, 0, 2]
[1, 1, 2, 2] * [2, 1, 0, 1] : [2, 2, 2, 0]
[1, 1, 2, 2] * [2, 1, 0, 2] : [0, 1, 1, 1]
[1, 1, 2, 2] * [2, 1, 1, 0] : [2, 1, 1, 0]
[1, 1, 2, 2] * [2, 1, 1, 1] : [0, 0, 0, 1]
[1, 1, 2, 2] * [2, 1, 1, 2] : [1, 2, 2, 2]
[1, 1, 2, 2] * [2, 1, 2, 0] : [0, 2, 2, 1]
[1, 1, 2, 2] * [2, 1, 2, 1] : [1, 1, 1, 2]
[1, 1, 2, 2] * [2, 1, 2, 2] : [2, 0, 0, 0]
[1, 1, 2, 2] * [2, 2, 0, 0] : [0, 1, 2, 0]
[1, 1, 2, 2] * [2, 2, 0, 1] : [1, 0, 1, 1]
[1, 1, 2, 2] * [2, 2, 0, 2] : [2, 2, 0, 2]
[1, 1, 2, 2] * [2, 2, 1, 0] : [1, 2, 0, 1]
[1, 1, 2, 2] * [2, 2, 1, 1] : [2, 1, 2, 2]
[1, 1, 2, 2] * [2, 2, 1, 2] : [0, 0, 1, 0]
[1, 1, 2, 2] * [2, 2, 2, 0] : [2, 0, 1, 2]
[1, 1, 2, 2] * [2, 2, 2, 1] : [0, 2, 0, 0]
[1, 1, 2, 2] * [2, 2, 2, 2] : [1, 1, 2, 1]
[1, 2, 0, 0] * [0, 0, 0, 0] : [0, 0, 0, 0]
[1, 2, 0, 0] * [0, 0, 0, 1] : [0, 0, 1, 1]
[1, 2, 0, 0] * [0, 0, 0, 2] : [0, 0, 2, 2]
[1, 2, 0, 0] * [0, 0, 1, 0] : [0, 0, 1, 2]
[1, 2, 0, 0] * [0, 0, 1, 1] : [0, 0, 2, 0]
[1, 2, 0, 0] * [0, 0, 1, 2] : [0, 0, 0, 1]
[1, 2, 0, 0] * [0, 0, 2, 0] : [0, 0, 2, 1]
[1, 2, 0, 0] * [0, 0, 2, 1] : [0, 0, 0, 2]
[1, 2, 0, 0] * [0, 0, 2, 2] : [0, 0, 1, 0]
[1, 2, 0, 0] * [0, 1, 0, 0] : [1, 1, 0, 0]
[1, 2, 0, 0] * [0, 1, 0, 1] : [1, 1, 1, 1]
[1, 2, 0, 0] * [0, 1, 0, 2] : [1, 1, 2, 2]
[1, 2, 0, 0] * [0, 1, 1, 0] : [1, 1, 1, 2]
[1, 2, 0, 0] * [0, 1, 1, 1] : [1, 1, 2, 0]
[1, 2, 0, 0] * [0, 1, 1, 2] : [1, 1, 0, 1]
[1, 2, 0, 0] * [0, 1, 2, 0] : [1, 1, 2, 1]
[1, 2, 0, 0] * [0, 1, 2, 1] : [1, 1, 0, 2]
[1, 2, 0, 0] * [0, 1, 2, 2] : [1, 1, 1, 0]
[1, 2, 0, 0] * [0, 2, 0, 0] : [2, 2, 0, 0]
[1, 2, 0, 0] * [0, 2, 0, 1] : [2, 2, 1, 1]
[1, 2, 0, 0] * [0, 2, 0, 2] : [2, 2, 2, 2]
[1, 2, 0, 0] * [0, 2, 1, 0] : [2, 2, 1, 2]
[1, 2, 0, 0] * [0, 2, 1, 1] : [2, 2, 2, 0]
[1, 2, 0, 0] * [0, 2, 1, 2] : [2, 2, 0, 1]
[1, 2, 0, 0] * [0, 2, 2, 0] : [2, 2, 2, 1]
[1, 2, 0, 0] * [0, 2, 2, 1] : [2, 2, 0, 2]
[1, 2, 0, 0] * [0, 2, 2, 2] : [2, 2, 1, 0]
[1, 2, 0, 0] * [1, 0, 0, 0] : [1, 2, 0, 0]
[1, 2, 0, 0] * [1, 0, 0, 1] : [1, 2, 1, 1]
[1, 2, 0, 0] * [1, 0, 0, 2] : [1, 2, 2, 2]
[1, 2, 0, 0] * [1, 0, 1, 0] : [1, 2, 1, 2]
[1, 2, 0, 0] * [1, 0, 1, 1] : [1, 2, 2, 0]
[1, 2, 0, 0] * [1, 0, 1, 2] : [1, 2, 0, 1]
[1, 2, 0, 0] * [1, 0, 2, 0] : [1, 2, 2, 1]
[1, 2, 0, 0] * [1, 0, 2, 1] : [1, 2, 0, 2]
[1, 2, 0, 0] * [1, 0, 2, 2] : [1, 2, 1, 0]
[1, 2, 0, 0] * [1, 1, 0, 0] : [2, 0, 0, 0]
[1, 2, 0, 0] * [1, 1, 0, 1] : [2, 0, 1, 1]
[1, 2, 0, 0] * [1, 1, 0, 2] : [2, 0, 2, 2]
[1, 2, 0, 0] * [1, 1, 1, 0] : [2, 0, 1, 2]
[1, 2, 0, 0] * [1, 1, 1, 1] : [2, 0, 2, 0]
[1, 2, 0, 0] * [1, 1, 1, 2] : [2, 0, 0, 1]
[1, 2, 0, 0] * [1, 1, 2, 0] : [2, 0, 2, 1]
[1, 2, 0, 0] * [1, 1, 2, 1] : [2, 0, 0, 2]
[1, 2, 0, 0] * [1, 1, 2, 2] : [2, 0, 1, 0]
[1, 2, 0, 0] * [1, 2, 0, 0] : [0, 1, 0, 0]
[1, 2, 0, 0] * [1, 2, 0, 1] : [0, 1, 1, 1]
[1, 2, 0, 0] * [1, 2, 0, 2] : [0, 1, 2, 2]
[1, 2, 0, 0] * [1, 2, 1, 0] : [0, 1, 1, 2]
[1, 2, 0, 0] * [1, 2, 1, 1] : [0, 1, 2, 0]
[1, 2, 0, 0] * [1, 2, 1, 2] : [0, 1, 0, 1]
[1, 2, 0, 0] * [1, 2, 2, 0] : [0, 1, 2, 1]
[1, 2, 0, 0] * [1, 2, 2, 1] : [0, 1, 0, 2]
[1, 2, 0, 0] * [1, 2, 2, 2] : [0, 1, 1, 0]
[1, 2, 0, 0] * [2, 0, 0, 0] : [2, 1, 0, 0]
[1, 2, 0, 0] * [2, 0, 0, 1] : [2, 1, 1, 1]
[1, 2, 0, 0] * [2, 0, 0, 2] : [2, 1, 2, 2]
[1, 2, 0, 0] * [2, 0, 1, 0] : [2, 1, 1, 2]
[1, 2, 0, 0] * [2, 0, 1, 1] : [2, 1, 2, 0]
[1, 2, 0, 0] * [2, 0, 1, 2] : [2, 1, 0, 1]
[1, 2, 0, 0] * [2, 0, 2, 0] : [2, 1, 2, 1]
[1, 2, 0, 0] * [2, 0, 2, 1] : [2, 1, 0, 2]
[1, 2, 0, 0] * [2, 0, 2, 2] : [2, 1, 1, 0]
[1, 2, 0, 0] * [2, 1, 0, 0] : [0, 2, 0, 0]
[1, 2, 0, 0] * [2, 1, 0, 1] : [0, 2, 1, 1]
[1, 2, 0, 0] * [2, 1, 0, 2] : [0, 2, 2, 2]
[1, 2, 0, 0] * [2, 1, 1, 0] : [0, 2, 1, 2]
[1, 2, 0, 0] * [2, 1, 1, 1] : [0, 2, 2, 0]
[1, 2, 0, 0] * [2, 1, 1, 2] : [0, 2, 0, 1]
[1, 2, 0, 0] * [2, 1, 2, 0] : [0, 2, 2, 1]
[1, 2, 0, 0] * [2, 1, 2, 1] : [0, 2, 0, 2]
[1, 2, 0, 0] * [2, 1, 2, 2] : [0, 2, 1, 0]
[1, 2, 0, 0] * [2, 2, 0, 0] : [1, 0, 0, 0]
[1, 2, 0, 0] * [2, 2, 0, 1] : [1, 0, 1, 1]
[1, 2, 0, 0] * [2, 2, 0, 2] : [1, 0, 2, 2]
[1, 2, 0, 0] * [2, 2, 1, 0] : [1, 0, 1, 2]
[1, 2, 0, 0] * [2, 2, 1, 1] : [1, 0, 2, 0]
[1, 2, 0, 0] * [2, 2, 1, 2] : [1, 0, 0, 1]
[1, 2, 0, 0] * [2, 2, 2, 0] : [1, 0, 2, 1]
[1, 2, 0, 0] * [2, 2, 2, 1] : [1, 0, 0, 2]
[1, 2, 0, 0] * [2, 2, 2, 2] : [1, 0, 1, 0]
[1, 2, 0, 1] * [0, 0, 0, 0] : [0, 0, 0, 0]
[1, 2, 0, 1] * [0, 0, 0, 1] : [2, 0, 1, 1]
[1, 2, 0, 1] * [0, 0, 0, 2] : [1, 0, 2, 2]
[1, 2, 0, 1] * [0, 0, 1, 0] : [0, 2, 1, 2]
[1, 2, 0, 1] * [0, 0, 1, 1] : [2, 2, 2, 0]
[1, 2, 0, 1] * [0, 0, 1, 2] : [1, 2, 0, 1]
[1, 2, 0, 1] * [0, 0, 2, 0] : [0, 1, 2, 1]
[1, 2, 0, 1] * [0, 0, 2, 1] : [2, 1, 0, 2]
[1, 2, 0, 1] * [0, 0, 2, 2] : [1, 1, 1, 0]
[1, 2, 0, 1] * [0, 1, 0, 0] : [1, 1, 1, 0]
[1, 2, 0, 1] * [0, 1, 0, 1] : [0, 1, 2, 1]
[1, 2, 0, 1] * [0, 1, 0, 2] : [2, 1, 0, 2]
[1, 2, 0, 1] * [0, 1, 1, 0] : [1, 0, 2, 2]
[1, 2, 0, 1] * [0, 1, 1, 1] : [0, 0, 0, 0]
[1, 2, 0, 1] * [0, 1, 1, 2] : [2, 0, 1, 1]
[1, 2, 0, 1] * [0, 1, 2, 0] : [1, 2, 0, 1]
[1, 2, 0, 1] * [0, 1, 2, 1] : [0, 2, 1, 2]
[1, 2, 0, 1] * [0, 1, 2, 2] : [2, 2, 2, 0]
[1, 2, 0, 1] * [0, 2, 0, 0] : [2, 2, 2, 0]
[1, 2, 0, 1] * [0, 2, 0, 1] : [1, 2, 0, 1]
[1, 2, 0, 1] * [0, 2, 0, 2] : [0, 2, 1, 2]
[1, 2, 0, 1] * [0, 2, 1, 0] : [2, 1, 0, 2]
[1, 2, 0, 1] * [0, 2, 1, 1] : [1, 1, 1, 0]
[1, 2, 0, 1] * [0, 2, 1, 2] : [0, 1, 2, 1]
[1, 2, 0, 1] * [0, 2, 2, 0] : [2, 0, 1, 1]
[1, 2, 0, 1] * [0, 2, 2, 1] : [1, 0, 2, 2]
[1, 2, 0, 1] * [0, 2, 2, 2] : [0, 0, 0, 0]
[1, 2, 0, 1] * [1, 0, 0, 0] : [1, 2, 0, 1]
[1, 2, 0, 1] * [1, 0, 0, 1] : [0, 2, 1, 2]
[1, 2, 0, 1] * [1, 0, 0, 2] : [2, 2, 2, 0]
[1, 2, 0, 1] * [1, 0, 1, 0] : [1, 1, 1, 0]
[1, 2, 0, 1] * [1, 0, 1, 1] : [0, 1, 2, 1]
[1, 2, 0, 1] * [1, 0, 1, 2] : [2, 1, 0, 2]
[1, 2, 0, 1] * [1, 0, 2, 0] : [1, 0, 2, 2]
[1, 2, 0, 1] * [1, 0, 2, 1] : [0, 0, 0, 0]
[1, 2, 0, 1] * [1, 0, 2, 2] : [2, 0, 1, 1]
[1, 2, 0, 1] * [1, 1, 0, 0] : [2, 0, 1, 1]
[1, 2, 0, 1] * [1, 1, 0, 1] : [1, 0, 2, 2]
[1, 2, 0, 1] * [1, 1, 0, 2] : [0, 0, 0, 0]
[1, 2, 0, 1] * [1, 1, 1, 0] : [2, 2, 2, 0]
[1, 2, 0, 1] * [1, 1, 1, 1] : [1, 2, 0, 1]
[1, 2, 0, 1] * [1, 1, 1, 2] : [0, 2, 1, 2]
[1, 2, 0, 1] * [1, 1, 2, 0] : [2, 1, 0, 2]
[1, 2, 0, 1] * [1, 1, 2, 1] : [1, 1, 1, 0]
[1, 2, 0, 1] * [1, 1, 2, 2] : [0, 1, 2, 1]
[1, 2, 0, 1] * [1, 2, 0, 0] : [0, 1, 2, 1]
[1, 2, 0, 1] * [1, 2, 0, 1] : [2, 1, 0, 2]
[1, 2, 0, 1] * [1, 2, 0, 2] : [1, 1, 1, 0]
[1, 2, 0, 1] * [1, 2, 1, 0] : [0, 0, 0, 0]
[1, 2, 0, 1] * [1, 2, 1, 1] : [2, 0, 1, 1]
[1, 2, 0, 1] * [1, 2, 1, 2] : [1, 0, 2, 2]
[1, 2, 0, 1] * [1, 2, 2, 0] : [0, 2, 1, 2]
[1, 2, 0, 1] * [1, 2, 2, 1] : [2, 2, 2, 0]
[1, 2, 0, 1] * [1, 2, 2, 2] : [1, 2, 0, 1]
[1, 2, 0, 1] * [2, 0, 0, 0] : [2, 1, 0, 2]
[1, 2, 0, 1] * [2, 0, 0, 1] : [1, 1, 1, 0]
[1, 2, 0, 1] * [2, 0, 0, 2] : [0, 1, 2, 1]
[1, 2, 0, 1] * [2, 0, 1, 0] : [2, 0, 1, 1]
[1, 2, 0, 1] * [2, 0, 1, 1] : [1, 0, 2, 2]
[1, 2, 0, 1] * [2, 0, 1, 2] : [0, 0, 0, 0]
[1, 2, 0, 1] * [2, 0, 2, 0] : [2, 2, 2, 0]
[1, 2, 0, 1] * [2, 0, 2, 1] : [1, 2, 0, 1]
[1, 2, 0, 1] * [2, 0, 2, 2] : [0, 2, 1, 2]
[1, 2, 0, 1] * [2, 1, 0, 0] : [0, 2, 1, 2]
[1, 2, 0, 1] * [2, 1, 0, 1] : [2, 2, 2, 0]
[1, 2, 0, 1] * [2, 1, 0, 2] : [1, 2, 0, 1]
[1, 2, 0, 1] * [2, 1, 1, 0] : [0, 1, 2, 1]
[1, 2, 0, 1] * [2, 1, 1, 1] : [2, 1, 0, 2]
[1, 2, 0, 1] * [2, 1, 1, 2] : [1, 1, 1, 0]
[1, 2, 0, 1] * [2, 1, 2, 0] : [0, 0, 0, 0]
[1, 2, 0, 1] * [2, 1, 2, 1] : [2, 0, 1, 1]
[1, 2, 0, 1] * [2, 1, 2, 2] : [1, 0, 2, 2]
[1, 2, 0, 1] * [2, 2, 0, 0] : [1, 0, 2, 2]
[1, 2, 0, 1] * [2, 2, 0, 1] : [0, 0, 0, 0]
[1, 2, 0, 1] * [2, 2, 0, 2] : [2, 0, 1, 1]
[1, 2, 0, 1] * [2, 2, 1, 0] : [1, 2, 0, 1]
[1, 2, 0, 1] * [2, 2, 1, 1] : [0, 2, 1, 2]
[1, 2, 0, 1] * [2, 2, 1, 2] : [2, 2, 2, 0]
[1, 2, 0, 1] * [2, 2, 2, 0] : [1, 1, 1, 0]
[1, 2, 0, 1] * [2, 2, 2, 1] : [0, 1, 2, 1]
[1, 2, 0, 1] * [2, 2, 2, 2] : [2, 1, 0, 2]
[1, 2, 0, 2] * [0, 0, 0, 0] : [0, 0, 0, 0]
[1, 2, 0, 2] * [0, 0, 0, 1] : [1, 0, 1, 1]
[1, 2, 0, 2] * [0, 0, 0, 2] : [2, 0, 2, 2]
[1, 2, 0, 2] * [0, 0, 1, 0] : [0, 1, 1, 2]
[1, 2, 0, 2] * [0, 0, 1, 1] : [1, 1, 2, 0]
[1, 2, 0, 2] * [0, 0, 1, 2] : [2, 1, 0, 1]
[1, 2, 0, 2] * [0, 0, 2, 0] : [0, 2, 2, 1]
[1, 2, 0, 2] * [0, 0, 2, 1] : [1, 2, 0, 2]
[1, 2, 0, 2] * [0, 0, 2, 2] : [2, 2, 1, 0]
[1, 2, 0, 2] * [0, 1, 0, 0] : [1, 1, 2, 0]
[1, 2, 0, 2] * [0, 1, 0, 1] : [2, 1, 0, 1]
[1, 2, 0, 2] * [0, 1, 0, 2] : [0, 1, 1, 2]
[1, 2, 0, 2] * [0, 1, 1, 0] : [1, 2, 0, 2]
[1, 2, 0, 2] * [0, 1, 1, 1] : [2, 2, 1, 0]
[1, 2, 0, 2] * [0, 1, 1, 2] : [0, 2, 2, 1]
[1, 2, 0, 2] * [0, 1, 2, 0] : [1, 0, 1, 1]
[1, 2, 0, 2] * [0, 1, 2, 1] : [2, 0, 2, 2]
[1, 2, 0, 2] * [0, 1, 2, 2] : [0, 0, 0, 0]
[1, 2, 0, 2] * [0, 2, 0, 0] : [2, 2, 1, 0]
[1, 2, 0, 2] * [0, 2, 0, 1] : [0, 2, 2, 1]
[1, 2, 0, 2] * [0, 2, 0, 2] : [1, 2, 0, 2]
[1, 2, 0, 2] * [0, 2, 1, 0] : [2, 0, 2, 2]
[1, 2, 0, 2] * [0, 2, 1, 1] : [0, 0, 0, 0]
[1, 2, 0, 2] * [0, 2, 1, 2] : [1, 0, 1, 1]
[1, 2, 0, 2] * [0, 2, 2, 0] : [2, 1, 0, 1]
[1, 2, 0, 2] * [0, 2, 2, 1] : [0, 1, 1, 2]
[1, 2, 0, 2] * [0, 2, 2, 2] : [1, 1, 2, 0]
[1, 2, 0, 2] * [1, 0, 0, 0] : [1, 2, 0, 2]
[1, 2, 0, 2] * [1, 0, 0, 1] : [2, 2, 1, 0]
[1, 2, 0, 2] * [1, 0, 0, 2] : [0, 2, 2, 1]
[1, 2, 0, 2] * [1, 0, 1, 0] : [1, 0, 1, 1]
[1, 2, 0, 2] * [1, 0, 1, 1] : [2, 0, 2, 2]
[1, 2, 0, 2] * [1, 0, 1, 2] : [0, 0, 0, 0]
[1, 2, 0, 2] * [1, 0, 2, 0] : [1, 1, 2, 0]
[1, 2, 0, 2] * [1, 0, 2, 1] : [2, 1, 0, 1]
[1, 2, 0, 2] * [1, 0, 2, 2] : [0, 1, 1, 2]
[1, 2, 0, 2] * [1, 1, 0, 0] : [2, 0, 2, 2]
[1, 2, 0, 2] * [1, 1, 0, 1] : [0, 0, 0, 0]
[1, 2, 0, 2] * [1, 1, 0, 2] : [1, 0, 1, 1]
[1, 2, 0, 2] * [1, 1, 1, 0] : [2, 1, 0, 1]
[1, 2, 0, 2] * [1, 1, 1, 1] : [0, 1, 1, 2]
[1, 2, 0, 2] * [1, 1, 1, 2] : [1, 1, 2, 0]
[1, 2, 0, 2] * [1, 1, 2, 0] : [2, 2, 1, 0]
[1, 2, 0, 2] * [1, 1, 2, 1] : [0, 2, 2, 1]
[1, 2, 0, 2] * [1, 1, 2, 2] : [1, 2, 0, 2]
[1, 2, 0, 2] * [1, 2, 0, 0] : [0, 1, 1, 2]
[1, 2, 0, 2] * [1, 2, 0, 1] : [1, 1, 2, 0]
[1, 2, 0, 2] * [1, 2, 0, 2] : [2, 1, 0, 1]
[1, 2, 0, 2] * [1, 2, 1, 0] : [0, 2, 2, 1]
[1, 2, 0, 2] * [1, 2, 1, 1] : [1, 2, 0, 2]
[1, 2, 0, 2] * [1, 2, 1, 2] : [2, 2, 1, 0]
[1, 2, 0, 2] * [1, 2, 2, 0] : [0, 0, 0, 0]
[1, 2, 0, 2] * [1, 2, 2, 1] : [1, 0, 1, 1]
[1, 2, 0, 2] * [1, 2, 2, 2] : [2, 0, 2, 2]
[1, 2, 0, 2] * [2, 0, 0, 0] : [2, 1, 0, 1]
[1, 2, 0, 2] * [2, 0, 0, 1] : [0, 1, 1, 2]
[1, 2, 0, 2] * [2, 0, 0, 2] : [1, 1, 2, 0]
[1, 2, 0, 2] * [2, 0, 1, 0] : [2, 2, 1, 0]
[1, 2, 0, 2] * [2, 0, 1, 1] : [0, 2, 2, 1]
[1, 2, 0, 2] * [2, 0, 1, 2] : [1, 2, 0, 2]
[1, 2, 0, 2] * [2, 0, 2, 0] : [2, 0, 2, 2]
[1, 2, 0, 2] * [2, 0, 2, 1] : [0, 0, 0, 0]
[1, 2, 0, 2] * [2, 0, 2, 2] : [1, 0, 1, 1]
[1, 2, 0, 2] * [2, 1, 0, 0] : [0, 2, 2, 1]
[1, 2, 0, 2] * [2, 1, 0, 1] : [1, 2, 0, 2]
[1, 2, 0, 2] * [2, 1, 0, 2] : [2, 2, 1, 0]
[1, 2, 0, 2] * [2, 1, 1, 0] : [0, 0, 0, 0]
[1, 2, 0, 2] * [2, 1, 1, 1] : [1, 0, 1, 1]
[1, 2, 0, 2] * [2, 1, 1, 2] : [2, 0, 2, 2]
[1, 2, 0, 2] * [2, 1, 2, 0] : [0, 1, 1, 2]
[1, 2, 0, 2] * [2, 1, 2, 1] : [1, 1, 2, 0]
[1, 2, 0, 2] * [2, 1, 2, 2] : [2, 1, 0, 1]
[1, 2, 0, 2] * [2, 2, 0, 0] : [1, 0, 1, 1]
[1, 2, 0, 2] * [2, 2, 0, 1] : [2, 0, 2, 2]
[1, 2, 0, 2] * [2, 2, 0, 2] : [0, 0, 0, 0]
[1, 2, 0, 2] * [2, 2, 1, 0] : [1, 1, 2, 0]
[1, 2, 0, 2] * [2, 2, 1, 1] : [2, 1, 0, 1]
[1, 2, 0, 2] * [2, 2, 1, 2] : [0, 1, 1, 2]
[1, 2, 0, 2] * [2, 2, 2, 0] : [1, 2, 0, 2]
[1, 2, 0, 2] * [2, 2, 2, 1] : [2, 2, 1, 0]
[1, 2, 0, 2] * [2, 2, 2, 2] : [0, 2, 2, 1]
[1, 2, 1, 0] * [0, 0, 0, 0] : [0, 0, 0, 0]
[1, 2, 1, 0] * [0, 0, 0, 1] : [0, 1, 1, 1]
[1, 2, 1, 0] * [0, 0, 0, 2] : [0, 2, 2, 2]
[1, 2, 1, 0] * [0, 0, 1, 0] : [2, 0, 1, 2]
[1, 2, 1, 0] * [0, 0, 1, 1] : [2, 1, 2, 0]
[1, 2, 1, 0] * [0, 0, 1, 2] : [2, 2, 0, 1]
[1, 2, 1, 0] * [0, 0, 2, 0] : [1, 0, 2, 1]
[1, 2, 1, 0] * [0, 0, 2, 1] : [1, 1, 0, 2]
[1, 2, 1, 0] * [0, 0, 2, 2] : [1, 2, 1, 0]
[1, 2, 1, 0] * [0, 1, 0, 0] : [1, 1, 0, 2]
[1, 2, 1, 0] * [0, 1, 0, 1] : [1, 2, 1, 0]
[1, 2, 1, 0] * [0, 1, 0, 2] : [1, 0, 2, 1]
[1, 2, 1, 0] * [0, 1, 1, 0] : [0, 1, 1, 1]
[1, 2, 1, 0] * [0, 1, 1, 1] : [0, 2, 2, 2]
[1, 2, 1, 0] * [0, 1, 1, 2] : [0, 0, 0, 0]
[1, 2, 1, 0] * [0, 1, 2, 0] : [2, 1, 2, 0]
[1, 2, 1, 0] * [0, 1, 2, 1] : [2, 2, 0, 1]
[1, 2, 1, 0] * [0, 1, 2, 2] : [2, 0, 1, 2]
[1, 2, 1, 0] * [0, 2, 0, 0] : [2, 2, 0, 1]
[1, 2, 1, 0] * [0, 2, 0, 1] : [2, 0, 1, 2]
[1, 2, 1, 0] * [0, 2, 0, 2] : [2, 1, 2, 0]
[1, 2, 1, 0] * [0, 2, 1, 0] : [1, 2, 1, 0]
[1, 2, 1, 0] * [0, 2, 1, 1] : [1, 0, 2, 1]
[1, 2, 1, 0] * [0, 2, 1, 2] : [1, 1, 0, 2]
[1, 2, 1, 0] * [0, 2, 2, 0] : [0, 2, 2, 2]
[1, 2, 1, 0] * [0, 2, 2, 1] : [0, 0, 0, 0]
[1, 2, 1, 0] * [0, 2, 2, 2] : [0, 1, 1, 1]
[1, 2, 1, 0] * [1, 0, 0, 0] : [1, 2, 1, 0]
[1, 2, 1, 0] * [1, 0, 0, 1] : [1, 0, 2, 1]
[1, 2, 1, 0] * [1, 0, 0, 2] : [1, 1, 0, 2]
[1, 2, 1, 0] * [1, 0, 1, 0] : [0, 2, 2, 2]
[1, 2, 1, 0] * [1, 0, 1, 1] : [0, 0, 0, 0]
[1, 2, 1, 0] * [1, 0, 1, 2] : [0, 1, 1, 1]
[1, 2, 1, 0] * [1, 0, 2, 0] : [2, 2, 0, 1]
[1, 2, 1, 0] * [1, 0, 2, 1] : [2, 0, 1, 2]
[1, 2, 1, 0] * [1, 0, 2, 2] : [2, 1, 2, 0]
[1, 2, 1, 0] * [1, 1, 0, 0] : [2, 0, 1, 2]
[1, 2, 1, 0] * [1, 1, 0, 1] : [2, 1, 2, 0]
[1, 2, 1, 0] * [1, 1, 0, 2] : [2, 2, 0, 1]
[1, 2, 1, 0] * [1, 1, 1, 0] : [1, 0, 2, 1]
[1, 2, 1, 0] * [1, 1, 1, 1] : [1, 1, 0, 2]
[1, 2, 1, 0] * [1, 1, 1, 2] : [1, 2, 1, 0]
[1, 2, 1, 0] * [1, 1, 2, 0] : [0, 0, 0, 0]
[1, 2, 1, 0] * [1, 1, 2, 1] : [0, 1, 1, 1]
[1, 2, 1, 0] * [1, 1, 2, 2] : [0, 2, 2, 2]
[1, 2, 1, 0] * [1, 2, 0, 0] : [0, 1, 1, 1]
[1, 2, 1, 0] * [1, 2, 0, 1] : [0, 2, 2, 2]
[1, 2, 1, 0] * [1, 2, 0, 2] : [0, 0, 0, 0]
[1, 2, 1, 0] * [1, 2, 1, 0] : [2, 1, 2, 0]
[1, 2, 1, 0] * [1, 2, 1, 1] : [2, 2, 0, 1]
[1, 2, 1, 0] * [1, 2, 1, 2] : [2, 0, 1, 2]
[1, 2, 1, 0] * [1, 2, 2, 0] : [1, 1, 0, 2]
[1, 2, 1, 0] * [1, 2, 2, 1] : [1, 2, 1, 0]
[1, 2, 1, 0] * [1, 2, 2, 2] : [1, 0, 2, 1]
[1, 2, 1, 0] * [2, 0, 0, 0] : [2, 1, 2, 0]
[1, 2, 1, 0] * [2, 0, 0, 1] : [2, 2, 0, 1]
[1, 2, 1, 0] * [2, 0, 0, 2] : [2, 0, 1, 2]
[1, 2, 1, 0] * [2, 0, 1, 0] : [1, 1, 0, 2]
[1, 2, 1, 0] * [2, 0, 1, 1] : [1, 2, 1, 0]
[1, 2, 1, 0] * [2, 0, 1, 2] : [1, 0, 2, 1]
[1, 2, 1, 0] * [2, 0, 2, 0] : [0, 1, 1, 1]
[1, 2, 1, 0] * [2, 0, 2, 1] : [0, 2, 2, 2]
[1, 2, 1, 0] * [2, 0, 2, 2] : [0, 0, 0, 0]
[1, 2, 1, 0] * [2, 1, 0, 0] : [0, 2, 2, 2]
[1, 2, 1, 0] * [2, 1, 0, 1] : [0, 0, 0, 0]
[1, 2, 1, 0] * [2, 1, 0, 2] : [0, 1, 1, 1]
[1, 2, 1, 0] * [2, 1, 1, 0] : [2, 2, 0, 1]
[1, 2, 1, 0] * [2, 1, 1, 1] : [2, 0, 1, 2]
[1, 2, 1, 0] * [2, 1, 1, 2] : [2, 1, 2, 0]
[1, 2, 1, 0] * [2, 1, 2, 0] : [1, 2, 1, 0]
[1, 2, 1, 0] * [2, 1, 2, 1] : [1, 0, 2, 1]
[1, 2, 1, 0] * [2, 1, 2, 2] : [1, 1, 0, 2]
[1, 2, 1, 0] * [2, 2, 0, 0] : [1, 0, 2, 1]
[1, 2, 1, 0] * [2, 2, 0, 1] : [1, 1, 0, 2]
[1, 2, 1, 0] * [2, 2, 0, 2] : [1, 2, 1, 0]
[1, 2, 1, 0] * [2, 2, 1, 0] : [0, 0, 0, 0]
[1, 2, 1, 0] * [2, 2, 1, 1] : [0, 1, 1, 1]
[1, 2, 1, 0] * [2, 2, 1, 2] : [0, 2, 2, 2]
[1, 2, 1, 0] * [2, 2, 2, 0] : [2, 0, 1, 2]
[1, 2, 1, 0] * [2, 2, 2, 1] : [2, 1, 2, 0]
[1, 2, 1, 0] * [2, 2, 2, 2] : [2, 2, 0, 1]
[1, 2, 1, 1] * [0, 0, 0, 0] : [0, 0, 0, 0]
[1, 2, 1, 1] * [0, 0, 0, 1] : [2, 1, 1, 1]
[1, 2, 1, 1] * [0, 0, 0, 2] : [1, 2, 2, 2]
[1, 2, 1, 1] * [0, 0, 1, 0] : [2, 2, 1, 2]
[1, 2, 1, 1] * [0, 0, 1, 1] : [1, 0, 2, 0]
[1, 2, 1, 1] * [0, 0, 1, 2] : [0, 1, 0, 1]
[1, 2, 1, 1] * [0, 0, 2, 0] : [1, 1, 2, 1]
[1, 2, 1, 1] * [0, 0, 2, 1] : [0, 2, 0, 2]
[1, 2, 1, 1] * [0, 0, 2, 2] : [2, 0, 1, 0]
[1, 2, 1, 1] * [0, 1, 0, 0] : [1, 1, 1, 2]
[1, 2, 1, 1] * [0, 1, 0, 1] : [0, 2, 2, 0]
[1, 2, 1, 1] * [0, 1, 0, 2] : [2, 0, 0, 1]
[1, 2, 1, 1] * [0, 1, 1, 0] : [0, 0, 2, 1]
[1, 2, 1, 1] * [0, 1, 1, 1] : [2, 1, 0, 2]
[1, 2, 1, 1] * [0, 1, 1, 2] : [1, 2, 1, 0]
[1, 2, 1, 1] * [0, 1, 2, 0] : [2, 2, 0, 0]
[1, 2, 1, 1] * [0, 1, 2, 1] : [1, 0, 1, 1]
[1, 2, 1, 1] * [0, 1, 2, 2] : [0, 1, 2, 2]
[1, 2, 1, 1] * [0, 2, 0, 0] : [2, 2, 2, 1]
[1, 2, 1, 1] * [0, 2, 0, 1] : [1, 0, 0, 2]
[1, 2, 1, 1] * [0, 2, 0, 2] : [0, 1, 1, 0]
[1, 2, 1, 1] * [0, 2, 1, 0] : [1, 1, 0, 0]
[1, 2, 1, 1] * [0, 2, 1, 1] : [0, 2, 1, 1]
[1, 2, 1, 1] * [0, 2, 1, 2] : [2, 0, 2, 2]
[1, 2, 1, 1] * [0, 2, 2, 0] : [0, 0, 1, 2]
[1, 2, 1, 1] * [0, 2, 2, 1] : [2, 1, 2, 0]
[1, 2, 1, 1] * [0, 2, 2, 2] : [1, 2, 0, 1]
[1, 2, 1, 1] * [1, 0, 0, 0] : [1, 2, 1, 1]
[1, 2, 1, 1] * [1, 0, 0, 1] : [0, 0, 2, 2]
[1, 2, 1, 1] * [1, 0, 0, 2] : [2, 1, 0, 0]
[1, 2, 1, 1] * [1, 0, 1, 0] : [0, 1, 2, 0]
[1, 2, 1, 1] * [1, 0, 1, 1] : [2, 2, 0, 1]
[1, 2, 1, 1] * [1, 0, 1, 2] : [1, 0, 1, 2]
[1, 2, 1, 1] * [1, 0, 2, 0] : [2, 0, 0, 2]
[1, 2, 1, 1] * [1, 0, 2, 1] : [1, 1, 1, 0]
[1, 2, 1, 1] * [1, 0, 2, 2] : [0, 2, 2, 1]
[1, 2, 1, 1] * [1, 1, 0, 0] : [2, 0, 2, 0]
[1, 2, 1, 1] * [1, 1, 0, 1] : [1, 1, 0, 1]
[1, 2, 1, 1] * [1, 1, 0, 2] : [0, 2, 1, 2]
[1, 2, 1, 1] * [1, 1, 1, 0] : [1, 2, 0, 2]
[1, 2, 1, 1] * [1, 1, 1, 1] : [0, 0, 1, 0]
[1, 2, 1, 1] * [1, 1, 1, 2] : [2, 1, 2, 1]
[1, 2, 1, 1] * [1, 1, 2, 0] : [0, 1, 1, 1]
[1, 2, 1, 1] * [1, 1, 2, 1] : [2, 2, 2, 2]
[1, 2, 1, 1] * [1, 1, 2, 2] : [1, 0, 0, 0]
[1, 2, 1, 1] * [1, 2, 0, 0] : [0, 1, 0, 2]
[1, 2, 1, 1] * [1, 2, 0, 1] : [2, 2, 1, 0]
[1, 2, 1, 1] * [1, 2, 0, 2] : [1, 0, 2, 1]
[1, 2, 1, 1] * [1, 2, 1, 0] : [2, 0, 1, 1]
[1, 2, 1, 1] * [1, 2, 1, 1] : [1, 1, 2, 2]
[1, 2, 1, 1] * [1, 2, 1, 2] : [0, 2, 0, 0]
[1, 2, 1, 1] * [1, 2, 2, 0] : [1, 2, 2, 0]
[1, 2, 1, 1] * [1, 2, 2, 1] : [0, 0, 0, 1]
[1, 2, 1, 1] * [1, 2, 2, 2] : [2, 1, 1, 2]
[1, 2, 1, 1] * [2, 0, 0, 0] : [2, 1, 2, 2]
[1, 2, 1, 1] * [2, 0, 0, 1] : [1, 2, 0, 0]
[1, 2, 1, 1] * [2, 0, 0, 2] : [0, 0, 1, 1]
[1, 2, 1, 1] * [2, 0, 1, 0] : [1, 0, 0, 1]
[1, 2, 1, 1] * [2, 0, 1, 1] : [0, 1, 1, 2]
[1, 2, 1, 1] * [2, 0, 1, 2] : [2, 2, 2, 0]
[1, 2, 1, 1] * [2, 0, 2, 0] : [0, 2, 1, 0]
[1, 2, 1, 1] * [2, 0, 2, 1] : [2, 0, 2, 1]
[1, 2, 1, 1] * [2, 0, 2, 2] : [1, 1, 0, 2]
[1, 2, 1, 1] * [2, 1, 0, 0] : [0, 2, 0, 1]
[1, 2, 1, 1] * [2, 1, 0, 1] : [2, 0, 1, 2]
[1, 2, 1, 1] * [2, 1, 0, 2] : [1, 1, 2, 0]
[1, 2, 1, 1] * [2, 1, 1, 0] : [2, 1, 1, 0]
[1, 2, 1, 1] * [2, 1, 1, 1] : [1, 2, 2, 1]
[1, 2, 1, 1] * [2, 1, 1, 2] : [0, 0, 0, 2]
[1, 2, 1, 1] * [2, 1, 2, 0] : [1, 0, 2, 2]
[1, 2, 1, 1] * [2, 1, 2, 1] : [0, 1, 0, 0]
[1, 2, 1, 1] * [2, 1, 2, 2] : [2, 2, 1, 1]
[1, 2, 1, 1] * [2, 2, 0, 0] : [1, 0, 1, 0]
[1, 2, 1, 1] * [2, 2, 0, 1] : [0, 1, 2, 1]
[1, 2, 1, 1] * [2, 2, 0, 2] : [2, 2, 0, 2]
[1, 2, 1, 1] * [2, 2, 1, 0] : [0, 2, 2, 2]
[1, 2, 1, 1] * [2, 2, 1, 1] : [2, 0, 0, 0]
[1, 2, 1, 1] * [2, 2, 1, 2] : [1, 1, 1, 1]
[1, 2, 1, 1] * [2, 2, 2, 0] : [2, 1, 0, 1]
[1, 2, 1, 1] * [2, 2, 2, 1] : [1, 2, 1, 2]
[1, 2, 1, 1] * [2, 2, 2, 2] : [0, 0, 2, 0]
[1, 2, 1, 2] * [0, 0, 0, 0] : [0, 0, 0, 0]
[1, 2, 1, 2] * [0, 0, 0, 1] : [1, 1, 1, 1]
[1, 2, 1, 2] * [0, 0, 0, 2] : [2, 2, 2, 2]
[1, 2, 1, 2] * [0, 0, 1, 0] : [2, 1, 1, 2]
[1, 2, 1, 2] * [0, 0, 1, 1] : [0, 2, 2, 0]
[1, 2, 1, 2] * [0, 0, 1, 2] : [1, 0, 0, 1]
[1, 2, 1, 2] * [0, 0, 2, 0] : [1, 2, 2, 1]
[1, 2, 1, 2] * [0, 0, 2, 1] : [2, 0, 0, 2]
[1, 2, 1, 2] * [0, 0, 2, 2] : [0, 1, 1, 0]
[1, 2, 1, 2] * [0, 1, 0, 0] : [1, 1, 2, 2]
[1, 2, 1, 2] * [0, 1, 0, 1] : [2, 2, 0, 0]
[1, 2, 1, 2] * [0, 1, 0, 2] : [0, 0, 1, 1]
[1, 2, 1, 2] * [0, 1, 1, 0] : [0, 2, 0, 1]
[1, 2, 1, 2] * [0, 1, 1, 1] : [1, 0, 1, 2]
[1, 2, 1, 2] * [0, 1, 1, 2] : [2, 1, 2, 0]
[1, 2, 1, 2] * [0, 1, 2, 0] : [2, 0, 1, 0]
[1, 2, 1, 2] * [0, 1, 2, 1] : [0, 1, 2, 1]
[1, 2, 1, 2] * [0, 1, 2, 2] : [1, 2, 0, 2]
[1, 2, 1, 2] * [0, 2, 0, 0] : [2, 2, 1, 1]
[1, 2, 1, 2] * [0, 2, 0, 1] : [0, 0, 2, 2]
[1, 2, 1, 2] * [0, 2, 0, 2] : [1, 1, 0, 0]
[1, 2, 1, 2] * [0, 2, 1, 0] : [1, 0, 2, 0]
[1, 2, 1, 2] * [0, 2, 1, 1] : [2, 1, 0, 1]
[1, 2, 1, 2] * [0, 2, 1, 2] : [0, 2, 1, 2]
[1, 2, 1, 2] * [0, 2, 2, 0] : [0, 1, 0, 2]
[1, 2, 1, 2] * [0, 2, 2, 1] : [1, 2, 1, 0]
[1, 2, 1, 2] * [0, 2, 2, 2] : [2, 0, 2, 1]
[1, 2, 1, 2] * [1, 0, 0, 0] : [1, 2, 1, 2]
[1, 2, 1, 2] * [1, 0, 0, 1] : [2, 0, 2, 0]
[1, 2, 1, 2] * [1, 0, 0, 2] : [0, 1, 0, 1]
[1, 2, 1, 2] * [1, 0, 1, 0] : [0, 0, 2, 1]
[1, 2, 1, 2] * [1, 0, 1, 1] : [1, 1, 0, 2]
[1, 2, 1, 2] * [1, 0, 1, 2] : [2, 2, 1, 0]
[1, 2, 1, 2] * [1, 0, 2, 0] : [2, 1, 0, 0]
[1, 2, 1, 2] * [1, 0, 2, 1] : [0, 2, 1, 1]
[1, 2, 1, 2] * [1, 0, 2, 2] : [1, 0, 2, 2]
[1, 2, 1, 2] * [1, 1, 0, 0] : [2, 0, 0, 1]
[1, 2, 1, 2] * [1, 1, 0, 1] : [0, 1, 1, 2]
[1, 2, 1, 2] * [1, 1, 0, 2] : [1, 2, 2, 0]
[1, 2, 1, 2] * [1, 1, 1, 0] : [1, 1, 1, 0]
[1, 2, 1, 2] * [1, 1, 1, 1] : [2, 2, 2, 1]
[1, 2, 1, 2] * [1, 1, 1, 2] : [0, 0, 0, 2]
[1, 2, 1, 2] * [1, 1, 2, 0] : [0, 2, 2, 2]
[1, 2, 1, 2] * [1, 1, 2, 1] : [1, 0, 0, 0]
[1, 2, 1, 2] * [1, 1, 2, 2] : [2, 1, 1, 1]
[1, 2, 1, 2] * [1, 2, 0, 0] : [0, 1, 2, 0]
[1, 2, 1, 2] * [1, 2, 0, 1] : [1, 2, 0, 1]
[1, 2, 1, 2] * [1, 2, 0, 2] : [2, 0, 1, 2]
[1, 2, 1, 2] * [1, 2, 1, 0] : [2, 2, 0, 2]
[1, 2, 1, 2] * [1, 2, 1, 1] : [0, 0, 1, 0]
[1, 2, 1, 2] * [1, 2, 1, 2] : [1, 1, 2, 1]
[1, 2, 1, 2] * [1, 2, 2, 0] : [1, 0, 1, 1]
[1, 2, 1, 2] * [1, 2, 2, 1] : [2, 1, 2, 2]
[1, 2, 1, 2] * [1, 2, 2, 2] : [0, 2, 0, 0]
[1, 2, 1, 2] * [2, 0, 0, 0] : [2, 1, 2, 1]
[1, 2, 1, 2] * [2, 0, 0, 1] : [0, 2, 0, 2]
[1, 2, 1, 2] * [2, 0, 0, 2] : [1, 0, 1, 0]
[1, 2, 1, 2] * [2, 0, 1, 0] : [1, 2, 0, 0]
[1, 2, 1, 2] * [2, 0, 1, 1] : [2, 0, 1, 1]
[1, 2, 1, 2] * [2, 0, 1, 2] : [0, 1, 2, 2]
[1, 2, 1, 2] * [2, 0, 2, 0] : [0, 0, 1, 2]
[1, 2, 1, 2] * [2, 0, 2, 1] : [1, 1, 2, 0]
[1, 2, 1, 2] * [2, 0, 2, 2] : [2, 2, 0, 1]
[1, 2, 1, 2] * [2, 1, 0, 0] : [0, 2, 1, 0]
[1, 2, 1, 2] * [2, 1, 0, 1] : [1, 0, 2, 1]
[1, 2, 1, 2] * [2, 1, 0, 2] : [2, 1, 0, 2]
[1, 2, 1, 2] * [2, 1, 1, 0] : [2, 0, 2, 2]
[1, 2, 1, 2] * [2, 1, 1, 1] : [0, 1, 0, 0]
[1, 2, 1, 2] * [2, 1, 1, 2] : [1, 2, 1, 1]
[1, 2, 1, 2] * [2, 1, 2, 0] : [1, 1, 0, 1]
[1, 2, 1, 2] * [2, 1, 2, 1] : [2, 2, 1, 2]
[1, 2, 1, 2] * [2, 1, 2, 2] : [0, 0, 2, 0]
[1, 2, 1, 2] * [2, 2, 0, 0] : [1, 0, 0, 2]
[1, 2, 1, 2] * [2, 2, 0, 1] : [2, 1, 1, 0]
[1, 2, 1, 2] * [2, 2, 0, 2] : [0, 2, 2, 1]
[1, 2, 1, 2] * [2, 2, 1, 0] : [0, 1, 1, 1]
[1, 2, 1, 2] * [2, 2, 1, 1] : [1, 2, 2, 2]
[1, 2, 1, 2] * [2, 2, 1, 2] : [2, 0, 0, 0]
[1, 2, 1, 2] * [2, 2, 2, 0] : [2, 2, 2, 0]
[1, 2, 1, 2] * [2, 2, 2, 1] : [0, 0, 0, 1]
[1, 2, 1, 2] * [2, 2, 2, 2] : [1, 1, 1, 2]
[1, 2, 2, 0] * [0, 0, 0, 0] : [0, 0, 0, 0]
[1, 2, 2, 0] * [0, 0, 0, 1] : [0, 2, 1, 1]
[1, 2, 2, 0] * [0, 0, 0, 2] : [0, 1, 2, 2]
[1, 2, 2, 0] * [0, 0, 1, 0] : [1, 0, 1, 2]
[1, 2, 2, 0] * [0, 0, 1, 1] : [1, 2, 2, 0]
[1, 2, 2, 0] * [0, 0, 1, 2] : [1, 1, 0, 1]
[1, 2, 2, 0] * [0, 0, 2, 0] : [2, 0, 2, 1]
[1, 2, 2, 0] * [0, 0, 2, 1] : [2, 2, 0, 2]
[1, 2, 2, 0] * [0, 0, 2, 2] : [2, 1, 1, 0]
[1, 2, 2, 0] * [0, 1, 0, 0] : [1, 1, 0, 1]
[1, 2, 2, 0] * [0, 1, 0, 1] : [1, 0, 1, 2]
[1, 2, 2, 0] * [0, 1, 0, 2] : [1, 2, 2, 0]
[1, 2, 2, 0] * [0, 1, 1, 0] : [2, 1, 1, 0]
[1, 2, 2, 0] * [0, 1, 1, 1] : [2, 0, 2, 1]
[1, 2, 2, 0] * [0, 1, 1, 2] : [2, 2, 0, 2]
[1, 2, 2, 0] * [0, 1, 2, 0] : [0, 1, 2, 2]
[1, 2, 2, 0] * [0, 1, 2, 1] : [0, 0, 0, 0]
[1, 2, 2, 0] * [0, 1, 2, 2] : [0, 2, 1, 1]
[1, 2, 2, 0] * [0, 2, 0, 0] : [2, 2, 0, 2]
[1, 2, 2, 0] * [0, 2, 0, 1] : [2, 1, 1, 0]
[1, 2, 2, 0] * [0, 2, 0, 2] : [2, 0, 2, 1]
[1, 2, 2, 0] * [0, 2, 1, 0] : [0, 2, 1, 1]
[1, 2, 2, 0] * [0, 2, 1, 1] : [0, 1, 2, 2]
[1, 2, 2, 0] * [0, 2, 1, 2] : [0, 0, 0, 0]
[1, 2, 2, 0] * [0, 2, 2, 0] : [1, 2, 2, 0]
[1, 2, 2, 0] * [0, 2, 2, 1] : [1, 1, 0, 1]
[1, 2, 2, 0] * [0, 2, 2, 2] : [1, 0, 1, 2]
[1, 2, 2, 0] * [1, 0, 0, 0] : [1, 2, 2, 0]
[1, 2, 2, 0] * [1, 0, 0, 1] : [1, 1, 0, 1]
[1, 2, 2, 0] * [1, 0, 0, 2] : [1, 0, 1, 2]
[1, 2, 2, 0] * [1, 0, 1, 0] : [2, 2, 0, 2]
[1, 2, 2, 0] * [1, 0, 1, 1] : [2, 1, 1, 0]
[1, 2, 2, 0] * [1, 0, 1, 2] : [2, 0, 2, 1]
[1, 2, 2, 0] * [1, 0, 2, 0] : [0, 2, 1, 1]
[1, 2, 2, 0] * [1, 0, 2, 1] : [0, 1, 2, 2]
[1, 2, 2, 0] * [1, 0, 2, 2] : [0, 0, 0, 0]
[1, 2, 2, 0] * [1, 1, 0, 0] : [2, 0, 2, 1]
[1, 2, 2, 0] * [1, 1, 0, 1] : [2, 2, 0, 2]
[1, 2, 2, 0] * [1, 1, 0, 2] : [2, 1, 1, 0]
[1, 2, 2, 0] * [1, 1, 1, 0] : [0, 0, 0, 0]
[1, 2, 2, 0] * [1, 1, 1, 1] : [0, 2, 1, 1]
[1, 2, 2, 0] * [1, 1, 1, 2] : [0, 1, 2, 2]
[1, 2, 2, 0] * [1, 1, 2, 0] : [1, 0, 1, 2]
[1, 2, 2, 0] * [1, 1, 2, 1] : [1, 2, 2, 0]
[1, 2, 2, 0] * [1, 1, 2, 2] : [1, 1, 0, 1]
[1, 2, 2, 0] * [1, 2, 0, 0] : [0, 1, 2, 2]
[1, 2, 2, 0] * [1, 2, 0, 1] : [0, 0, 0, 0]
[1, 2, 2, 0] * [1, 2, 0, 2] : [0, 2, 1, 1]
[1, 2, 2, 0] * [1, 2, 1, 0] : [1, 1, 0, 1]
[1, 2, 2, 0] * [1, 2, 1, 1] : [1, 0, 1, 2]
[1, 2, 2, 0] * [1, 2, 1, 2] : [1, 2, 2, 0]
[1, 2, 2, 0] * [1, 2, 2, 0] : [2, 1, 1, 0]
[1, 2, 2, 0] * [1, 2, 2, 1] : [2, 0, 2, 1]
[1, 2, 2, 0] * [1, 2, 2, 2] : [2, 2, 0, 2]
[1, 2, 2, 0] * [2, 0, 0, 0] : [2, 1, 1, 0]
[1, 2, 2, 0] * [2, 0, 0, 1] : [2, 0, 2, 1]
[1, 2, 2, 0] * [2, 0, 0, 2] : [2, 2, 0, 2]
[1, 2, 2, 0] * [2, 0, 1, 0] : [0, 1, 2, 2]
[1, 2, 2, 0] * [2, 0, 1, 1] : [0, 0, 0, 0]
[1, 2, 2, 0] * [2, 0, 1, 2] : [0, 2, 1, 1]
[1, 2, 2, 0] * [2, 0, 2, 0] : [1, 1, 0, 1]
[1, 2, 2, 0] * [2, 0, 2, 1] : [1, 0, 1, 2]
[1, 2, 2, 0] * [2, 0, 2, 2] : [1, 2, 2, 0]
[1, 2, 2, 0] * [2, 1, 0, 0] : [0, 2, 1, 1]
[1, 2, 2, 0] * [2, 1, 0, 1] : [0, 1, 2, 2]
[1, 2, 2, 0] * [2, 1, 0, 2] : [0, 0, 0, 0]
[1, 2, 2, 0] * [2, 1, 1, 0] : [1, 2, 2, 0]
[1, 2, 2, 0] * [2, 1, 1, 1] : [1, 1, 0, 1]
[1, 2, 2, 0] * [2, 1, 1, 2] : [1, 0, 1, 2]
[1, 2, 2, 0] * [2, 1, 2, 0] : [2, 2, 0, 2]
[1, 2, 2, 0] * [2, 1, 2, 1] : [2, 1, 1, 0]
[1, 2, 2, 0] * [2, 1, 2, 2] : [2, 0, 2, 1]
[1, 2, 2, 0] * [2, 2, 0, 0] : [1, 0, 1, 2]
[1, 2, 2, 0] * [2, 2, 0, 1] : [1, 2, 2, 0]
[1, 2, 2, 0] * [2, 2, 0, 2] : [1, 1, 0, 1]
[1, 2, 2, 0] * [2, 2, 1, 0] : [2, 0, 2, 1]
[1, 2, 2, 0] * [2, 2, 1, 1] : [2, 2, 0, 2]
[1, 2, 2, 0] * [2, 2, 1, 2] : [2, 1, 1, 0]
[1, 2, 2, 0] * [2, 2, 2, 0] : [0, 0, 0, 0]
[1, 2, 2, 0] * [2, 2, 2, 1] : [0, 2, 1, 1]
[1, 2, 2, 0] * [2, 2, 2, 2] : [0, 1, 2, 2]
[1, 2, 2, 1] * [0, 0, 0, 0] : [0, 0, 0, 0]
[1, 2, 2, 1] * [0, 0, 0, 1] : [2, 2, 1, 1]
[1, 2, 2, 1] * [0, 0, 0, 2] : [1, 1, 2, 2]
[1, 2, 2, 1] * [0, 0, 1, 0] : [1, 2, 1, 2]
[1, 2, 2, 1] * [0, 0, 1, 1] : [0, 1, 2, 0]
[1, 2, 2, 1] * [0, 0, 1, 2] : [2, 0, 0, 1]
[1, 2, 2, 1] * [0, 0, 2, 0] : [2, 1, 2, 1]
[1, 2, 2, 1] * [0, 0, 2, 1] : [1, 0, 0, 2]
[1, 2, 2, 1] * [0, 0, 2, 2] : [0, 2, 1, 0]
[1, 2, 2, 1] * [0, 1, 0, 0] : [1, 1, 1, 1]
[1, 2, 2, 1] * [0, 1, 0, 1] : [0, 0, 2, 2]
[1, 2, 2, 1] * [0, 1, 0, 2] : [2, 2, 0, 0]
[1, 2, 2, 1] * [0, 1, 1, 0] : [2, 0, 2, 0]
[1, 2, 2, 1] * [0, 1, 1, 1] : [1, 2, 0, 1]
[1, 2, 2, 1] * [0, 1, 1, 2] : [0, 1, 1, 2]
[1, 2, 2, 1] * [0, 1, 2, 0] : [0, 2, 0, 2]
[1, 2, 2, 1] * [0, 1, 2, 1] : [2, 1, 1, 0]
[1, 2, 2, 1] * [0, 1, 2, 2] : [1, 0, 2, 1]
[1, 2, 2, 1] * [0, 2, 0, 0] : [2, 2, 2, 2]
[1, 2, 2, 1] * [0, 2, 0, 1] : [1, 1, 0, 0]
[1, 2, 2, 1] * [0, 2, 0, 2] : [0, 0, 1, 1]
[1, 2, 2, 1] * [0, 2, 1, 0] : [0, 1, 0, 1]
[1, 2, 2, 1] * [0, 2, 1, 1] : [2, 0, 1, 2]
[1, 2, 2, 1] * [0, 2, 1, 2] : [1, 2, 2, 0]
[1, 2, 2, 1] * [0, 2, 2, 0] : [1, 0, 1, 0]
[1, 2, 2, 1] * [0, 2, 2, 1] : [0, 2, 2, 1]
[1, 2, 2, 1] * [0, 2, 2, 2] : [2, 1, 0, 2]
[1, 2, 2, 1] * [1, 0, 0, 0] : [1, 2, 2, 1]
[1, 2, 2, 1] * [1, 0, 0, 1] : [0, 1, 0, 2]
[1, 2, 2, 1] * [1, 0, 0, 2] : [2, 0, 1, 0]
[1, 2, 2, 1] * [1, 0, 1, 0] : [2, 1, 0, 0]
[1, 2, 2, 1] * [1, 0, 1, 1] : [1, 0, 1, 1]
[1, 2, 2, 1] * [1, 0, 1, 2] : [0, 2, 2, 2]
[1, 2, 2, 1] * [1, 0, 2, 0] : [0, 0, 1, 2]
[1, 2, 2, 1] * [1, 0, 2, 1] : [2, 2, 2, 0]
[1, 2, 2, 1] * [1, 0, 2, 2] : [1, 1, 0, 1]
[1, 2, 2, 1] * [1, 1, 0, 0] : [2, 0, 0, 2]
[1, 2, 2, 1] * [1, 1, 0, 1] : [1, 2, 1, 0]
[1, 2, 2, 1] * [1, 1, 0, 2] : [0, 1, 2, 1]
[1, 2, 2, 1] * [1, 1, 1, 0] : [0, 2, 1, 1]
[1, 2, 2, 1] * [1, 1, 1, 1] : [2, 1, 2, 2]
[1, 2, 2, 1] * [1, 1, 1, 2] : [1, 0, 0, 0]
[1, 2, 2, 1] * [1, 1, 2, 0] : [1, 1, 2, 0]
[1, 2, 2, 1] * [1, 1, 2, 1] : [0, 0, 0, 1]
[1, 2, 2, 1] * [1, 1, 2, 2] : [2, 2, 1, 2]
[1, 2, 2, 1] * [1, 2, 0, 0] : [0, 1, 1, 0]
[1, 2, 2, 1] * [1, 2, 0, 1] : [2, 0, 2, 1]
[1, 2, 2, 1] * [1, 2, 0, 2] : [1, 2, 0, 2]
[1, 2, 2, 1] * [1, 2, 1, 0] : [1, 0, 2, 2]
[1, 2, 2, 1] * [1, 2, 1, 1] : [0, 2, 0, 0]
[1, 2, 2, 1] * [1, 2, 1, 2] : [2, 1, 1, 1]
[1, 2, 2, 1] * [1, 2, 2, 0] : [2, 2, 0, 1]
[1, 2, 2, 1] * [1, 2, 2, 1] : [1, 1, 1, 2]
[1, 2, 2, 1] * [1, 2, 2, 2] : [0, 0, 2, 0]
[1, 2, 2, 1] * [2, 0, 0, 0] : [2, 1, 1, 2]
[1, 2, 2, 1] * [2, 0, 0, 1] : [1, 0, 2, 0]
[1, 2, 2, 1] * [2, 0, 0, 2] : [0, 2, 0, 1]
[1, 2, 2, 1] * [2, 0, 1, 0] : [0, 0, 2, 1]
[1, 2, 2, 1] * [2, 0, 1, 1] : [2, 2, 0, 2]
[1, 2, 2, 1] * [2, 0, 1, 2] : [1, 1, 1, 0]
[1, 2, 2, 1] * [2, 0, 2, 0] : [1, 2, 0, 0]
[1, 2, 2, 1] * [2, 0, 2, 1] : [0, 1, 1, 1]
[1, 2, 2, 1] * [2, 0, 2, 2] : [2, 0, 2, 2]
[1, 2, 2, 1] * [2, 1, 0, 0] : [0, 2, 2, 0]
[1, 2, 2, 1] * [2, 1, 0, 1] : [2, 1, 0, 1]
[1, 2, 2, 1] * [2, 1, 0, 2] : [1, 0, 1, 2]
[1, 2, 2, 1] * [2, 1, 1, 0] : [1, 1, 0, 2]
[1, 2, 2, 1] * [2, 1, 1, 1] : [0, 0, 1, 0]
[1, 2, 2, 1] * [2, 1, 1, 2] : [2, 2, 2, 1]
[1, 2, 2, 1] * [2, 1, 2, 0] : [2, 0, 1, 1]
[1, 2, 2, 1] * [2, 1, 2, 1] : [1, 2, 2, 2]
[1, 2, 2, 1] * [2, 1, 2, 2] : [0, 1, 0, 0]
[1, 2, 2, 1] * [2, 2, 0, 0] : [1, 0, 0, 1]
[1, 2, 2, 1] * [2, 2, 0, 1] : [0, 2, 1, 2]
[1, 2, 2, 1] * [2, 2, 0, 2] : [2, 1, 2, 0]
[1, 2, 2, 1] * [2, 2, 1, 0] : [2, 2, 1, 0]
[1, 2, 2, 1] * [2, 2, 1, 1] : [1, 1, 2, 1]
[1, 2, 2, 1] * [2, 2, 1, 2] : [0, 0, 0, 2]
[1, 2, 2, 1] * [2, 2, 2, 0] : [0, 1, 2, 2]
[1, 2, 2, 1] * [2, 2, 2, 1] : [2, 0, 0, 0]
[1, 2, 2, 1] * [2, 2, 2, 2] : [1, 2, 1, 1]
[1, 2, 2, 2] * [0, 0, 0, 0] : [0, 0, 0, 0]
[1, 2, 2, 2] * [0, 0, 0, 1] : [1, 2, 1, 1]
[1, 2, 2, 2] * [0, 0, 0, 2] : [2, 1, 2, 2]
[1, 2, 2, 2] * [0, 0, 1, 0] : [1, 1, 1, 2]
[1, 2, 2, 2] * [0, 0, 1, 1] : [2, 0, 2, 0]
[1, 2, 2, 2] * [0, 0, 1, 2] : [0, 2, 0, 1]
[1, 2, 2, 2] * [0, 0, 2, 0] : [2, 2, 2, 1]
[1, 2, 2, 2] * [0, 0, 2, 1] : [0, 1, 0, 2]
[1, 2, 2, 2] * [0, 0, 2, 2] : [1, 0, 1, 0]
[1, 2, 2, 2] * [0, 1, 0, 0] : [1, 1, 2, 1]
[1, 2, 2, 2] * [0, 1, 0, 1] : [2, 0, 0, 2]
[1, 2, 2, 2] * [0, 1, 0, 2] : [0, 2, 1, 0]
[1, 2, 2, 2] * [0, 1, 1, 0] : [2, 2, 0, 0]
[1, 2, 2, 2] * [0, 1, 1, 1] : [0, 1, 1, 1]
[1, 2, 2, 2] * [0, 1, 1, 2] : [1, 0, 2, 2]
[1, 2, 2, 2] * [0, 1, 2, 0] : [0, 0, 1, 2]
[1, 2, 2, 2] * [0, 1, 2, 1] : [1, 2, 2, 0]
[1, 2, 2, 2] * [0, 1, 2, 2] : [2, 1, 0, 1]
[1, 2, 2, 2] * [0, 2, 0, 0] : [2, 2, 1, 2]
[1, 2, 2, 2] * [0, 2, 0, 1] : [0, 1, 2, 0]
[1, 2, 2, 2] * [0, 2, 0, 2] : [1, 0, 0, 1]
[1, 2, 2, 2] * [0, 2, 1, 0] : [0, 0, 2, 1]
[1, 2, 2, 2] * [0, 2, 1, 1] : [1, 2, 0, 2]
[1, 2, 2, 2] * [0, 2, 1, 2] : [2, 1, 1, 0]
[1, 2, 2, 2] * [0, 2, 2, 0] : [1, 1, 0, 0]
[1, 2, 2, 2] * [0, 2, 2, 1] : [2, 0, 1, 1]
[1, 2, 2, 2] * [0, 2, 2, 2] : [0, 2, 2, 2]
[1, 2, 2, 2] * [1, 0, 0, 0] : [1, 2, 2, 2]
[1, 2, 2, 2] * [1, 0, 0, 1] : [2, 1, 0, 0]
[1, 2, 2, 2] * [1, 0, 0, 2] : [0, 0, 1, 1]
[1, 2, 2, 2] * [1, 0, 1, 0] : [2, 0, 0, 1]
[1, 2, 2, 2] * [1, 0, 1, 1] : [0, 2, 1, 2]
[1, 2, 2, 2] * [1, 0, 1, 2] : [1, 1, 2, 0]
[1, 2, 2, 2] * [1, 0, 2, 0] : [0, 1, 1, 0]
[1, 2, 2, 2] * [1, 0, 2, 1] : [1, 0, 2, 1]
[1, 2, 2, 2] * [1, 0, 2, 2] : [2, 2, 0, 2]
[1, 2, 2, 2] * [1, 1, 0, 0] : [2, 0, 1, 0]
[1, 2, 2, 2] * [1, 1, 0, 1] : [0, 2, 2, 1]
[1, 2, 2, 2] * [1, 1, 0, 2] : [1, 1, 0, 2]
[1, 2, 2, 2] * [1, 1, 1, 0] : [0, 1, 2, 2]
[1, 2, 2, 2] * [1, 1, 1, 1] : [1, 0, 0, 0]
[1, 2, 2, 2] * [1, 1, 1, 2] : [2, 2, 1, 1]
[1, 2, 2, 2] * [1, 1, 2, 0] : [1, 2, 0, 1]
[1, 2, 2, 2] * [1, 1, 2, 1] : [2, 1, 1, 2]
[1, 2, 2, 2] * [1, 1, 2, 2] : [0, 0, 2, 0]
[1, 2, 2, 2] * [1, 2, 0, 0] : [0, 1, 0, 1]
[1, 2, 2, 2] * [1, 2, 0, 1] : [1, 0, 1, 2]
[1, 2, 2, 2] * [1, 2, 0, 2] : [2, 2, 2, 0]
[1, 2, 2, 2] * [1, 2, 1, 0] : [1, 2, 1, 0]
[1, 2, 2, 2] * [1, 2, 1, 1] : [2, 1, 2, 1]
[1, 2, 2, 2] * [1, 2, 1, 2] : [0, 0, 0, 2]
[1, 2, 2, 2] * [1, 2, 2, 0] : [2, 0, 2, 2]
[1, 2, 2, 2] * [1, 2, 2, 1] : [0, 2, 0, 0]
[1, 2, 2, 2] * [1, 2, 2, 2] : [1, 1, 1, 1]
[1, 2, 2, 2] * [2, 0, 0, 0] : [2, 1, 1, 1]
[1, 2, 2, 2] * [2, 0, 0, 1] : [0, 0, 2, 2]
[1, 2, 2, 2] * [2, 0, 0, 2] : [1, 2, 0, 0]
[1, 2, 2, 2] * [2, 0, 1, 0] : [0, 2, 2, 0]
[1, 2, 2, 2] * [2, 0, 1, 1] : [1, 1, 0, 1]
[1, 2, 2, 2] * [2, 0, 1, 2] : [2, 0, 1, 2]
[1, 2, 2, 2] * [2, 0, 2, 0] : [1, 0, 0, 2]
[1, 2, 2, 2] * [2, 0, 2, 1] : [2, 2, 1, 0]
[1, 2, 2, 2] * [2, 0, 2, 2] : [0, 1, 2, 1]
[1, 2, 2, 2] * [2, 1, 0, 0] : [0, 2, 0, 2]
[1, 2, 2, 2] * [2, 1, 0, 1] : [1, 1, 1, 0]
[1, 2, 2, 2] * [2, 1, 0, 2] : [2, 0, 2, 1]
[1, 2, 2, 2] * [2, 1, 1, 0] : [1, 0, 1, 1]
[1, 2, 2, 2] * [2, 1, 1, 1] : [2, 2, 2, 2]
[1, 2, 2, 2] * [2, 1, 1, 2] : [0, 1, 0, 0]
[1, 2, 2, 2] * [2, 1, 2, 0] : [2, 1, 2, 0]
[1, 2, 2, 2] * [2, 1, 2, 1] : [0, 0, 0, 1]
[1, 2, 2, 2] * [2, 1, 2, 2] : [1, 2, 1, 2]
[1, 2, 2, 2] * [2, 2, 0, 0] : [1, 0, 2, 0]
[1, 2, 2, 2] * [2, 2, 0, 1] : [2, 2, 0, 1]
[1, 2, 2, 2] * [2, 2, 0, 2] : [0, 1, 1, 2]
[1, 2, 2, 2] * [2, 2, 1, 0] : [2, 1, 0, 2]
[1, 2, 2, 2] * [2, 2, 1, 1] : [0, 0, 1, 0]
[1, 2, 2, 2] * [2, 2, 1, 2] : [1, 2, 2, 1]
[1, 2, 2, 2] * [2, 2, 2, 0] : [0, 2, 1, 1]
[1, 2, 2, 2] * [2, 2, 2, 1] : [1, 1, 2, 2]
[1, 2, 2, 2] * [2, 2, 2, 2] : [2, 0, 0, 0]
[2, 0, 0, 0] * [0, 0, 0, 0] : [0, 0, 0, 0]
[2, 0, 0, 0] * [0, 0, 0, 1] : [0, 0, 0, 2]
[2, 0, 0, 0] * [0, 0, 0, 2] : [0, 0, 0, 1]
[2, 0, 0, 0] * [0, 0, 1, 0] : [0, 0, 2, 0]
[2, 0, 0, 0] * [0, 0, 1, 1] : [0, 0, 2, 2]
[2, 0, 0, 0] * [0, 0, 1, 2] : [0, 0, 2, 1]
[2, 0, 0, 0] * [0, 0, 2, 0] : [0, 0, 1, 0]
[2, 0, 0, 0] * [0, 0, 2, 1] : [0, 0, 1, 2]
[2, 0, 0, 0] * [0, 0, 2, 2] : [0, 0, 1, 1]
[2, 0, 0, 0] * [0, 1, 0, 0] : [0, 2, 0, 0]
[2, 0, 0, 0] * [0, 1, 0, 1] : [0, 2, 0, 2]
[2, 0, 0, 0] * [0, 1, 0, 2] : [0, 2, 0, 1]
[2, 0, 0, 0] * [0, 1, 1, 0] : [0, 2, 2, 0]
[2, 0, 0, 0] * [0, 1, 1, 1] : [0, 2, 2, 2]
[2, 0, 0, 0] * [0, 1, 1, 2] : [0, 2, 2, 1]
[2, 0, 0, 0] * [0, 1, 2, 0] : [0, 2, 1, 0]
[2, 0, 0, 0] * [0, 1, 2, 1] : [0, 2, 1, 2]
[2, 0, 0, 0] * [0, 1, 2, 2] : [0, 2, 1, 1]
[2, 0, 0, 0] * [0, 2, 0, 0] : [0, 1, 0, 0]
[2, 0, 0, 0] * [0, 2, 0, 1] : [0, 1, 0, 2]
[2, 0, 0, 0] * [0, 2, 0, 2] : [0, 1, 0, 1]
[2, 0, 0, 0] * [0, 2, 1, 0] : [0, 1, 2, 0]
[2, 0, 0, 0] * [0, 2, 1, 1] : [0, 1, 2, 2]
[2, 0, 0, 0] * [0, 2, 1, 2] : [0, 1, 2, 1]
[2, 0, 0, 0] * [0, 2, 2, 0] : [0, 1, 1, 0]
[2, 0, 0, 0] * [0, 2, 2, 1] : [0, 1, 1, 2]
[2, 0, 0, 0] * [0, 2, 2, 2] : [0, 1, 1, 1]
[2, 0, 0, 0] * [1, 0, 0, 0] : [2, 0, 0, 0]
[2, 0, 0, 0] * [1, 0, 0, 1] : [2, 0, 0, 2]
[2, 0, 0, 0] * [1, 0, 0, 2] : [2, 0, 0, 1]
[2, 0, 0, 0] * [1, 0, 1, 0] : [2, 0, 2, 0]
[2, 0, 0, 0] * [1, 0, 1, 1] : [2, 0, 2, 2]
[2, 0, 0, 0] * [1, 0, 1, 2] : [2, 0, 2, 1]
[2, 0, 0, 0] * [1, 0, 2, 0] : [2, 0, 1, 0]
[2, 0, 0, 0] * [1, 0, 2, 1] : [2, 0, 1, 2]
[2, 0, 0, 0] * [1, 0, 2, 2] : [2, 0, 1, 1]
[2, 0, 0, 0] * [1, 1, 0, 0] : [2, 2, 0, 0]
[2, 0, 0, 0] * [1, 1, 0, 1] : [2, 2, 0, 2]
[2, 0, 0, 0] * [1, 1, 0, 2] : [2, 2, 0, 1]
[2, 0, 0, 0] * [1, 1, 1, 0] : [2, 2, 2, 0]
[2, 0, 0, 0] * [1, 1, 1, 1] : [2, 2, 2, 2]
[2, 0, 0, 0] * [1, 1, 1, 2] : [2, 2, 2, 1]
[2, 0, 0, 0] * [1, 1, 2, 0] : [2, 2, 1, 0]
[2, 0, 0, 0] * [1, 1, 2, 1] : [2, 2, 1, 2]
[2, 0, 0, 0] * [1, 1, 2, 2] : [2, 2, 1, 1]
[2, 0, 0, 0] * [1, 2, 0, 0] : [2, 1, 0, 0]
[2, 0, 0, 0] * [1, 2, 0, 1] : [2, 1, 0, 2]
[2, 0, 0, 0] * [1, 2, 0, 2] : [2, 1, 0, 1]
[2, 0, 0, 0] * [1, 2, 1, 0] : [2, 1, 2, 0]
[2, 0, 0, 0] * [1, 2, 1, 1] : [2, 1, 2, 2]
[2, 0, 0, 0] * [1, 2, 1, 2] : [2, 1, 2, 1]
[2, 0, 0, 0] * [1, 2, 2, 0] : [2, 1, 1, 0]
[2, 0, 0, 0] * [1, 2, 2, 1] : [2, 1, 1, 2]
[2, 0, 0, 0] * [1, 2, 2, 2] : [2, 1, 1, 1]
[2, 0, 0, 0] * [2, 0, 0, 0] : [1, 0, 0, 0]
[2, 0, 0, 0] * [2, 0, 0, 1] : [1, 0, 0, 2]
[2, 0, 0, 0] * [2, 0, 0, 2] : [1, 0, 0, 1]
[2, 0, 0, 0] * [2, 0, 1, 0] : [1, 0, 2, 0]
[2, 0, 0, 0] * [2, 0, 1, 1] : [1, 0, 2, 2]
[2, 0, 0, 0] * [2, 0, 1, 2] : [1, 0, 2, 1]
[2, 0, 0, 0] * [2, 0, 2, 0] : [1, 0, 1, 0]
[2, 0, 0, 0] * [2, 0, 2, 1] : [1, 0, 1, 2]
[2, 0, 0, 0] * [2, 0, 2, 2] : [1, 0, 1, 1]
[2, 0, 0, 0] * [2, 1, 0, 0] : [1, 2, 0, 0]
[2, 0, 0, 0] * [2, 1, 0, 1] : [1, 2, 0, 2]
[2, 0, 0, 0] * [2, 1, 0, 2] : [1, 2, 0, 1]
[2, 0, 0, 0] * [2, 1, 1, 0] : [1, 2, 2, 0]
[2, 0, 0, 0] * [2, 1, 1, 1] : [1, 2, 2, 2]
[2, 0, 0, 0] * [2, 1, 1, 2] : [1, 2, 2, 1]
[2, 0, 0, 0] * [2, 1, 2, 0] : [1, 2, 1, 0]
[2, 0, 0, 0] * [2, 1, 2, 1] : [1, 2, 1, 2]
[2, 0, 0, 0] * [2, 1, 2, 2] : [1, 2, 1, 1]
[2, 0, 0, 0] * [2, 2, 0, 0] : [1, 1, 0, 0]
[2, 0, 0, 0] * [2, 2, 0, 1] : [1, 1, 0, 2]
[2, 0, 0, 0] * [2, 2, 0, 2] : [1, 1, 0, 1]
[2, 0, 0, 0] * [2, 2, 1, 0] : [1, 1, 2, 0]
[2, 0, 0, 0] * [2, 2, 1, 1] : [1, 1, 2, 2]
[2, 0, 0, 0] * [2, 2, 1, 2] : [1, 1, 2, 1]
[2, 0, 0, 0] * [2, 2, 2, 0] : [1, 1, 1, 0]
[2, 0, 0, 0] * [2, 2, 2, 1] : [1, 1, 1, 2]
[2, 0, 0, 0] * [2, 2, 2, 2] : [1, 1, 1, 1]
[2, 0, 0, 1] * [0, 0, 0, 0] : [0, 0, 0, 0]
[2, 0, 0, 1] * [0, 0, 0, 1] : [2, 0, 0, 2]
[2, 0, 0, 1] * [0, 0, 0, 2] : [1, 0, 0, 1]
[2, 0, 0, 1] * [0, 0, 1, 0] : [0, 2, 2, 0]
[2, 0, 0, 1] * [0, 0, 1, 1] : [2, 2, 2, 2]
[2, 0, 0, 1] * [0, 0, 1, 2] : [1, 2, 2, 1]
[2, 0, 0, 1] * [0, 0, 2, 0] : [0, 1, 1, 0]
[2, 0, 0, 1] * [0, 0, 2, 1] : [2, 1, 1, 2]
[2, 0, 0, 1] * [0, 0, 2, 2] : [1, 1, 1, 1]
[2, 0, 0, 1] * [0, 1, 0, 0] : [0, 2, 1, 0]
[2, 0, 0, 1] * [0, 1, 0, 1] : [2, 2, 1, 2]
[2, 0, 0, 1] * [0, 1, 0, 2] : [1, 2, 1, 1]
[2, 0, 0, 1] * [0, 1, 1, 0] : [0, 1, 0, 0]
[2, 0, 0, 1] * [0, 1, 1, 1] : [2, 1, 0, 2]
[2, 0, 0, 1] * [0, 1, 1, 2] : [1, 1, 0, 1]
[2, 0, 0, 1] * [0, 1, 2, 0] : [0, 0, 2, 0]
[2, 0, 0, 1] * [0, 1, 2, 1] : [2, 0, 2, 2]
[2, 0, 0, 1] * [0, 1, 2, 2] : [1, 0, 2, 1]
[2, 0, 0, 1] * [0, 2, 0, 0] : [0, 1, 2, 0]
[2, 0, 0, 1] * [0, 2, 0, 1] : [2, 1, 2, 2]
[2, 0, 0, 1] * [0, 2, 0, 2] : [1, 1, 2, 1]
[2, 0, 0, 1] * [0, 2, 1, 0] : [0, 0, 1, 0]
[2, 0, 0, 1] * [0, 2, 1, 1] : [2, 0, 1, 2]
[2, 0, 0, 1] * [0, 2, 1, 2] : [1, 0, 1, 1]
[2, 0, 0, 1] * [0, 2, 2, 0] : [0, 2, 0, 0]
[2, 0, 0, 1] * [0, 2, 2, 1] : [2, 2, 0, 2]
[2, 0, 0, 1] * [0, 2, 2, 2] : [1, 2, 0, 1]
[2, 0, 0, 1] * [1, 0, 0, 0] : [2, 0, 0, 1]
[2, 0, 0, 1] * [1, 0, 0, 1] : [1, 0, 0, 0]
[2, 0, 0, 1] * [1, 0, 0, 2] : [0, 0, 0, 2]
[2, 0, 0, 1] * [1, 0, 1, 0] : [2, 2, 2, 1]
[2, 0, 0, 1] * [1, 0, 1, 1] : [1, 2, 2, 0]
[2, 0, 0, 1] * [1, 0, 1, 2] : [0, 2, 2, 2]
[2, 0, 0, 1] * [1, 0, 2, 0] : [2, 1, 1, 1]
[2, 0, 0, 1] * [1, 0, 2, 1] : [1, 1, 1, 0]
[2, 0, 0, 1] * [1, 0, 2, 2] : [0, 1, 1, 2]
[2, 0, 0, 1] * [1, 1, 0, 0] : [2, 2, 1, 1]
[2, 0, 0, 1] * [1, 1, 0, 1] : [1, 2, 1, 0]
[2, 0, 0, 1] * [1, 1, 0, 2] : [0, 2, 1, 2]
[2, 0, 0, 1] * [1, 1, 1, 0] : [2, 1, 0, 1]
[2, 0, 0, 1] * [1, 1, 1, 1] : [1, 1, 0, 0]
[2, 0, 0, 1] * [1, 1, 1, 2] : [0, 1, 0, 2]
[2, 0, 0, 1] * [1, 1, 2, 0] : [2, 0, 2, 1]
[2, 0, 0, 1] * [1, 1, 2, 1] : [1, 0, 2, 0]
[2, 0, 0, 1] * [1, 1, 2, 2] : [0, 0, 2, 2]
[2, 0, 0, 1] * [1, 2, 0, 0] : [2, 1, 2, 1]
[2, 0, 0, 1] * [1, 2, 0, 1] : [1, 1, 2, 0]
[2, 0, 0, 1] * [1, 2, 0, 2] : [0, 1, 2, 2]
[2, 0, 0, 1] * [1, 2, 1, 0] : [2, 0, 1, 1]
[2, 0, 0, 1] * [1, 2, 1, 1] : [1, 0, 1, 0]
[2, 0, 0, 1] * [1, 2, 1, 2] : [0, 0, 1, 2]
[2, 0, 0, 1] * [1, 2, 2, 0] : [2, 2, 0, 1]
[2, 0, 0, 1] * [1, 2, 2, 1] : [1, 2, 0, 0]
[2, 0, 0, 1] * [1, 2, 2, 2] : [0, 2, 0, 2]
[2, 0, 0, 1] * [2, 0, 0, 0] : [1, 0, 0, 2]
[2, 0, 0, 1] * [2, 0, 0, 1] : [0, 0, 0, 1]
[2, 0, 0, 1] * [2, 0, 0, 2] : [2, 0, 0, 0]
[2, 0, 0, 1] * [2, 0, 1, 0] : [1, 2, 2, 2]
[2, 0, 0, 1] * [2, 0, 1, 1] : [0, 2, 2, 1]
[2, 0, 0, 1] * [2, 0, 1, 2] : [2, 2, 2, 0]
[2, 0, 0, 1] * [2, 0, 2, 0] : [1, 1, 1, 2]
[2, 0, 0, 1] * [2, 0, 2, 1] : [0, 1, 1, 1]
[2, 0, 0, 1] * [2, 0, 2, 2] : [2, 1, 1, 0]
[2, 0, 0, 1] * [2, 1, 0, 0] : [1, 2, 1, 2]
[2, 0, 0, 1] * [2, 1, 0, 1] : [0, 2, 1, 1]
[2, 0, 0, 1] * [2, 1, 0, 2] : [2, 2, 1, 0]
[2, 0, 0, 1] * [2, 1, 1, 0] : [1, 1, 0, 2]
[2, 0, 0, 1] * [2, 1, 1, 1] : [0, 1, 0, 1]
[2, 0, 0, 1] * [2, 1, 1, 2] : [2, 1, 0, 0]
[2, 0, 0, 1] * [2, 1, 2, 0] : [1, 0, 2, 2]
[2, 0, 0, 1] * [2, 1, 2, 1] : [0, 0, 2, 1]
[2, 0, 0, 1] * [2, 1, 2, 2] : [2, 0, 2, 0]
[2, 0, 0, 1] * [2, 2, 0, 0] : [1, 1, 2, 2]
[2, 0, 0, 1] * [2, 2, 0, 1] : [0, 1, 2, 1]
[2, 0, 0, 1] * [2, 2, 0, 2] : [2, 1, 2, 0]
[2, 0, 0, 1] * [2, 2, 1, 0] : [1, 0, 1, 2]
[2, 0, 0, 1] * [2, 2, 1, 1] : [0, 0, 1, 1]
[2, 0, 0, 1] * [2, 2, 1, 2] : [2, 0, 1, 0]
[2, 0, 0, 1] * [2, 2, 2, 0] : [1, 2, 0, 2]
[2, 0, 0, 1] * [2, 2, 2, 1] : [0, 2, 0, 1]
[2, 0, 0, 1] * [2, 2, 2, 2] : [2, 2, 0, 0]
[2, 0, 0, 2] * [0, 0, 0, 0] : [0, 0, 0, 0]
[2, 0, 0, 2] * [0, 0, 0, 1] : [1, 0, 0, 2]
[2, 0, 0, 2] * [0, 0, 0, 2] : [2, 0, 0, 1]
[2, 0, 0, 2] * [0, 0, 1, 0] : [0, 1, 2, 0]
[2, 0, 0, 2] * [0, 0, 1, 1] : [1, 1, 2, 2]
[2, 0, 0, 2] * [0, 0, 1, 2] : [2, 1, 2, 1]
[2, 0, 0, 2] * [0, 0, 2, 0] : [0, 2, 1, 0]
[2, 0, 0, 2] * [0, 0, 2, 1] : [1, 2, 1, 2]
[2, 0, 0, 2] * [0, 0, 2, 2] : [2, 2, 1, 1]
[2, 0, 0, 2] * [0, 1, 0, 0] : [0, 2, 2, 0]
[2, 0, 0, 2] * [0, 1, 0, 1] : [1, 2, 2, 2]
[2, 0, 0, 2] * [0, 1, 0, 2] : [2, 2, 2, 1]
[2, 0, 0, 2] * [0, 1, 1, 0] : [0, 0, 1, 0]
[2, 0, 0, 2] * [0, 1, 1, 1] : [1, 0, 1, 2]
[2, 0, 0, 2] * [0, 1, 1, 2] : [2, 0, 1, 1]
[2, 0, 0, 2] * [0, 1, 2, 0] : [0, 1, 0, 0]
[2, 0, 0, 2] * [0, 1, 2, 1] : [1, 1, 0, 2]
[2, 0, 0, 2] * [0, 1, 2, 2] : [2, 1, 0, 1]
[2, 0, 0, 2] * [0, 2, 0, 0] : [0, 1, 1, 0]
[2, 0, 0, 2] * [0, 2, 0, 1] : [1, 1, 1, 2]
[2, 0, 0, 2] * [0, 2, 0, 2] : [2, 1, 1, 1]
[2, 0, 0, 2] * [0, 2, 1, 0] : [0, 2, 0, 0]
[2, 0, 0, 2] * [0, 2, 1, 1] : [1, 2, 0, 2]
[2, 0, 0, 2] * [0, 2, 1, 2] : [2, 2, 0, 1]
[2, 0, 0, 2] * [0, 2, 2, 0] : [0, 0, 2, 0]
[2, 0, 0, 2] * [0, 2, 2, 1] : [1, 0, 2, 2]
[2, 0, 0, 2] * [0, 2, 2, 2] : [2, 0, 2, 1]
[2, 0, 0, 2] * [1, 0, 0, 0] : [2, 0, 0, 2]
[2, 0, 0, 2] * [1, 0, 0, 1] : [0, 0, 0, 1]
[2, 0, 0, 2] * [1, 0, 0, 2] : [1, 0, 0, 0]
[2, 0, 0, 2] * [1, 0, 1, 0] : [2, 1, 2, 2]
[2, 0, 0, 2] * [1, 0, 1, 1] : [0, 1, 2, 1]
[2, 0, 0, 2] * [1, 0, 1, 2] : [1, 1, 2, 0]
[2, 0, 0, 2] * [1, 0, 2, 0] : [2, 2, 1, 2]
[2, 0, 0, 2] * [1, 0, 2, 1] : [0, 2, 1, 1]
[2, 0, 0, 2] * [1, 0, 2, 2] : [1, 2, 1, 0]
[2, 0, 0, 2] * [1, 1, 0, 0] : [2, 2, 2, 2]
[2, 0, 0, 2] * [1, 1, 0, 1] : [0, 2, 2, 1]
[2, 0, 0, 2] * [1, 1, 0, 2] : [1, 2, 2, 0]
[2, 0, 0, 2] * [1, 1, 1, 0] : [2, 0, 1, 2]
[2, 0, 0, 2] * [1, 1, 1, 1] : [0, 0, 1, 1]
[2, 0, 0, 2] * [1, 1, 1, 2] : [1, 0, 1, 0]
[2, 0, 0, 2] * [1, 1, 2, 0] : [2, 1, 0, 2]
[2, 0, 0, 2] * [1, 1, 2, 1] : [0, 1, 0, 1]
[2, 0, 0, 2] * [1, 1, 2, 2] : [1, 1, 0, 0]
[2, 0, 0, 2] * [1, 2, 0, 0] : [2, 1, 1, 2]
[2, 0, 0, 2] * [1, 2, 0, 1] : [0, 1, 1, 1]
[2, 0, 0, 2] * [1, 2, 0, 2] : [1, 1, 1, 0]
[2, 0, 0, 2] * [1, 2, 1, 0] : [2, 2, 0, 2]
[2, 0, 0, 2] * [1, 2, 1, 1] : [0, 2, 0, 1]
[2, 0, 0, 2] * [1, 2, 1, 2] : [1, 2, 0, 0]
[2, 0, 0, 2] * [1, 2, 2, 0] : [2, 0, 2, 2]
[2, 0, 0, 2] * [1, 2, 2, 1] : [0, 0, 2, 1]
[2, 0, 0, 2] * [1, 2, 2, 2] : [1, 0, 2, 0]
[2, 0, 0, 2] * [2, 0, 0, 0] : [1, 0, 0, 1]
[2, 0, 0, 2] * [2, 0, 0, 1] : [2, 0, 0, 0]
[2, 0, 0, 2] * [2, 0, 0, 2] : [0, 0, 0, 2]
[2, 0, 0, 2] * [2, 0, 1, 0] : [1, 1, 2, 1]
[2, 0, 0, 2] * [2, 0, 1, 1] : [2, 1, 2, 0]
[2, 0, 0, 2] * [2, 0, 1, 2] : [0, 1, 2, 2]
[2, 0, 0, 2] * [2, 0, 2, 0] : [1, 2, 1, 1]
[2, 0, 0, 2] * [2, 0, 2, 1] : [2, 2, 1, 0]
[2, 0, 0, 2] * [2, 0, 2, 2] : [0, 2, 1, 2]
[2, 0, 0, 2] * [2, 1, 0, 0] : [1, 2, 2, 1]
[2, 0, 0, 2] * [2, 1, 0, 1] : [2, 2, 2, 0]
[2, 0, 0, 2] * [2, 1, 0, 2] : [0, 2, 2, 2]
[2, 0, 0, 2] * [2, 1, 1, 0] : [1, 0, 1, 1]
[2, 0, 0, 2] * [2, 1, 1, 1] : [2, 0, 1, 0]
[2, 0, 0, 2] * [2, 1, 1, 2] : [0, 0, 1, 2]
[2, 0, 0, 2] * [2, 1, 2, 0] : [1, 1, 0, 1]
[2, 0, 0, 2] * [2, 1, 2, 1] : [2, 1, 0, 0]
[2, 0, 0, 2] * [2, 1, 2, 2] : [0, 1, 0, 2]
[2, 0, 0, 2] * [2, 2, 0, 0] : [1, 1, 1, 1]
[2, 0, 0, 2] * [2, 2, 0, 1] : [2, 1, 1, 0]
[2, 0, 0, 2] * [2, 2, 0, 2] : [0, 1, 1, 2]
[2, 0, 0, 2] * [2, 2, 1, 0] : [1, 2, 0, 1]
[2, 0, 0, 2] * [2, 2, 1, 1] : [2, 2, 0, 0]
[2, 0, 0, 2] * [2, 2, 1, 2] : [0, 2, 0, 2]
[2, 0, 0, 2] * [2, 2, 2, 0] : [1, 0, 2, 1]
[2, 0, 0, 2] * [2, 2, 2, 1] : [2, 0, 2, 0]
[2, 0, 0, 2] * [2, 2, 2, 2] : [0, 0, 2, 2]
[2, 0, 1, 0] * [0, 0, 0, 0] : [0, 0, 0, 0]
[2, 0, 1, 0] * [0, 0, 0, 1] : [0, 1, 0, 2]
[2, 0, 1, 0] * [0, 0, 0, 2] : [0, 2, 0, 1]
[2, 0, 1, 0] * [0, 0, 1, 0] : [2, 0, 2, 0]
[2, 0, 1, 0] * [0, 0, 1, 1] : [2, 1, 2, 2]
[2, 0, 1, 0] * [0, 0, 1, 2] : [2, 2, 2, 1]
[2, 0, 1, 0] * [0, 0, 2, 0] : [1, 0, 1, 0]
[2, 0, 1, 0] * [0, 0, 2, 1] : [1, 1, 1, 2]
[2, 0, 1, 0] * [0, 0, 2, 2] : [1, 2, 1, 1]
[2, 0, 1, 0] * [0, 1, 0, 0] : [0, 2, 0, 2]
[2, 0, 1, 0] * [0, 1, 0, 1] : [0, 0, 0, 1]
[2, 0, 1, 0] * [0, 1, 0, 2] : [0, 1, 0, 0]
[2, 0, 1, 0] * [0, 1, 1, 0] : [2, 2, 2, 2]
[2, 0, 1, 0] * [0, 1, 1, 1] : [2, 0, 2, 1]
[2, 0, 1, 0] * [0, 1, 1, 2] : [2, 1, 2, 0]
[2, 0, 1, 0] * [0, 1, 2, 0] : [1, 2, 1, 2]
[2, 0, 1, 0] * [0, 1, 2, 1] : [1, 0, 1, 1]
[2, 0, 1, 0] * [0, 1, 2, 2] : [1, 1, 1, 0]
[2, 0, 1, 0] * [0, 2, 0, 0] : [0, 1, 0, 1]
[2, 0, 1, 0] * [0, 2, 0, 1] : [0, 2, 0, 0]
[2, 0, 1, 0] * [0, 2, 0, 2] : [0, 0, 0, 2]
[2, 0, 1, 0] * [0, 2, 1, 0] : [2, 1, 2, 1]
[2, 0, 1, 0] * [0, 2, 1, 1] : [2, 2, 2, 0]
[2, 0, 1, 0] * [0, 2, 1, 2] : [2, 0, 2, 2]
[2, 0, 1, 0] * [0, 2, 2, 0] : [1, 1, 1, 1]
[2, 0, 1, 0] * [0, 2, 2, 1] : [1, 2, 1, 0]
[2, 0, 1, 0] * [0, 2, 2, 2] : [1, 0, 1, 2]
[2, 0, 1, 0] * [1, 0, 0, 0] : [2, 0, 1, 0]
[2, 0, 1, 0] * [1, 0, 0, 1] : [2, 1, 1, 2]
[2, 0, 1, 0] * [1, 0, 0, 2] : [2, 2, 1, 1]
[2, 0, 1, 0] * [1, 0, 1, 0] : [1, 0, 0, 0]
[2, 0, 1, 0] * [1, 0, 1, 1] : [1, 1, 0, 2]
[2, 0, 1, 0] * [1, 0, 1, 2] : [1, 2, 0, 1]
[2, 0, 1, 0] * [1, 0, 2, 0] : [0, 0, 2, 0]
[2, 0, 1, 0] * [1, 0, 2, 1] : [0, 1, 2, 2]
[2, 0, 1, 0] * [1, 0, 2, 2] : [0, 2, 2, 1]
[2, 0, 1, 0] * [1, 1, 0, 0] : [2, 2, 1, 2]
[2, 0, 1, 0] * [1, 1, 0, 1] : [2, 0, 1, 1]
[2, 0, 1, 0] * [1, 1, 0, 2] : [2, 1, 1, 0]
[2, 0, 1, 0] * [1, 1, 1, 0] : [1, 2, 0, 2]
[2, 0, 1, 0] * [1, 1, 1, 1] : [1, 0, 0, 1]
[2, 0, 1, 0] * [1, 1, 1, 2] : [1, 1, 0, 0]
[2, 0, 1, 0] * [1, 1, 2, 0] : [0, 2, 2, 2]
[2, 0, 1, 0] * [1, 1, 2, 1] : [0, 0, 2, 1]
[2, 0, 1, 0] * [1, 1, 2, 2] : [0, 1, 2, 0]
[2, 0, 1, 0] * [1, 2, 0, 0] : [2, 1, 1, 1]
[2, 0, 1, 0] * [1, 2, 0, 1] : [2, 2, 1, 0]
[2, 0, 1, 0] * [1, 2, 0, 2] : [2, 0, 1, 2]
[2, 0, 1, 0] * [1, 2, 1, 0] : [1, 1, 0, 1]
[2, 0, 1, 0] * [1, 2, 1, 1] : [1, 2, 0, 0]
[2, 0, 1, 0] * [1, 2, 1, 2] : [1, 0, 0, 2]
[2, 0, 1, 0] * [1, 2, 2, 0] : [0, 1, 2, 1]
[2, 0, 1, 0] * [1, 2, 2, 1] : [0, 2, 2, 0]
[2, 0, 1, 0] * [1, 2, 2, 2] : [0, 0, 2, 2]
[2, 0, 1, 0] * [2, 0, 0, 0] : [1, 0, 2, 0]
[2, 0, 1, 0] * [2, 0, 0, 1] : [1, 1, 2, 2]
[2, 0, 1, 0] * [2, 0, 0, 2] : [1, 2, 2, 1]
[2, 0, 1, 0] * [2, 0, 1, 0] : [0, 0, 1, 0]
[2, 0, 1, 0] * [2, 0, 1, 1] : [0, 1, 1, 2]
[2, 0, 1, 0] * [2, 0, 1, 2] : [0, 2, 1, 1]
[2, 0, 1, 0] * [2, 0, 2, 0] : [2, 0, 0, 0]
[2, 0, 1, 0] * [2, 0, 2, 1] : [2, 1, 0, 2]
[2, 0, 1, 0] * [2, 0, 2, 2] : [2, 2, 0, 1]
[2, 0, 1, 0] * [2, 1, 0, 0] : [1, 2, 2, 2]
[2, 0, 1, 0] * [2, 1, 0, 1] : [1, 0, 2, 1]
[2, 0, 1, 0] * [2, 1, 0, 2] : [1, 1, 2, 0]
[2, 0, 1, 0] * [2, 1, 1, 0] : [0, 2, 1, 2]
[2, 0, 1, 0] * [2, 1, 1, 1] : [0, 0, 1, 1]
[2, 0, 1, 0] * [2, 1, 1, 2] : [0, 1, 1, 0]
[2, 0, 1, 0] * [2, 1, 2, 0] : [2, 2, 0, 2]
[2, 0, 1, 0] * [2, 1, 2, 1] : [2, 0, 0, 1]
[2, 0, 1, 0] * [2, 1, 2, 2] : [2, 1, 0, 0]
[2, 0, 1, 0] * [2, 2, 0, 0] : [1, 1, 2, 1]
[2, 0, 1, 0] * [2, 2, 0, 1] : [1, 2, 2, 0]
[2, 0, 1, 0] * [2, 2, 0, 2] : [1, 0, 2, 2]
[2, 0, 1, 0] * [2, 2, 1, 0] : [0, 1, 1, 1]
[2, 0, 1, 0] * [2, 2, 1, 1] : [0, 2, 1, 0]
[2, 0, 1, 0] * [2, 2, 1, 2] : [0, 0, 1, 2]
[2, 0, 1, 0] * [2, 2, 2, 0] : [2, 1, 0, 1]
[2, 0, 1, 0] * [2, 2, 2, 1] : [2, 2, 0, 0]
[2, 0, 1, 0] * [2, 2, 2, 2] : [2, 0, 0, 2]
[2, 0, 1, 1] * [0, 0, 0, 0] : [0, 0, 0, 0]
[2, 0, 1, 1] * [0, 0, 0, 1] : [2, 1, 0, 2]
[2, 0, 1, 1] * [0, 0, 0, 2] : [1, 2, 0, 1]
[2, 0, 1, 1] * [0, 0, 1, 0] : [2, 2, 2, 0]
[2, 0, 1, 1] * [0, 0, 1, 1] : [1, 0, 2, 2]
[2, 0, 1, 1] * [0, 0, 1, 2] : [0, 1, 2, 1]
[2, 0, 1, 1] * [0, 0, 2, 0] : [1, 1, 1, 0]
[2, 0, 1, 1] * [0, 0, 2, 1] : [0, 2, 1, 2]
[2, 0, 1, 1] * [0, 0, 2, 2] : [2, 0, 1, 1]
[2, 0, 1, 1] * [0, 1, 0, 0] : [0, 2, 1, 2]
[2, 0, 1, 1] * [0, 1, 0, 1] : [2, 0, 1, 1]
[2, 0, 1, 1] * [0, 1, 0, 2] : [1, 1, 1, 0]
[2, 0, 1, 1] * [0, 1, 1, 0] : [2, 1, 0, 2]
[2, 0, 1, 1] * [0, 1, 1, 1] : [1, 2, 0, 1]
[2, 0, 1, 1] * [0, 1, 1, 2] : [0, 0, 0, 0]
[2, 0, 1, 1] * [0, 1, 2, 0] : [1, 0, 2, 2]
[2, 0, 1, 1] * [0, 1, 2, 1] : [0, 1, 2, 1]
[2, 0, 1, 1] * [0, 1, 2, 2] : [2, 2, 2, 0]
[2, 0, 1, 1] * [0, 2, 0, 0] : [0, 1, 2, 1]
[2, 0, 1, 1] * [0, 2, 0, 1] : [2, 2, 2, 0]
[2, 0, 1, 1] * [0, 2, 0, 2] : [1, 0, 2, 2]
[2, 0, 1, 1] * [0, 2, 1, 0] : [2, 0, 1, 1]
[2, 0, 1, 1] * [0, 2, 1, 1] : [1, 1, 1, 0]
[2, 0, 1, 1] * [0, 2, 1, 2] : [0, 2, 1, 2]
[2, 0, 1, 1] * [0, 2, 2, 0] : [1, 2, 0, 1]
[2, 0, 1, 1] * [0, 2, 2, 1] : [0, 0, 0, 0]
[2, 0, 1, 1] * [0, 2, 2, 2] : [2, 1, 0, 2]
[2, 0, 1, 1] * [1, 0, 0, 0] : [2, 0, 1, 1]
[2, 0, 1, 1] * [1, 0, 0, 1] : [1, 1, 1, 0]
[2, 0, 1, 1] * [1, 0, 0, 2] : [0, 2, 1, 2]
[2, 0, 1, 1] * [1, 0, 1, 0] : [1, 2, 0, 1]
[2, 0, 1, 1] * [1, 0, 1, 1] : [0, 0, 0, 0]
[2, 0, 1, 1] * [1, 0, 1, 2] : [2, 1, 0, 2]
[2, 0, 1, 1] * [1, 0, 2, 0] : [0, 1, 2, 1]
[2, 0, 1, 1] * [1, 0, 2, 1] : [2, 2, 2, 0]
[2, 0, 1, 1] * [1, 0, 2, 2] : [1, 0, 2, 2]
[2, 0, 1, 1] * [1, 1, 0, 0] : [2, 2, 2, 0]
[2, 0, 1, 1] * [1, 1, 0, 1] : [1, 0, 2, 2]
[2, 0, 1, 1] * [1, 1, 0, 2] : [0, 1, 2, 1]
[2, 0, 1, 1] * [1, 1, 1, 0] : [1, 1, 1, 0]
[2, 0, 1, 1] * [1, 1, 1, 1] : [0, 2, 1, 2]
[2, 0, 1, 1] * [1, 1, 1, 2] : [2, 0, 1, 1]
[2, 0, 1, 1] * [1, 1, 2, 0] : [0, 0, 0, 0]
[2, 0, 1, 1] * [1, 1, 2, 1] : [2, 1, 0, 2]
[2, 0, 1, 1] * [1, 1, 2, 2] : [1, 2, 0, 1]
[2, 0, 1, 1] * [1, 2, 0, 0] : [2, 1, 0, 2]
[2, 0, 1, 1] * [1, 2, 0, 1] : [1, 2, 0, 1]
[2, 0, 1, 1] * [1, 2, 0, 2] : [0, 0, 0, 0]
[2, 0, 1, 1] * [1, 2, 1, 0] : [1, 0, 2, 2]
[2, 0, 1, 1] * [1, 2, 1, 1] : [0, 1, 2, 1]
[2, 0, 1, 1] * [1, 2, 1, 2] : [2, 2, 2, 0]
[2, 0, 1, 1] * [1, 2, 2, 0] : [0, 2, 1, 2]
[2, 0, 1, 1] * [1, 2, 2, 1] : [2, 0, 1, 1]
[2, 0, 1, 1] * [1, 2, 2, 2] : [1, 1, 1, 0]
[2, 0, 1, 1] * [2, 0, 0, 0] : [1, 0, 2, 2]
[2, 0, 1, 1] * [2, 0, 0, 1] : [0, 1, 2, 1]
[2, 0, 1, 1] * [2, 0, 0, 2] : [2, 2, 2, 0]
[2, 0, 1, 1] * [2, 0, 1, 0] : [0, 2, 1, 2]
[2, 0, 1, 1] * [2, 0, 1, 1] : [2, 0, 1, 1]
[2, 0, 1, 1] * [2, 0, 1, 2] : [1, 1, 1, 0]
[2, 0, 1, 1] * [2, 0, 2, 0] : [2, 1, 0, 2]
[2, 0, 1, 1] * [2, 0, 2, 1] : [1, 2, 0, 1]
[2, 0, 1, 1] * [2, 0, 2, 2] : [0, 0, 0, 0]
[2, 0, 1, 1] * [2, 1, 0, 0] : [1, 2, 0, 1]
[2, 0, 1, 1] * [2, 1, 0, 1] : [0, 0, 0, 0]
[2, 0, 1, 1] * [2, 1, 0, 2] : [2, 1, 0, 2]
[2, 0, 1, 1] * [2, 1, 1, 0] : [0, 1, 2, 1]
[2, 0, 1, 1] * [2, 1, 1, 1] : [2, 2, 2, 0]
[2, 0, 1, 1] * [2, 1, 1, 2] : [1, 0, 2, 2]
[2, 0, 1, 1] * [2, 1, 2, 0] : [2, 0, 1, 1]
[2, 0, 1, 1] * [2, 1, 2, 1] : [1, 1, 1, 0]
[2, 0, 1, 1] * [2, 1, 2, 2] : [0, 2, 1, 2]
[2, 0, 1, 1] * [2, 2, 0, 0] : [1, 1, 1, 0]
[2, 0, 1, 1] * [2, 2, 0, 1] : [0, 2, 1, 2]
[2, 0, 1, 1] * [2, 2, 0, 2] : [2, 0, 1, 1]
[2, 0, 1, 1] * [2, 2, 1, 0] : [0, 0, 0, 0]
[2, 0, 1, 1] * [2, 2, 1, 1] : [2, 1, 0, 2]
[2, 0, 1, 1] * [2, 2, 1, 2] : [1, 2, 0, 1]
[2, 0, 1, 1] * [2, 2, 2, 0] : [2, 2, 2, 0]
[2, 0, 1, 1] * [2, 2, 2, 1] : [1, 0, 2, 2]
[2, 0, 1, 1] * [2, 2, 2, 2] : [0, 1, 2, 1]
[2, 0, 1, 2] * [0, 0, 0, 0] : [0, 0, 0, 0]
[2, 0, 1, 2] * [0, 0, 0, 1] : [1, 1, 0, 2]
[2, 0, 1, 2] * [0, 0, 0, 2] : [2, 2, 0, 1]
[2, 0, 1, 2] * [0, 0, 1, 0] : [2, 1, 2, 0]
[2, 0, 1, 2] * [0, 0, 1, 1] : [0, 2, 2, 2]
[2, 0, 1, 2] * [0, 0, 1, 2] : [1, 0, 2, 1]
[2, 0, 1, 2] * [0, 0, 2, 0] : [1, 2, 1, 0]
[2, 0, 1, 2] * [0, 0, 2, 1] : [2, 0, 1, 2]
[2, 0, 1, 2] * [0, 0, 2, 2] : [0, 1, 1, 1]
[2, 0, 1, 2] * [0, 1, 0, 0] : [0, 2, 2, 2]
[2, 0, 1, 2] * [0, 1, 0, 1] : [1, 0, 2, 1]
[2, 0, 1, 2] * [0, 1, 0, 2] : [2, 1, 2, 0]
[2, 0, 1, 2] * [0, 1, 1, 0] : [2, 0, 1, 2]
[2, 0, 1, 2] * [0, 1, 1, 1] : [0, 1, 1, 1]
[2, 0, 1, 2] * [0, 1, 1, 2] : [1, 2, 1, 0]
[2, 0, 1, 2] * [0, 1, 2, 0] : [1, 1, 0, 2]
[2, 0, 1, 2] * [0, 1, 2, 1] : [2, 2, 0, 1]
[2, 0, 1, 2] * [0, 1, 2, 2] : [0, 0, 0, 0]
[2, 0, 1, 2] * [0, 2, 0, 0] : [0, 1, 1, 1]
[2, 0, 1, 2] * [0, 2, 0, 1] : [1, 2, 1, 0]
[2, 0, 1, 2] * [0, 2, 0, 2] : [2, 0, 1, 2]
[2, 0, 1, 2] * [0, 2, 1, 0] : [2, 2, 0, 1]
[2, 0, 1, 2] * [0, 2, 1, 1] : [0, 0, 0, 0]
[2, 0, 1, 2] * [0, 2, 1, 2] : [1, 1, 0, 2]
[2, 0, 1, 2] * [0, 2, 2, 0] : [1, 0, 2, 1]
[2, 0, 1, 2] * [0, 2, 2, 1] : [2, 1, 2, 0]
[2, 0, 1, 2] * [0, 2, 2, 2] : [0, 2, 2, 2]
[2, 0, 1, 2] * [1, 0, 0, 0] : [2, 0, 1, 2]
[2, 0, 1, 2] * [1, 0, 0, 1] : [0, 1, 1, 1]
[2, 0, 1, 2] * [1, 0, 0, 2] : [1, 2, 1, 0]
[2, 0, 1, 2] * [1, 0, 1, 0] : [1, 1, 0, 2]
[2, 0, 1, 2] * [1, 0, 1, 1] : [2, 2, 0, 1]
[2, 0, 1, 2] * [1, 0, 1, 2] : [0, 0, 0, 0]
[2, 0, 1, 2] * [1, 0, 2, 0] : [0, 2, 2, 2]
[2, 0, 1, 2] * [1, 0, 2, 1] : [1, 0, 2, 1]
[2, 0, 1, 2] * [1, 0, 2, 2] : [2, 1, 2, 0]
[2, 0, 1, 2] * [1, 1, 0, 0] : [2, 2, 0, 1]
[2, 0, 1, 2] * [1, 1, 0, 1] : [0, 0, 0, 0]
[2, 0, 1, 2] * [1, 1, 0, 2] : [1, 1, 0, 2]
[2, 0, 1, 2] * [1, 1, 1, 0] : [1, 0, 2, 1]
[2, 0, 1, 2] * [1, 1, 1, 1] : [2, 1, 2, 0]
[2, 0, 1, 2] * [1, 1, 1, 2] : [0, 2, 2, 2]
[2, 0, 1, 2] * [1, 1, 2, 0] : [0, 1, 1, 1]
[2, 0, 1, 2] * [1, 1, 2, 1] : [1, 2, 1, 0]
[2, 0, 1, 2] * [1, 1, 2, 2] : [2, 0, 1, 2]
[2, 0, 1, 2] * [1, 2, 0, 0] : [2, 1, 2, 0]
[2, 0, 1, 2] * [1, 2, 0, 1] : [0, 2, 2, 2]
[2, 0, 1, 2] * [1, 2, 0, 2] : [1, 0, 2, 1]
[2, 0, 1, 2] * [1, 2, 1, 0] : [1, 2, 1, 0]
[2, 0, 1, 2] * [1, 2, 1, 1] : [2, 0, 1, 2]
[2, 0, 1, 2] * [1, 2, 1, 2] : [0, 1, 1, 1]
[2, 0, 1, 2] * [1, 2, 2, 0] : [0, 0, 0, 0]
[2, 0, 1, 2] * [1, 2, 2, 1] : [1, 1, 0, 2]
[2, 0, 1, 2] * [1, 2, 2, 2] : [2, 2, 0, 1]
[2, 0, 1, 2] * [2, 0, 0, 0] : [1, 0, 2, 1]
[2, 0, 1, 2] * [2, 0, 0, 1] : [2, 1, 2, 0]
[2, 0, 1, 2] * [2, 0, 0, 2] : [0, 2, 2, 2]
[2, 0, 1, 2] * [2, 0, 1, 0] : [0, 1, 1, 1]
[2, 0, 1, 2] * [2, 0, 1, 1] : [1, 2, 1, 0]
[2, 0, 1, 2] * [2, 0, 1, 2] : [2, 0, 1, 2]
[2, 0, 1, 2] * [2, 0, 2, 0] : [2, 2, 0, 1]
[2, 0, 1, 2] * [2, 0, 2, 1] : [0, 0, 0, 0]
[2, 0, 1, 2] * [2, 0, 2, 2] : [1, 1, 0, 2]
[2, 0, 1, 2] * [2, 1, 0, 0] : [1, 2, 1, 0]
[2, 0, 1, 2] * [2, 1, 0, 1] : [2, 0, 1, 2]
[2, 0, 1, 2] * [2, 1, 0, 2] : [0, 1, 1, 1]
[2, 0, 1, 2] * [2, 1, 1, 0] : [0, 0, 0, 0]
[2, 0, 1, 2] * [2, 1, 1, 1] : [1, 1, 0, 2]
[2, 0, 1, 2] * [2, 1, 1, 2] : [2, 2, 0, 1]
[2, 0, 1, 2] * [2, 1, 2, 0] : [2, 1, 2, 0]
[2, 0, 1, 2] * [2, 1, 2, 1] : [0, 2, 2, 2]
[2, 0, 1, 2] * [2, 1, 2, 2] : [1, 0, 2, 1]
[2, 0, 1, 2] * [2, 2, 0, 0] : [1, 1, 0, 2]
[2, 0, 1, 2] * [2, 2, 0, 1] : [2, 2, 0, 1]
[2, 0, 1, 2] * [2, 2, 0, 2] : [0, 0, 0, 0]
[2, 0, 1, 2] * [2, 2, 1, 0] : [0, 2, 2, 2]
[2, 0, 1, 2] * [2, 2, 1, 1] : [1, 0, 2, 1]
[2, 0, 1, 2] * [2, 2, 1, 2] : [2, 1, 2, 0]
[2, 0, 1, 2] * [2, 2, 2, 0] : [2, 0, 1, 2]
[2, 0, 1, 2] * [2, 2, 2, 1] : [0, 1, 1, 1]
[2, 0, 1, 2] * [2, 2, 2, 2] : [1, 2, 1, 0]
[2, 0, 2, 0] * [0, 0, 0, 0] : [0, 0, 0, 0]
[2, 0, 2, 0] * [0, 0, 0, 1] : [0, 2, 0, 2]
[2, 0, 2, 0] * [0, 0, 0, 2] : [0, 1, 0, 1]
[2, 0, 2, 0] * [0, 0, 1, 0] : [1, 0, 2, 0]
[2, 0, 2, 0] * [0, 0, 1, 1] : [1, 2, 2, 2]
[2, 0, 2, 0] * [0, 0, 1, 2] : [1, 1, 2, 1]
[2, 0, 2, 0] * [0, 0, 2, 0] : [2, 0, 1, 0]
[2, 0, 2, 0] * [0, 0, 2, 1] : [2, 2, 1, 2]
[2, 0, 2, 0] * [0, 0, 2, 2] : [2, 1, 1, 1]
[2, 0, 2, 0] * [0, 1, 0, 0] : [0, 2, 0, 1]
[2, 0, 2, 0] * [0, 1, 0, 1] : [0, 1, 0, 0]
[2, 0, 2, 0] * [0, 1, 0, 2] : [0, 0, 0, 2]
[2, 0, 2, 0] * [0, 1, 1, 0] : [1, 2, 2, 1]
[2, 0, 2, 0] * [0, 1, 1, 1] : [1, 1, 2, 0]
[2, 0, 2, 0] * [0, 1, 1, 2] : [1, 0, 2, 2]
[2, 0, 2, 0] * [0, 1, 2, 0] : [2, 2, 1, 1]
[2, 0, 2, 0] * [0, 1, 2, 1] : [2, 1, 1, 0]
[2, 0, 2, 0] * [0, 1, 2, 2] : [2, 0, 1, 2]
[2, 0, 2, 0] * [0, 2, 0, 0] : [0, 1, 0, 2]
[2, 0, 2, 0] * [0, 2, 0, 1] : [0, 0, 0, 1]
[2, 0, 2, 0] * [0, 2, 0, 2] : [0, 2, 0, 0]
[2, 0, 2, 0] * [0, 2, 1, 0] : [1, 1, 2, 2]
[2, 0, 2, 0] * [0, 2, 1, 1] : [1, 0, 2, 1]
[2, 0, 2, 0] * [0, 2, 1, 2] : [1, 2, 2, 0]
[2, 0, 2, 0] * [0, 2, 2, 0] : [2, 1, 1, 2]
[2, 0, 2, 0] * [0, 2, 2, 1] : [2, 0, 1, 1]
[2, 0, 2, 0] * [0, 2, 2, 2] : [2, 2, 1, 0]
[2, 0, 2, 0] * [1, 0, 0, 0] : [2, 0, 2, 0]
[2, 0, 2, 0] * [1, 0, 0, 1] : [2, 2, 2, 2]
[2, 0, 2, 0] * [1, 0, 0, 2] : [2, 1, 2, 1]
[2, 0, 2, 0] * [1, 0, 1, 0] : [0, 0, 1, 0]
[2, 0, 2, 0] * [1, 0, 1, 1] : [0, 2, 1, 2]
[2, 0, 2, 0] * [1, 0, 1, 2] : [0, 1, 1, 1]
[2, 0, 2, 0] * [1, 0, 2, 0] : [1, 0, 0, 0]
[2, 0, 2, 0] * [1, 0, 2, 1] : [1, 2, 0, 2]
[2, 0, 2, 0] * [1, 0, 2, 2] : [1, 1, 0, 1]
[2, 0, 2, 0] * [1, 1, 0, 0] : [2, 2, 2, 1]
[2, 0, 2, 0] * [1, 1, 0, 1] : [2, 1, 2, 0]
[2, 0, 2, 0] * [1, 1, 0, 2] : [2, 0, 2, 2]
[2, 0, 2, 0] * [1, 1, 1, 0] : [0, 2, 1, 1]
[2, 0, 2, 0] * [1, 1, 1, 1] : [0, 1, 1, 0]
[2, 0, 2, 0] * [1, 1, 1, 2] : [0, 0, 1, 2]
[2, 0, 2, 0] * [1, 1, 2, 0] : [1, 2, 0, 1]
[2, 0, 2, 0] * [1, 1, 2, 1] : [1, 1, 0, 0]
[2, 0, 2, 0] * [1, 1, 2, 2] : [1, 0, 0, 2]
[2, 0, 2, 0] * [1, 2, 0, 0] : [2, 1, 2, 2]
[2, 0, 2, 0] * [1, 2, 0, 1] : [2, 0, 2, 1]
[2, 0, 2, 0] * [1, 2, 0, 2] : [2, 2, 2, 0]
[2, 0, 2, 0] * [1, 2, 1, 0] : [0, 1, 1, 2]
[2, 0, 2, 0] * [1, 2, 1, 1] : [0, 0, 1, 1]
[2, 0, 2, 0] * [1, 2, 1, 2] : [0, 2, 1, 0]
[2, 0, 2, 0] * [1, 2, 2, 0] : [1, 1, 0, 2]
[2, 0, 2, 0] * [1, 2, 2, 1] : [1, 0, 0, 1]
[2, 0, 2, 0] * [1, 2, 2, 2] : [1, 2, 0, 0]
[2, 0, 2, 0] * [2, 0, 0, 0] : [1, 0, 1, 0]
[2, 0, 2, 0] * [2, 0, 0, 1] : [1, 2, 1, 2]
[2, 0, 2, 0] * [2, 0, 0, 2] : [1, 1, 1, 1]
[2, 0, 2, 0] * [2, 0, 1, 0] : [2, 0, 0, 0]
[2, 0, 2, 0] * [2, 0, 1, 1] : [2, 2, 0, 2]
[2, 0, 2, 0] * [2, 0, 1, 2] : [2, 1, 0, 1]
[2, 0, 2, 0] * [2, 0, 2, 0] : [0, 0, 2, 0]
[2, 0, 2, 0] * [2, 0, 2, 1] : [0, 2, 2, 2]
[2, 0, 2, 0] * [2, 0, 2, 2] : [0, 1, 2, 1]
[2, 0, 2, 0] * [2, 1, 0, 0] : [1, 2, 1, 1]
[2, 0, 2, 0] * [2, 1, 0, 1] : [1, 1, 1, 0]
[2, 0, 2, 0] * [2, 1, 0, 2] : [1, 0, 1, 2]
[2, 0, 2, 0] * [2, 1, 1, 0] : [2, 2, 0, 1]
[2, 0, 2, 0] * [2, 1, 1, 1] : [2, 1, 0, 0]
[2, 0, 2, 0] * [2, 1, 1, 2] : [2, 0, 0, 2]
[2, 0, 2, 0] * [2, 1, 2, 0] : [0, 2, 2, 1]
[2, 0, 2, 0] * [2, 1, 2, 1] : [0, 1, 2, 0]
[2, 0, 2, 0] * [2, 1, 2, 2] : [0, 0, 2, 2]
[2, 0, 2, 0] * [2, 2, 0, 0] : [1, 1, 1, 2]
[2, 0, 2, 0] * [2, 2, 0, 1] : [1, 0, 1, 1]
[2, 0, 2, 0] * [2, 2, 0, 2] : [1, 2, 1, 0]
[2, 0, 2, 0] * [2, 2, 1, 0] : [2, 1, 0, 2]
[2, 0, 2, 0] * [2, 2, 1, 1] : [2, 0, 0, 1]
[2, 0, 2, 0] * [2, 2, 1, 2] : [2, 2, 0, 0]
[2, 0, 2, 0] * [2, 2, 2, 0] : [0, 1, 2, 2]
[2, 0, 2, 0] * [2, 2, 2, 1] : [0, 0, 2, 1]
[2, 0, 2, 0] * [2, 2, 2, 2] : [0, 2, 2, 0]
[2, 0, 2, 1] * [0, 0, 0, 0] : [0, 0, 0, 0]
[2, 0, 2, 1] * [0, 0, 0, 1] : [2, 2, 0, 2]
[2, 0, 2, 1] * [0, 0, 0, 2] : [1, 1, 0, 1]
[2, 0, 2, 1] * [0, 0, 1, 0] : [1, 2, 2, 0]
[2, 0, 2, 1] * [0, 0, 1, 1] : [0, 1, 2, 2]
[2, 0, 2, 1] * [0, 0, 1, 2] : [2, 0, 2, 1]
[2, 0, 2, 1] * [0, 0, 2, 0] : [2, 1, 1, 0]
[2, 0, 2, 1] * [0, 0, 2, 1] : [1, 0, 1, 2]
[2, 0, 2, 1] * [0, 0, 2, 2] : [0, 2, 1, 1]
[2, 0, 2, 1] * [0, 1, 0, 0] : [0, 2, 1, 1]
[2, 0, 2, 1] * [0, 1, 0, 1] : [2, 1, 1, 0]
[2, 0, 2, 1] * [0, 1, 0, 2] : [1, 0, 1, 2]
[2, 0, 2, 1] * [0, 1, 1, 0] : [1, 1, 0, 1]
[2, 0, 2, 1] * [0, 1, 1, 1] : [0, 0, 0, 0]
[2, 0, 2, 1] * [0, 1, 1, 2] : [2, 2, 0, 2]
[2, 0, 2, 1] * [0, 1, 2, 0] : [2, 0, 2, 1]
[2, 0, 2, 1] * [0, 1, 2, 1] : [1, 2, 2, 0]
[2, 0, 2, 1] * [0, 1, 2, 2] : [0, 1, 2, 2]
[2, 0, 2, 1] * [0, 2, 0, 0] : [0, 1, 2, 2]
[2, 0, 2, 1] * [0, 2, 0, 1] : [2, 0, 2, 1]
[2, 0, 2, 1] * [0, 2, 0, 2] : [1, 2, 2, 0]
[2, 0, 2, 1] * [0, 2, 1, 0] : [1, 0, 1, 2]
[2, 0, 2, 1] * [0, 2, 1, 1] : [0, 2, 1, 1]
[2, 0, 2, 1] * [0, 2, 1, 2] : [2, 1, 1, 0]
[2, 0, 2, 1] * [0, 2, 2, 0] : [2, 2, 0, 2]
[2, 0, 2, 1] * [0, 2, 2, 1] : [1, 1, 0, 1]
[2, 0, 2, 1] * [0, 2, 2, 2] : [0, 0, 0, 0]
[2, 0, 2, 1] * [1, 0, 0, 0] : [2, 0, 2, 1]
[2, 0, 2, 1] * [1, 0, 0, 1] : [1, 2, 2, 0]
[2, 0, 2, 1] * [1, 0, 0, 2] : [0, 1, 2, 2]
[2, 0, 2, 1] * [1, 0, 1, 0] : [0, 2, 1, 1]
[2, 0, 2, 1] * [1, 0, 1, 1] : [2, 1, 1, 0]
[2, 0, 2, 1] * [1, 0, 1, 2] : [1, 0, 1, 2]
[2, 0, 2, 1] * [1, 0, 2, 0] : [1, 1, 0, 1]
[2, 0, 2, 1] * [1, 0, 2, 1] : [0, 0, 0, 0]
[2, 0, 2, 1] * [1, 0, 2, 2] : [2, 2, 0, 2]
[2, 0, 2, 1] * [1, 1, 0, 0] : [2, 2, 0, 2]
[2, 0, 2, 1] * [1, 1, 0, 1] : [1, 1, 0, 1]
[2, 0, 2, 1] * [1, 1, 0, 2] : [0, 0, 0, 0]
[2, 0, 2, 1] * [1, 1, 1, 0] : [0, 1, 2, 2]
[2, 0, 2, 1] * [1, 1, 1, 1] : [2, 0, 2, 1]
[2, 0, 2, 1] * [1, 1, 1, 2] : [1, 2, 2, 0]
[2, 0, 2, 1] * [1, 1, 2, 0] : [1, 0, 1, 2]
[2, 0, 2, 1] * [1, 1, 2, 1] : [0, 2, 1, 1]
[2, 0, 2, 1] * [1, 1, 2, 2] : [2, 1, 1, 0]
[2, 0, 2, 1] * [1, 2, 0, 0] : [2, 1, 1, 0]
[2, 0, 2, 1] * [1, 2, 0, 1] : [1, 0, 1, 2]
[2, 0, 2, 1] * [1, 2, 0, 2] : [0, 2, 1, 1]
[2, 0, 2, 1] * [1, 2, 1, 0] : [0, 0, 0, 0]
[2, 0, 2, 1] * [1, 2, 1, 1] : [2, 2, 0, 2]
[2, 0, 2, 1] * [1, 2, 1, 2] : [1, 1, 0, 1]
[2, 0, 2, 1] * [1, 2, 2, 0] : [1, 2, 2, 0]
[2, 0, 2, 1] * [1, 2, 2, 1] : [0, 1, 2, 2]
[2, 0, 2, 1] * [1, 2, 2, 2] : [2, 0, 2, 1]
[2, 0, 2, 1] * [2, 0, 0, 0] : [1, 0, 1, 2]
[2, 0, 2, 1] * [2, 0, 0, 1] : [0, 2, 1, 1]
[2, 0, 2, 1] * [2, 0, 0, 2] : [2, 1, 1, 0]
[2, 0, 2, 1] * [2, 0, 1, 0] : [2, 2, 0, 2]
[2, 0, 2, 1] * [2, 0, 1, 1] : [1, 1, 0, 1]
[2, 0, 2, 1] * [2, 0, 1, 2] : [0, 0, 0, 0]
[2, 0, 2, 1] * [2, 0, 2, 0] : [0, 1, 2, 2]
[2, 0, 2, 1] * [2, 0, 2, 1] : [2, 0, 2, 1]
[2, 0, 2, 1] * [2, 0, 2, 2] : [1, 2, 2, 0]
[2, 0, 2, 1] * [2, 1, 0, 0] : [1, 2, 2, 0]
[2, 0, 2, 1] * [2, 1, 0, 1] : [0, 1, 2, 2]
[2, 0, 2, 1] * [2, 1, 0, 2] : [2, 0, 2, 1]
[2, 0, 2, 1] * [2, 1, 1, 0] : [2, 1, 1, 0]
[2, 0, 2, 1] * [2, 1, 1, 1] : [1, 0, 1, 2]
[2, 0, 2, 1] * [2, 1, 1, 2] : [0, 2, 1, 1]
[2, 0, 2, 1] * [2, 1, 2, 0] : [0, 0, 0, 0]
[2, 0, 2, 1] * [2, 1, 2, 1] : [2, 2, 0, 2]
[2, 0, 2, 1] * [2, 1, 2, 2] : [1, 1, 0, 1]
[2, 0, 2, 1] * [2, 2, 0, 0] : [1, 1, 0, 1]
[2, 0, 2, 1] * [2, 2, 0, 1] : [0, 0, 0, 0]
[2, 0, 2, 1] * [2, 2, 0, 2] : [2, 2, 0, 2]
[2, 0, 2, 1] * [2, 2, 1, 0] : [2, 0, 2, 1]
[2, 0, 2, 1] * [2, 2, 1, 1] : [1, 2, 2, 0]
[2, 0, 2, 1] * [2, 2, 1, 2] : [0, 1, 2, 2]
[2, 0, 2, 1] * [2, 2, 2, 0] : [0, 2, 1, 1]
[2, 0, 2, 1] * [2, 2, 2, 1] : [2, 1, 1, 0]
[2, 0, 2, 1] * [2, 2, 2, 2] : [1, 0, 1, 2]
[2, 0, 2, 2] * [0, 0, 0, 0] : [0, 0, 0, 0]
[2, 0, 2, 2] * [0, 0, 0, 1] : [1, 2, 0, 2]
[2, 0, 2, 2] * [0, 0, 0, 2] : [2, 1, 0, 1]
[2, 0, 2, 2] * [0, 0, 1, 0] : [1, 1, 2, 0]
[2, 0, 2, 2] * [0, 0, 1, 1] : [2, 0, 2, 2]
[2, 0, 2, 2] * [0, 0, 1, 2] : [0, 2, 2, 1]
[2, 0, 2, 2] * [0, 0, 2, 0] : [2, 2, 1, 0]
[2, 0, 2, 2] * [0, 0, 2, 1] : [0, 1, 1, 2]
[2, 0, 2, 2] * [0, 0, 2, 2] : [1, 0, 1, 1]
[2, 0, 2, 2] * [0, 1, 0, 0] : [0, 2, 2, 1]
[2, 0, 2, 2] * [0, 1, 0, 1] : [1, 1, 2, 0]
[2, 0, 2, 2] * [0, 1, 0, 2] : [2, 0, 2, 2]
[2, 0, 2, 2] * [0, 1, 1, 0] : [1, 0, 1, 1]
[2, 0, 2, 2] * [0, 1, 1, 1] : [2, 2, 1, 0]
[2, 0, 2, 2] * [0, 1, 1, 2] : [0, 1, 1, 2]
[2, 0, 2, 2] * [0, 1, 2, 0] : [2, 1, 0, 1]
[2, 0, 2, 2] * [0, 1, 2, 1] : [0, 0, 0, 0]
[2, 0, 2, 2] * [0, 1, 2, 2] : [1, 2, 0, 2]
[2, 0, 2, 2] * [0, 2, 0, 0] : [0, 1, 1, 2]
[2, 0, 2, 2] * [0, 2, 0, 1] : [1, 0, 1, 1]
[2, 0, 2, 2] * [0, 2, 0, 2] : [2, 2, 1, 0]
[2, 0, 2, 2] * [0, 2, 1, 0] : [1, 2, 0, 2]
[2, 0, 2, 2] * [0, 2, 1, 1] : [2, 1, 0, 1]
[2, 0, 2, 2] * [0, 2, 1, 2] : [0, 0, 0, 0]
[2, 0, 2, 2] * [0, 2, 2, 0] : [2, 0, 2, 2]
[2, 0, 2, 2] * [0, 2, 2, 1] : [0, 2, 2, 1]
[2, 0, 2, 2] * [0, 2, 2, 2] : [1, 1, 2, 0]
[2, 0, 2, 2] * [1, 0, 0, 0] : [2, 0, 2, 2]
[2, 0, 2, 2] * [1, 0, 0, 1] : [0, 2, 2, 1]
[2, 0, 2, 2] * [1, 0, 0, 2] : [1, 1, 2, 0]
[2, 0, 2, 2] * [1, 0, 1, 0] : [0, 1, 1, 2]
[2, 0, 2, 2] * [1, 0, 1, 1] : [1, 0, 1, 1]
[2, 0, 2, 2] * [1, 0, 1, 2] : [2, 2, 1, 0]
[2, 0, 2, 2] * [1, 0, 2, 0] : [1, 2, 0, 2]
[2, 0, 2, 2] * [1, 0, 2, 1] : [2, 1, 0, 1]
[2, 0, 2, 2] * [1, 0, 2, 2] : [0, 0, 0, 0]
[2, 0, 2, 2] * [1, 1, 0, 0] : [2, 2, 1, 0]
[2, 0, 2, 2] * [1, 1, 0, 1] : [0, 1, 1, 2]
[2, 0, 2, 2] * [1, 1, 0, 2] : [1, 0, 1, 1]
[2, 0, 2, 2] * [1, 1, 1, 0] : [0, 0, 0, 0]
[2, 0, 2, 2] * [1, 1, 1, 1] : [1, 2, 0, 2]
[2, 0, 2, 2] * [1, 1, 1, 2] : [2, 1, 0, 1]
[2, 0, 2, 2] * [1, 1, 2, 0] : [1, 1, 2, 0]
[2, 0, 2, 2] * [1, 1, 2, 1] : [2, 0, 2, 2]
[2, 0, 2, 2] * [1, 1, 2, 2] : [0, 2, 2, 1]
[2, 0, 2, 2] * [1, 2, 0, 0] : [2, 1, 0, 1]
[2, 0, 2, 2] * [1, 2, 0, 1] : [0, 0, 0, 0]
[2, 0, 2, 2] * [1, 2, 0, 2] : [1, 2, 0, 2]
[2, 0, 2, 2] * [1, 2, 1, 0] : [0, 2, 2, 1]
[2, 0, 2, 2] * [1, 2, 1, 1] : [1, 1, 2, 0]
[2, 0, 2, 2] * [1, 2, 1, 2] : [2, 0, 2, 2]
[2, 0, 2, 2] * [1, 2, 2, 0] : [1, 0, 1, 1]
[2, 0, 2, 2] * [1, 2, 2, 1] : [2, 2, 1, 0]
[2, 0, 2, 2] * [1, 2, 2, 2] : [0, 1, 1, 2]
[2, 0, 2, 2] * [2, 0, 0, 0] : [1, 0, 1, 1]
[2, 0, 2, 2] * [2, 0, 0, 1] : [2, 2, 1, 0]
[2, 0, 2, 2] * [2, 0, 0, 2] : [0, 1, 1, 2]
[2, 0, 2, 2] * [2, 0, 1, 0] : [2, 1, 0, 1]
[2, 0, 2, 2] * [2, 0, 1, 1] : [0, 0, 0, 0]
[2, 0, 2, 2] * [2, 0, 1, 2] : [1, 2, 0, 2]
[2, 0, 2, 2] * [2, 0, 2, 0] : [0, 2, 2, 1]
[2, 0, 2, 2] * [2, 0, 2, 1] : [1, 1, 2, 0]
[2, 0, 2, 2] * [2, 0, 2, 2] : [2, 0, 2, 2]
[2, 0, 2, 2] * [2, 1, 0, 0] : [1, 2, 0, 2]
[2, 0, 2, 2] * [2, 1, 0, 1] : [2, 1, 0, 1]
[2, 0, 2, 2] * [2, 1, 0, 2] : [0, 0, 0, 0]
[2, 0, 2, 2] * [2, 1, 1, 0] : [2, 0, 2, 2]
[2, 0, 2, 2] * [2, 1, 1, 1] : [0, 2, 2, 1]
[2, 0, 2, 2] * [2, 1, 1, 2] : [1, 1, 2, 0]
[2, 0, 2, 2] * [2, 1, 2, 0] : [0, 1, 1, 2]
[2, 0, 2, 2] * [2, 1, 2, 1] : [1, 0, 1, 1]
[2, 0, 2, 2] * [2, 1, 2, 2] : [2, 2, 1, 0]
[2, 0, 2, 2] * [2, 2, 0, 0] : [1, 1, 2, 0]
[2, 0, 2, 2] * [2, 2, 0, 1] : [2, 0, 2, 2]
[2, 0, 2, 2] * [2, 2, 0, 2] : [0, 2, 2, 1]
[2, 0, 2, 2] * [2, 2, 1, 0] : [2, 2, 1, 0]
[2, 0, 2, 2] * [2, 2, 1, 1] : [0, 1, 1, 2]
[2, 0, 2, 2] * [2, 2, 1, 2] : [1, 0, 1, 1]
[2, 0, 2, 2] * [2, 2, 2, 0] : [0, 0, 0, 0]
[2, 0, 2, 2] * [2, 2, 2, 1] : [1, 2, 0, 2]
[2, 0, 2, 2] * [2, 2, 2, 2] : [2, 1, 0, 1]
[2, 1, 0, 0] * [0, 0, 0, 0] : [0, 0, 0, 0]
[2, 1, 0, 0] * [0, 0, 0, 1] : [0, 0, 2, 2]
[2, 1, 0, 0] * [0, 0, 0, 2] : [0, 0, 1, 1]
[2, 1, 0, 0] * [0, 0, 1, 0] : [0, 0, 2, 1]
[2, 1, 0, 0] * [0, 0, 1, 1] : [0, 0, 1, 0]
[2, 1, 0, 0] * [0, 0, 1, 2] : [0, 0, 0, 2]
[2, 1, 0, 0] * [0, 0, 2, 0] : [0, 0, 1, 2]
[2, 1, 0, 0] * [0, 0, 2, 1] : [0, 0, 0, 1]
[2, 1, 0, 0] * [0, 0, 2, 2] : [0, 0, 2, 0]
[2, 1, 0, 0] * [0, 1, 0, 0] : [2, 2, 0, 0]
[2, 1, 0, 0] * [0, 1, 0, 1] : [2, 2, 2, 2]
[2, 1, 0, 0] * [0, 1, 0, 2] : [2, 2, 1, 1]
[2, 1, 0, 0] * [0, 1, 1, 0] : [2, 2, 2, 1]
[2, 1, 0, 0] * [0, 1, 1, 1] : [2, 2, 1, 0]
[2, 1, 0, 0] * [0, 1, 1, 2] : [2, 2, 0, 2]
[2, 1, 0, 0] * [0, 1, 2, 0] : [2, 2, 1, 2]
[2, 1, 0, 0] * [0, 1, 2, 1] : [2, 2, 0, 1]
[2, 1, 0, 0] * [0, 1, 2, 2] : [2, 2, 2, 0]
[2, 1, 0, 0] * [0, 2, 0, 0] : [1, 1, 0, 0]
[2, 1, 0, 0] * [0, 2, 0, 1] : [1, 1, 2, 2]
[2, 1, 0, 0] * [0, 2, 0, 2] : [1, 1, 1, 1]
[2, 1, 0, 0] * [0, 2, 1, 0] : [1, 1, 2, 1]
[2, 1, 0, 0] * [0, 2, 1, 1] : [1, 1, 1, 0]
[2, 1, 0, 0] * [0, 2, 1, 2] : [1, 1, 0, 2]
[2, 1, 0, 0] * [0, 2, 2, 0] : [1, 1, 1, 2]
[2, 1, 0, 0] * [0, 2, 2, 1] : [1, 1, 0, 1]
[2, 1, 0, 0] * [0, 2, 2, 2] : [1, 1, 2, 0]
[2, 1, 0, 0] * [1, 0, 0, 0] : [2, 1, 0, 0]
[2, 1, 0, 0] * [1, 0, 0, 1] : [2, 1, 2, 2]
[2, 1, 0, 0] * [1, 0, 0, 2] : [2, 1, 1, 1]
[2, 1, 0, 0] * [1, 0, 1, 0] : [2, 1, 2, 1]
[2, 1, 0, 0] * [1, 0, 1, 1] : [2, 1, 1, 0]
[2, 1, 0, 0] * [1, 0, 1, 2] : [2, 1, 0, 2]
[2, 1, 0, 0] * [1, 0, 2, 0] : [2, 1, 1, 2]
[2, 1, 0, 0] * [1, 0, 2, 1] : [2, 1, 0, 1]
[2, 1, 0, 0] * [1, 0, 2, 2] : [2, 1, 2, 0]
[2, 1, 0, 0] * [1, 1, 0, 0] : [1, 0, 0, 0]
[2, 1, 0, 0] * [1, 1, 0, 1] : [1, 0, 2, 2]
[2, 1, 0, 0] * [1, 1, 0, 2] : [1, 0, 1, 1]
[2, 1, 0, 0] * [1, 1, 1, 0] : [1, 0, 2, 1]
[2, 1, 0, 0] * [1, 1, 1, 1] : [1, 0, 1, 0]
[2, 1, 0, 0] * [1, 1, 1, 2] : [1, 0, 0, 2]
[2, 1, 0, 0] * [1, 1, 2, 0] : [1, 0, 1, 2]
[2, 1, 0, 0] * [1, 1, 2, 1] : [1, 0, 0, 1]
[2, 1, 0, 0] * [1, 1, 2, 2] : [1, 0, 2, 0]
[2, 1, 0, 0] * [1, 2, 0, 0] : [0, 2, 0, 0]
[2, 1, 0, 0] * [1, 2, 0, 1] : [0, 2, 2, 2]
[2, 1, 0, 0] * [1, 2, 0, 2] : [0, 2, 1, 1]
[2, 1, 0, 0] * [1, 2, 1, 0] : [0, 2, 2, 1]
[2, 1, 0, 0] * [1, 2, 1, 1] : [0, 2, 1, 0]
[2, 1, 0, 0] * [1, 2, 1, 2] : [0, 2, 0, 2]
[2, 1, 0, 0] * [1, 2, 2, 0] : [0, 2, 1, 2]
[2, 1, 0, 0] * [1, 2, 2, 1] : [0, 2, 0, 1]
[2, 1, 0, 0] * [1, 2, 2, 2] : [0, 2, 2, 0]
[2, 1, 0, 0] * [2, 0, 0, 0] : [1, 2, 0, 0]
[2, 1, 0, 0] * [2, 0, 0, 1] : [1, 2, 2, 2]
[2, 1, 0, 0] * [2, 0, 0, 2] : [1, 2, 1, 1]
[2, 1, 0, 0] * [2, 0, 1, 0] : [1, 2, 2, 1]
[2, 1, 0, 0] * [2, 0, 1, 1] : [1, 2, 1, 0]
[2, 1, 0, 0] * [2, 0, 1, 2] : [1, 2, 0, 2]
[2, 1, 0, 0] * [2, 0, 2, 0] : [1, 2, 1, 2]
[2, 1, 0, 0] * [2, 0, 2, 1] : [1, 2, 0, 1]
[2, 1, 0, 0] * [2, 0, 2, 2] : [1, 2, 2, 0]
[2, 1, 0, 0] * [2, 1, 0, 0] : [0, 1, 0, 0]
[2, 1, 0, 0] * [2, 1, 0, 1] : [0, 1, 2, 2]
[2, 1, 0, 0] * [2, 1, 0, 2] : [0, 1, 1, 1]
[2, 1, 0, 0] * [2, 1, 1, 0] : [0, 1, 2, 1]
[2, 1, 0, 0] * [2, 1, 1, 1] : [0, 1, 1, 0]
[2, 1, 0, 0] * [2, 1, 1, 2] : [0, 1, 0, 2]
[2, 1, 0, 0] * [2, 1, 2, 0] : [0, 1, 1, 2]
[2, 1, 0, 0] * [2, 1, 2, 1] : [0, 1, 0, 1]
[2, 1, 0, 0] * [2, 1, 2, 2] : [0, 1, 2, 0]
[2, 1, 0, 0] * [2, 2, 0, 0] : [2, 0, 0, 0]
[2, 1, 0, 0] * [2, 2, 0, 1] : [2, 0, 2, 2]
[2, 1, 0, 0] * [2, 2, 0, 2] : [2, 0, 1, 1]
[2, 1, 0, 0] * [2, 2, 1, 0] : [2, 0, 2, 1]
[2, 1, 0, 0] * [2, 2, 1, 1] : [2, 0, 1, 0]
[2, 1, 0, 0] * [2, 2, 1, 2] : [2, 0, 0, 2]
[2, 1, 0, 0] * [2, 2, 2, 0] : [2, 0, 1, 2]
[2, 1, 0, 0] * [2, 2, 2, 1] : [2, 0, 0, 1]
[2, 1, 0, 0] * [2, 2, 2, 2] : [2, 0, 2, 0]
[2, 1, 0, 1] * [0, 0, 0, 0] : [0, 0, 0, 0]
[2, 1, 0, 1] * [0, 0, 0, 1] : [2, 0, 2, 2]
[2, 1, 0, 1] * [0, 0, 0, 2] : [1, 0, 1, 1]
[2, 1, 0, 1] * [0, 0, 1, 0] : [0, 2, 2, 1]
[2, 1, 0, 1] * [0, 0, 1, 1] : [2, 2, 1, 0]
[2, 1, 0, 1] * [0, 0, 1, 2] : [1, 2, 0, 2]
[2, 1, 0, 1] * [0, 0, 2, 0] : [0, 1, 1, 2]
[2, 1, 0, 1] * [0, 0, 2, 1] : [2, 1, 0, 1]
[2, 1, 0, 1] * [0, 0, 2, 2] : [1, 1, 2, 0]
[2, 1, 0, 1] * [0, 1, 0, 0] : [2, 2, 1, 0]
[2, 1, 0, 1] * [0, 1, 0, 1] : [1, 2, 0, 2]
[2, 1, 0, 1] * [0, 1, 0, 2] : [0, 2, 2, 1]
[2, 1, 0, 1] * [0, 1, 1, 0] : [2, 1, 0, 1]
[2, 1, 0, 1] * [0, 1, 1, 1] : [1, 1, 2, 0]
[2, 1, 0, 1] * [0, 1, 1, 2] : [0, 1, 1, 2]
[2, 1, 0, 1] * [0, 1, 2, 0] : [2, 0, 2, 2]
[2, 1, 0, 1] * [0, 1, 2, 1] : [1, 0, 1, 1]
[2, 1, 0, 1] * [0, 1, 2, 2] : [0, 0, 0, 0]
[2, 1, 0, 1] * [0, 2, 0, 0] : [1, 1, 2, 0]
[2, 1, 0, 1] * [0, 2, 0, 1] : [0, 1, 1, 2]
[2, 1, 0, 1] * [0, 2, 0, 2] : [2, 1, 0, 1]
[2, 1, 0, 1] * [0, 2, 1, 0] : [1, 0, 1, 1]
[2, 1, 0, 1] * [0, 2, 1, 1] : [0, 0, 0, 0]
[2, 1, 0, 1] * [0, 2, 1, 2] : [2, 0, 2, 2]
[2, 1, 0, 1] * [0, 2, 2, 0] : [1, 2, 0, 2]
[2, 1, 0, 1] * [0, 2, 2, 1] : [0, 2, 2, 1]
[2, 1, 0, 1] * [0, 2, 2, 2] : [2, 2, 1, 0]
[2, 1, 0, 1] * [1, 0, 0, 0] : [2, 1, 0, 1]
[2, 1, 0, 1] * [1, 0, 0, 1] : [1, 1, 2, 0]
[2, 1, 0, 1] * [1, 0, 0, 2] : [0, 1, 1, 2]
[2, 1, 0, 1] * [1, 0, 1, 0] : [2, 0, 2, 2]
[2, 1, 0, 1] * [1, 0, 1, 1] : [1, 0, 1, 1]
[2, 1, 0, 1] * [1, 0, 1, 2] : [0, 0, 0, 0]
[2, 1, 0, 1] * [1, 0, 2, 0] : [2, 2, 1, 0]
[2, 1, 0, 1] * [1, 0, 2, 1] : [1, 2, 0, 2]
[2, 1, 0, 1] * [1, 0, 2, 2] : [0, 2, 2, 1]
[2, 1, 0, 1] * [1, 1, 0, 0] : [1, 0, 1, 1]
[2, 1, 0, 1] * [1, 1, 0, 1] : [0, 0, 0, 0]
[2, 1, 0, 1] * [1, 1, 0, 2] : [2, 0, 2, 2]
[2, 1, 0, 1] * [1, 1, 1, 0] : [1, 2, 0, 2]
[2, 1, 0, 1] * [1, 1, 1, 1] : [0, 2, 2, 1]
[2, 1, 0, 1] * [1, 1, 1, 2] : [2, 2, 1, 0]
[2, 1, 0, 1] * [1, 1, 2, 0] : [1, 1, 2, 0]
[2, 1, 0, 1] * [1, 1, 2, 1] : [0, 1, 1, 2]
[2, 1, 0, 1] * [1, 1, 2, 2] : [2, 1, 0, 1]
[2, 1, 0, 1] * [1, 2, 0, 0] : [0, 2, 2, 1]
[2, 1, 0, 1] * [1, 2, 0, 1] : [2, 2, 1, 0]
[2, 1, 0, 1] * [1, 2, 0, 2] : [1, 2, 0, 2]
[2, 1, 0, 1] * [1, 2, 1, 0] : [0, 1, 1, 2]
[2, 1, 0, 1] * [1, 2, 1, 1] : [2, 1, 0, 1]
[2, 1, 0, 1] * [1, 2, 1, 2] : [1, 1, 2, 0]
[2, 1, 0, 1] * [1, 2, 2, 0] : [0, 0, 0, 0]
[2, 1, 0, 1] * [1, 2, 2, 1] : [2, 0, 2, 2]
[2, 1, 0, 1] * [1, 2, 2, 2] : [1, 0, 1, 1]
[2, 1, 0, 1] * [2, 0, 0, 0] : [1, 2, 0, 2]
[2, 1, 0, 1] * [2, 0, 0, 1] : [0, 2, 2, 1]
[2, 1, 0, 1] * [2, 0, 0, 2] : [2, 2, 1, 0]
[2, 1, 0, 1] * [2, 0, 1, 0] : [1, 1, 2, 0]
[2, 1, 0, 1] * [2, 0, 1, 1] : [0, 1, 1, 2]
[2, 1, 0, 1] * [2, 0, 1, 2] : [2, 1, 0, 1]
[2, 1, 0, 1] * [2, 0, 2, 0] : [1, 0, 1, 1]
[2, 1, 0, 1] * [2, 0, 2, 1] : [0, 0, 0, 0]
[2, 1, 0, 1] * [2, 0, 2, 2] : [2, 0, 2, 2]
[2, 1, 0, 1] * [2, 1, 0, 0] : [0, 1, 1, 2]
[2, 1, 0, 1] * [2, 1, 0, 1] : [2, 1, 0, 1]
[2, 1, 0, 1] * [2, 1, 0, 2] : [1, 1, 2, 0]
[2, 1, 0, 1] * [2, 1, 1, 0] : [0, 0, 0, 0]
[2, 1, 0, 1] * [2, 1, 1, 1] : [2, 0, 2, 2]
[2, 1, 0, 1] * [2, 1, 1, 2] : [1, 0, 1, 1]
[2, 1, 0, 1] * [2, 1, 2, 0] : [0, 2, 2, 1]
[2, 1, 0, 1] * [2, 1, 2, 1] : [2, 2, 1, 0]
[2, 1, 0, 1] * [2, 1, 2, 2] : [1, 2, 0, 2]
[2, 1, 0, 1] * [2, 2, 0, 0] : [2, 0, 2, 2]
[2, 1, 0, 1] * [2, 2, 0, 1] : [1, 0, 1, 1]
[2, 1, 0, 1] * [2, 2, 0, 2] : [0, 0, 0, 0]
[2, 1, 0, 1] * [2, 2, 1, 0] : [2, 2, 1, 0]
[2, 1, 0, 1] * [2, 2, 1, 1] : [1, 2, 0, 2]
[2, 1, 0, 1] * [2, 2, 1, 2] : [0, 2, 2, 1]
[2, 1, 0, 1] * [2, 2, 2, 0] : [2, 1, 0, 1]
[2, 1, 0, 1] * [2, 2, 2, 1] : [1, 1, 2, 0]
[2, 1, 0, 1] * [2, 2, 2, 2] : [0, 1, 1, 2]
[2, 1, 0, 2] * [0, 0, 0, 0] : [0, 0, 0, 0]
[2, 1, 0, 2] * [0, 0, 0, 1] : [1, 0, 2, 2]
[2, 1, 0, 2] * [0, 0, 0, 2] : [2, 0, 1, 1]
[2, 1, 0, 2] * [0, 0, 1, 0] : [0, 1, 2, 1]
[2, 1, 0, 2] * [0, 0, 1, 1] : [1, 1, 1, 0]
[2, 1, 0, 2] * [0, 0, 1, 2] : [2, 1, 0, 2]
[2, 1, 0, 2] * [0, 0, 2, 0] : [0, 2, 1, 2]
[2, 1, 0, 2] * [0, 0, 2, 1] : [1, 2, 0, 1]
[2, 1, 0, 2] * [0, 0, 2, 2] : [2, 2, 2, 0]
[2, 1, 0, 2] * [0, 1, 0, 0] : [2, 2, 2, 0]
[2, 1, 0, 2] * [0, 1, 0, 1] : [0, 2, 1, 2]
[2, 1, 0, 2] * [0, 1, 0, 2] : [1, 2, 0, 1]
[2, 1, 0, 2] * [0, 1, 1, 0] : [2, 0, 1, 1]
[2, 1, 0, 2] * [0, 1, 1, 1] : [0, 0, 0, 0]
[2, 1, 0, 2] * [0, 1, 1, 2] : [1, 0, 2, 2]
[2, 1, 0, 2] * [0, 1, 2, 0] : [2, 1, 0, 2]
[2, 1, 0, 2] * [0, 1, 2, 1] : [0, 1, 2, 1]
[2, 1, 0, 2] * [0, 1, 2, 2] : [1, 1, 1, 0]
[2, 1, 0, 2] * [0, 2, 0, 0] : [1, 1, 1, 0]
[2, 1, 0, 2] * [0, 2, 0, 1] : [2, 1, 0, 2]
[2, 1, 0, 2] * [0, 2, 0, 2] : [0, 1, 2, 1]
[2, 1, 0, 2] * [0, 2, 1, 0] : [1, 2, 0, 1]
[2, 1, 0, 2] * [0, 2, 1, 1] : [2, 2, 2, 0]
[2, 1, 0, 2] * [0, 2, 1, 2] : [0, 2, 1, 2]
[2, 1, 0, 2] * [0, 2, 2, 0] : [1, 0, 2, 2]
[2, 1, 0, 2] * [0, 2, 2, 1] : [2, 0, 1, 1]
[2, 1, 0, 2] * [0, 2, 2, 2] : [0, 0, 0, 0]
[2, 1, 0, 2] * [1, 0, 0, 0] : [2, 1, 0, 2]
[2, 1, 0, 2] * [1, 0, 0, 1] : [0, 1, 2, 1]
[2, 1, 0, 2] * [1, 0, 0, 2] : [1, 1, 1, 0]
[2, 1, 0, 2] * [1, 0, 1, 0] : [2, 2, 2, 0]
[2, 1, 0, 2] * [1, 0, 1, 1] : [0, 2, 1, 2]
[2, 1, 0, 2] * [1, 0, 1, 2] : [1, 2, 0, 1]
[2, 1, 0, 2] * [1, 0, 2, 0] : [2, 0, 1, 1]
[2, 1, 0, 2] * [1, 0, 2, 1] : [0, 0, 0, 0]
[2, 1, 0, 2] * [1, 0, 2, 2] : [1, 0, 2, 2]
[2, 1, 0, 2] * [1, 1, 0, 0] : [1, 0, 2, 2]
[2, 1, 0, 2] * [1, 1, 0, 1] : [2, 0, 1, 1]
[2, 1, 0, 2] * [1, 1, 0, 2] : [0, 0, 0, 0]
[2, 1, 0, 2] * [1, 1, 1, 0] : [1, 1, 1, 0]
[2, 1, 0, 2] * [1, 1, 1, 1] : [2, 1, 0, 2]
[2, 1, 0, 2] * [1, 1, 1, 2] : [0, 1, 2, 1]
[2, 1, 0, 2] * [1, 1, 2, 0] : [1, 2, 0, 1]
[2, 1, 0, 2] * [1, 1, 2, 1] : [2, 2, 2, 0]
[2, 1, 0, 2] * [1, 1, 2, 2] : [0, 2, 1, 2]
[2, 1, 0, 2] * [1, 2, 0, 0] : [0, 2, 1, 2]
[2, 1, 0, 2] * [1, 2, 0, 1] : [1, 2, 0, 1]
[2, 1, 0, 2] * [1, 2, 0, 2] : [2, 2, 2, 0]
[2, 1, 0, 2] * [1, 2, 1, 0] : [0, 0, 0, 0]
[2, 1, 0, 2] * [1, 2, 1, 1] : [1, 0, 2, 2]
[2, 1, 0, 2] * [1, 2, 1, 2] : [2, 0, 1, 1]
[2, 1, 0, 2] * [1, 2, 2, 0] : [0, 1, 2, 1]
[2, 1, 0, 2] * [1, 2, 2, 1] : [1, 1, 1, 0]
[2, 1, 0, 2] * [1, 2, 2, 2] : [2, 1, 0, 2]
[2, 1, 0, 2] * [2, 0, 0, 0] : [1, 2, 0, 1]
[2, 1, 0, 2] * [2, 0, 0, 1] : [2, 2, 2, 0]
[2, 1, 0, 2] * [2, 0, 0, 2] : [0, 2, 1, 2]
[2, 1, 0, 2] * [2, 0, 1, 0] : [1, 0, 2, 2]
[2, 1, 0, 2] * [2, 0, 1, 1] : [2, 0, 1, 1]
[2, 1, 0, 2] * [2, 0, 1, 2] : [0, 0, 0, 0]
[2, 1, 0, 2] * [2, 0, 2, 0] : [1, 1, 1, 0]
[2, 1, 0, 2] * [2, 0, 2, 1] : [2, 1, 0, 2]
[2, 1, 0, 2] * [2, 0, 2, 2] : [0, 1, 2, 1]
[2, 1, 0, 2] * [2, 1, 0, 0] : [0, 1, 2, 1]
[2, 1, 0, 2] * [2, 1, 0, 1] : [1, 1, 1, 0]
[2, 1, 0, 2] * [2, 1, 0, 2] : [2, 1, 0, 2]
[2, 1, 0, 2] * [2, 1, 1, 0] : [0, 2, 1, 2]
[2, 1, 0, 2] * [2, 1, 1, 1] : [1, 2, 0, 1]
[2, 1, 0, 2] * [2, 1, 1, 2] : [2, 2, 2, 0]
[2, 1, 0, 2] * [2, 1, 2, 0] : [0, 0, 0, 0]
[2, 1, 0, 2] * [2, 1, 2, 1] : [1, 0, 2, 2]
[2, 1, 0, 2] * [2, 1, 2, 2] : [2, 0, 1, 1]
[2, 1, 0, 2] * [2, 2, 0, 0] : [2, 0, 1, 1]
[2, 1, 0, 2] * [2, 2, 0, 1] : [0, 0, 0, 0]
[2, 1, 0, 2] * [2, 2, 0, 2] : [1, 0, 2, 2]
[2, 1, 0, 2] * [2, 2, 1, 0] : [2, 1, 0, 2]
[2, 1, 0, 2] * [2, 2, 1, 1] : [0, 1, 2, 1]
[2, 1, 0, 2] * [2, 2, 1, 2] : [1, 1, 1, 0]
[2, 1, 0, 2] * [2, 2, 2, 0] : [2, 2, 2, 0]
[2, 1, 0, 2] * [2, 2, 2, 1] : [0, 2, 1, 2]
[2, 1, 0, 2] * [2, 2, 2, 2] : [1, 2, 0, 1]
[2, 1, 1, 0] * [0, 0, 0, 0] : [0, 0, 0, 0]
[2, 1, 1, 0] * [0, 0, 0, 1] : [0, 1, 2, 2]
[2, 1, 1, 0] * [0, 0, 0, 2] : [0, 2, 1, 1]
[2, 1, 1, 0] * [0, 0, 1, 0] : [2, 0, 2, 1]
[2, 1, 1, 0] * [0, 0, 1, 1] : [2, 1, 1, 0]
[2, 1, 1, 0] * [0, 0, 1, 2] : [2, 2, 0, 2]
[2, 1, 1, 0] * [0, 0, 2, 0] : [1, 0, 1, 2]
[2, 1, 1, 0] * [0, 0, 2, 1] : [1, 1, 0, 1]
[2, 1, 1, 0] * [0, 0, 2, 2] : [1, 2, 2, 0]
[2, 1, 1, 0] * [0, 1, 0, 0] : [2, 2, 0, 2]
[2, 1, 1, 0] * [0, 1, 0, 1] : [2, 0, 2, 1]
[2, 1, 1, 0] * [0, 1, 0, 2] : [2, 1, 1, 0]
[2, 1, 1, 0] * [0, 1, 1, 0] : [1, 2, 2, 0]
[2, 1, 1, 0] * [0, 1, 1, 1] : [1, 0, 1, 2]
[2, 1, 1, 0] * [0, 1, 1, 2] : [1, 1, 0, 1]
[2, 1, 1, 0] * [0, 1, 2, 0] : [0, 2, 1, 1]
[2, 1, 1, 0] * [0, 1, 2, 1] : [0, 0, 0, 0]
[2, 1, 1, 0] * [0, 1, 2, 2] : [0, 1, 2, 2]
[2, 1, 1, 0] * [0, 2, 0, 0] : [1, 1, 0, 1]
[2, 1, 1, 0] * [0, 2, 0, 1] : [1, 2, 2, 0]
[2, 1, 1, 0] * [0, 2, 0, 2] : [1, 0, 1, 2]
[2, 1, 1, 0] * [0, 2, 1, 0] : [0, 1, 2, 2]
[2, 1, 1, 0] * [0, 2, 1, 1] : [0, 2, 1, 1]
[2, 1, 1, 0] * [0, 2, 1, 2] : [0, 0, 0, 0]
[2, 1, 1, 0] * [0, 2, 2, 0] : [2, 1, 1, 0]
[2, 1, 1, 0] * [0, 2, 2, 1] : [2, 2, 0, 2]
[2, 1, 1, 0] * [0, 2, 2, 2] : [2, 0, 2, 1]
[2, 1, 1, 0] * [1, 0, 0, 0] : [2, 1, 1, 0]
[2, 1, 1, 0] * [1, 0, 0, 1] : [2, 2, 0, 2]
[2, 1, 1, 0] * [1, 0, 0, 2] : [2, 0, 2, 1]
[2, 1, 1, 0] * [1, 0, 1, 0] : [1, 1, 0, 1]
[2, 1, 1, 0] * [1, 0, 1, 1] : [1, 2, 2, 0]
[2, 1, 1, 0] * [1, 0, 1, 2] : [1, 0, 1, 2]
[2, 1, 1, 0] * [1, 0, 2, 0] : [0, 1, 2, 2]
[2, 1, 1, 0] * [1, 0, 2, 1] : [0, 2, 1, 1]
[2, 1, 1, 0] * [1, 0, 2, 2] : [0, 0, 0, 0]
[2, 1, 1, 0] * [1, 1, 0, 0] : [1, 0, 1, 2]
[2, 1, 1, 0] * [1, 1, 0, 1] : [1, 1, 0, 1]
[2, 1, 1, 0] * [1, 1, 0, 2] : [1, 2, 2, 0]
[2, 1, 1, 0] * [1, 1, 1, 0] : [0, 0, 0, 0]
[2, 1, 1, 0] * [1, 1, 1, 1] : [0, 1, 2, 2]
[2, 1, 1, 0] * [1, 1, 1, 2] : [0, 2, 1, 1]
[2, 1, 1, 0] * [1, 1, 2, 0] : [2, 0, 2, 1]
[2, 1, 1, 0] * [1, 1, 2, 1] : [2, 1, 1, 0]
[2, 1, 1, 0] * [1, 1, 2, 2] : [2, 2, 0, 2]
[2, 1, 1, 0] * [1, 2, 0, 0] : [0, 2, 1, 1]
[2, 1, 1, 0] * [1, 2, 0, 1] : [0, 0, 0, 0]
[2, 1, 1, 0] * [1, 2, 0, 2] : [0, 1, 2, 2]
[2, 1, 1, 0] * [1, 2, 1, 0] : [2, 2, 0, 2]
[2, 1, 1, 0] * [1, 2, 1, 1] : [2, 0, 2, 1]
[2, 1, 1, 0] * [1, 2, 1, 2] : [2, 1, 1, 0]
[2, 1, 1, 0] * [1, 2, 2, 0] : [1, 2, 2, 0]
[2, 1, 1, 0] * [1, 2, 2, 1] : [1, 0, 1, 2]
[2, 1, 1, 0] * [1, 2, 2, 2] : [1, 1, 0, 1]
[2, 1, 1, 0] * [2, 0, 0, 0] : [1, 2, 2, 0]
[2, 1, 1, 0] * [2, 0, 0, 1] : [1, 0, 1, 2]
[2, 1, 1, 0] * [2, 0, 0, 2] : [1, 1, 0, 1]
[2, 1, 1, 0] * [2, 0, 1, 0] : [0, 2, 1, 1]
[2, 1, 1, 0] * [2, 0, 1, 1] : [0, 0, 0, 0]
[2, 1, 1, 0] * [2, 0, 1, 2] : [0, 1, 2, 2]
[2, 1, 1, 0] * [2, 0, 2, 0] : [2, 2, 0, 2]
[2, 1, 1, 0] * [2, 0, 2, 1] : [2, 0, 2, 1]
[2, 1, 1, 0] * [2, 0, 2, 2] : [2, 1, 1, 0]
[2, 1, 1, 0] * [2, 1, 0, 0] : [0, 1, 2, 2]
[2, 1, 1, 0] * [2, 1, 0, 1] : [0, 2, 1, 1]
[2, 1, 1, 0] * [2, 1, 0, 2] : [0, 0, 0, 0]
[2, 1, 1, 0] * [2, 1, 1, 0] : [2, 1, 1, 0]
[2, 1, 1, 0] * [2, 1, 1, 1] : [2, 2, 0, 2]
[2, 1, 1, 0] * [2, 1, 1, 2] : [2, 0, 2, 1]
[2, 1, 1, 0] * [2, 1, 2, 0] : [1, 1, 0, 1]
[2, 1, 1, 0] * [2, 1, 2, 1] : [1, 2, 2, 0]
[2, 1, 1, 0] * [2, 1, 2, 2] : [1, 0, 1, 2]
[2, 1, 1, 0] * [2, 2, 0, 0] : [2, 0, 2, 1]
[2, 1, 1, 0] * [2, 2, 0, 1] : [2, 1, 1, 0]
[2, 1, 1, 0] * [2, 2, 0, 2] : [2, 2, 0, 2]
[2, 1, 1, 0] * [2, 2, 1, 0] : [1, 0, 1, 2]
[2, 1, 1, 0] * [2, 2, 1, 1] : [1, 1, 0, 1]
[2, 1, 1, 0] * [2, 2, 1, 2] : [1, 2, 2, 0]
[2, 1, 1, 0] * [2, 2, 2, 0] : [0, 0, 0, 0]
[2, 1, 1, 0] * [2, 2, 2, 1] : [0, 1, 2, 2]
[2, 1, 1, 0] * [2, 2, 2, 2] : [0, 2, 1, 1]
[2, 1, 1, 1] * [0, 0, 0, 0] : [0, 0, 0, 0]
[2, 1, 1, 1] * [0, 0, 0, 1] : [2, 1, 2, 2]
[2, 1, 1, 1] * [0, 0, 0, 2] : [1, 2, 1, 1]
[2, 1, 1, 1] * [0, 0, 1, 0] : [2, 2, 2, 1]
[2, 1, 1, 1] * [0, 0, 1, 1] : [1, 0, 1, 0]
[2, 1, 1, 1] * [0, 0, 1, 2] : [0, 1, 0, 2]
[2, 1, 1, 1] * [0, 0, 2, 0] : [1, 1, 1, 2]
[2, 1, 1, 1] * [0, 0, 2, 1] : [0, 2, 0, 1]
[2, 1, 1, 1] * [0, 0, 2, 2] : [2, 0, 2, 0]
[2, 1, 1, 1] * [0, 1, 0, 0] : [2, 2, 1, 2]
[2, 1, 1, 1] * [0, 1, 0, 1] : [1, 0, 0, 1]
[2, 1, 1, 1] * [0, 1, 0, 2] : [0, 1, 2, 0]
[2, 1, 1, 1] * [0, 1, 1, 0] : [1, 1, 0, 0]
[2, 1, 1, 1] * [0, 1, 1, 1] : [0, 2, 2, 2]
[2, 1, 1, 1] * [0, 1, 1, 2] : [2, 0, 1, 1]
[2, 1, 1, 1] * [0, 1, 2, 0] : [0, 0, 2, 1]
[2, 1, 1, 1] * [0, 1, 2, 1] : [2, 1, 1, 0]
[2, 1, 1, 1] * [0, 1, 2, 2] : [1, 2, 0, 2]
[2, 1, 1, 1] * [0, 2, 0, 0] : [1, 1, 2, 1]
[2, 1, 1, 1] * [0, 2, 0, 1] : [0, 2, 1, 0]
[2, 1, 1, 1] * [0, 2, 0, 2] : [2, 0, 0, 2]
[2, 1, 1, 1] * [0, 2, 1, 0] : [0, 0, 1, 2]
[2, 1, 1, 1] * [0, 2, 1, 1] : [2, 1, 0, 1]
[2, 1, 1, 1] * [0, 2, 1, 2] : [1, 2, 2, 0]
[2, 1, 1, 1] * [0, 2, 2, 0] : [2, 2, 0, 0]
[2, 1, 1, 1] * [0, 2, 2, 1] : [1, 0, 2, 2]
[2, 1, 1, 1] * [0, 2, 2, 2] : [0, 1, 1, 1]
[2, 1, 1, 1] * [1, 0, 0, 0] : [2, 1, 1, 1]
[2, 1, 1, 1] * [1, 0, 0, 1] : [1, 2, 0, 0]
[2, 1, 1, 1] * [1, 0, 0, 2] : [0, 0, 2, 2]
[2, 1, 1, 1] * [1, 0, 1, 0] : [1, 0, 0, 2]
[2, 1, 1, 1] * [1, 0, 1, 1] : [0, 1, 2, 1]
[2, 1, 1, 1] * [1, 0, 1, 2] : [2, 2, 1, 0]
[2, 1, 1, 1] * [1, 0, 2, 0] : [0, 2, 2, 0]
[2, 1, 1, 1] * [1, 0, 2, 1] : [2, 0, 1, 2]
[2, 1, 1, 1] * [1, 0, 2, 2] : [1, 1, 0, 1]
[2, 1, 1, 1] * [1, 1, 0, 0] : [1, 0, 2, 0]
[2, 1, 1, 1] * [1, 1, 0, 1] : [0, 1, 1, 2]
[2, 1, 1, 1] * [1, 1, 0, 2] : [2, 2, 0, 1]
[2, 1, 1, 1] * [1, 1, 1, 0] : [0, 2, 1, 1]
[2, 1, 1, 1] * [1, 1, 1, 1] : [2, 0, 0, 0]
[2, 1, 1, 1] * [1, 1, 1, 2] : [1, 1, 2, 2]
[2, 1, 1, 1] * [1, 1, 2, 0] : [2, 1, 0, 2]
[2, 1, 1, 1] * [1, 1, 2, 1] : [1, 2, 2, 1]
[2, 1, 1, 1] * [1, 1, 2, 2] : [0, 0, 1, 0]
[2, 1, 1, 1] * [1, 2, 0, 0] : [0, 2, 0, 2]
[2, 1, 1, 1] * [1, 2, 0, 1] : [2, 0, 2, 1]
[2, 1, 1, 1] * [1, 2, 0, 2] : [1, 1, 1, 0]
[2, 1, 1, 1] * [1, 2, 1, 0] : [2, 1, 2, 0]
[2, 1, 1, 1] * [1, 2, 1, 1] : [1, 2, 1, 2]
[2, 1, 1, 1] * [1, 2, 1, 2] : [0, 0, 0, 1]
[2, 1, 1, 1] * [1, 2, 2, 0] : [1, 0, 1, 1]
[2, 1, 1, 1] * [1, 2, 2, 1] : [0, 1, 0, 0]
[2, 1, 1, 1] * [1, 2, 2, 2] : [2, 2, 2, 2]
[2, 1, 1, 1] * [2, 0, 0, 0] : [1, 2, 2, 2]
[2, 1, 1, 1] * [2, 0, 0, 1] : [0, 0, 1, 1]
[2, 1, 1, 1] * [2, 0, 0, 2] : [2, 1, 0, 0]
[2, 1, 1, 1] * [2, 0, 1, 0] : [0, 1, 1, 0]
[2, 1, 1, 1] * [2, 0, 1, 1] : [2, 2, 0, 2]
[2, 1, 1, 1] * [2, 0, 1, 2] : [1, 0, 2, 1]
[2, 1, 1, 1] * [2, 0, 2, 0] : [2, 0, 0, 1]
[2, 1, 1, 1] * [2, 0, 2, 1] : [1, 1, 2, 0]
[2, 1, 1, 1] * [2, 0, 2, 2] : [0, 2, 1, 2]
[2, 1, 1, 1] * [2, 1, 0, 0] : [0, 1, 0, 1]
[2, 1, 1, 1] * [2, 1, 0, 1] : [2, 2, 2, 0]
[2, 1, 1, 1] * [2, 1, 0, 2] : [1, 0, 1, 2]
[2, 1, 1, 1] * [2, 1, 1, 0] : [2, 0, 2, 2]
[2, 1, 1, 1] * [2, 1, 1, 1] : [1, 1, 1, 1]
[2, 1, 1, 1] * [2, 1, 1, 2] : [0, 2, 0, 0]
[2, 1, 1, 1] * [2, 1, 2, 0] : [1, 2, 1, 0]
[2, 1, 1, 1] * [2, 1, 2, 1] : [0, 0, 0, 2]
[2, 1, 1, 1] * [2, 1, 2, 2] : [2, 1, 2, 1]
[2, 1, 1, 1] * [2, 2, 0, 0] : [2, 0, 1, 0]
[2, 1, 1, 1] * [2, 2, 0, 1] : [1, 1, 0, 2]
[2, 1, 1, 1] * [2, 2, 0, 2] : [0, 2, 2, 1]
[2, 1, 1, 1] * [2, 2, 1, 0] : [1, 2, 0, 1]
[2, 1, 1, 1] * [2, 2, 1, 1] : [0, 0, 2, 0]
[2, 1, 1, 1] * [2, 2, 1, 2] : [2, 1, 1, 2]
[2, 1, 1, 1] * [2, 2, 2, 0] : [0, 1, 2, 2]
[2, 1, 1, 1] * [2, 2, 2, 1] : [2, 2, 1, 1]
[2, 1, 1, 1] * [2, 2, 2, 2] : [1, 0, 0, 0]
[2, 1, 1, 2] * [0, 0, 0, 0] : [0, 0, 0, 0]
[2, 1, 1, 2] * [0, 0, 0, 1] : [1, 1, 2, 2]
[2, 1, 1, 2] * [0, 0, 0, 2] : [2, 2, 1, 1]
[2, 1, 1, 2] * [0, 0, 1, 0] : [2, 1, 2, 1]
[2, 1, 1, 2] * [0, 0, 1, 1] : [0, 2, 1, 0]
[2, 1, 1, 2] * [0, 0, 1, 2] : [1, 0, 0, 2]
[2, 1, 1, 2] * [0, 0, 2, 0] : [1, 2, 1, 2]
[2, 1, 1, 2] * [0, 0, 2, 1] : [2, 0, 0, 1]
[2, 1, 1, 2] * [0, 0, 2, 2] : [0, 1, 2, 0]
[2, 1, 1, 2] * [0, 1, 0, 0] : [2, 2, 2, 2]
[2, 1, 1, 2] * [0, 1, 0, 1] : [0, 0, 1, 1]
[2, 1, 1, 2] * [0, 1, 0, 2] : [1, 1, 0, 0]
[2, 1, 1, 2] * [0, 1, 1, 0] : [1, 0, 1, 0]
[2, 1, 1, 2] * [0, 1, 1, 1] : [2, 1, 0, 2]
[2, 1, 1, 2] * [0, 1, 1, 2] : [0, 2, 2, 1]
[2, 1, 1, 2] * [0, 1, 2, 0] : [0, 1, 0, 1]
[2, 1, 1, 2] * [0, 1, 2, 1] : [1, 2, 2, 0]
[2, 1, 1, 2] * [0, 1, 2, 2] : [2, 0, 1, 2]
[2, 1, 1, 2] * [0, 2, 0, 0] : [1, 1, 1, 1]
[2, 1, 1, 2] * [0, 2, 0, 1] : [2, 2, 0, 0]
[2, 1, 1, 2] * [0, 2, 0, 2] : [0, 0, 2, 2]
[2, 1, 1, 2] * [0, 2, 1, 0] : [0, 2, 0, 2]
[2, 1, 1, 2] * [0, 2, 1, 1] : [1, 0, 2, 1]
[2, 1, 1, 2] * [0, 2, 1, 2] : [2, 1, 1, 0]
[2, 1, 1, 2] * [0, 2, 2, 0] : [2, 0, 2, 0]
[2, 1, 1, 2] * [0, 2, 2, 1] : [0, 1, 1, 2]
[2, 1, 1, 2] * [0, 2, 2, 2] : [1, 2, 0, 1]
[2, 1, 1, 2] * [1, 0, 0, 0] : [2, 1, 1, 2]
[2, 1, 1, 2] * [1, 0, 0, 1] : [0, 2, 0, 1]
[2, 1, 1, 2] * [1, 0, 0, 2] : [1, 0, 2, 0]
[2, 1, 1, 2] * [1, 0, 1, 0] : [1, 2, 0, 0]
[2, 1, 1, 2] * [1, 0, 1, 1] : [2, 0, 2, 2]
[2, 1, 1, 2] * [1, 0, 1, 2] : [0, 1, 1, 1]
[2, 1, 1, 2] * [1, 0, 2, 0] : [0, 0, 2, 1]
[2, 1, 1, 2] * [1, 0, 2, 1] : [1, 1, 1, 0]
[2, 1, 1, 2] * [1, 0, 2, 2] : [2, 2, 0, 2]
[2, 1, 1, 2] * [1, 1, 0, 0] : [1, 0, 0, 1]
[2, 1, 1, 2] * [1, 1, 0, 1] : [2, 1, 2, 0]
[2, 1, 1, 2] * [1, 1, 0, 2] : [0, 2, 1, 2]
[2, 1, 1, 2] * [1, 1, 1, 0] : [0, 1, 2, 2]
[2, 1, 1, 2] * [1, 1, 1, 1] : [1, 2, 1, 1]
[2, 1, 1, 2] * [1, 1, 1, 2] : [2, 0, 0, 0]
[2, 1, 1, 2] * [1, 1, 2, 0] : [2, 2, 1, 0]
[2, 1, 1, 2] * [1, 1, 2, 1] : [0, 0, 0, 2]
[2, 1, 1, 2] * [1, 1, 2, 2] : [1, 1, 2, 1]
[2, 1, 1, 2] * [1, 2, 0, 0] : [0, 2, 2, 0]
[2, 1, 1, 2] * [1, 2, 0, 1] : [1, 0, 1, 2]
[2, 1, 1, 2] * [1, 2, 0, 2] : [2, 1, 0, 1]
[2, 1, 1, 2] * [1, 2, 1, 0] : [2, 0, 1, 1]
[2, 1, 1, 2] * [1, 2, 1, 1] : [0, 1, 0, 0]
[2, 1, 1, 2] * [1, 2, 1, 2] : [1, 2, 2, 2]
[2, 1, 1, 2] * [1, 2, 2, 0] : [1, 1, 0, 2]
[2, 1, 1, 2] * [1, 2, 2, 1] : [2, 2, 2, 1]
[2, 1, 1, 2] * [1, 2, 2, 2] : [0, 0, 1, 0]
[2, 1, 1, 2] * [2, 0, 0, 0] : [1, 2, 2, 1]
[2, 1, 1, 2] * [2, 0, 0, 1] : [2, 0, 1, 0]
[2, 1, 1, 2] * [2, 0, 0, 2] : [0, 1, 0, 2]
[2, 1, 1, 2] * [2, 0, 1, 0] : [0, 0, 1, 2]
[2, 1, 1, 2] * [2, 0, 1, 1] : [1, 1, 0, 1]
[2, 1, 1, 2] * [2, 0, 1, 2] : [2, 2, 2, 0]
[2, 1, 1, 2] * [2, 0, 2, 0] : [2, 1, 0, 0]
[2, 1, 1, 2] * [2, 0, 2, 1] : [0, 2, 2, 2]
[2, 1, 1, 2] * [2, 0, 2, 2] : [1, 0, 1, 1]
[2, 1, 1, 2] * [2, 1, 0, 0] : [0, 1, 1, 0]
[2, 1, 1, 2] * [2, 1, 0, 1] : [1, 2, 0, 2]
[2, 1, 1, 2] * [2, 1, 0, 2] : [2, 0, 2, 1]
[2, 1, 1, 2] * [2, 1, 1, 0] : [2, 2, 0, 1]
[2, 1, 1, 2] * [2, 1, 1, 1] : [0, 0, 2, 0]
[2, 1, 1, 2] * [2, 1, 1, 2] : [1, 1, 1, 2]
[2, 1, 1, 2] * [2, 1, 2, 0] : [1, 0, 2, 2]
[2, 1, 1, 2] * [2, 1, 2, 1] : [2, 1, 1, 1]
[2, 1, 1, 2] * [2, 1, 2, 2] : [0, 2, 0, 0]
[2, 1, 1, 2] * [2, 2, 0, 0] : [2, 0, 0, 2]
[2, 1, 1, 2] * [2, 2, 0, 1] : [0, 1, 2, 1]
[2, 1, 1, 2] * [2, 2, 0, 2] : [1, 2, 1, 0]
[2, 1, 1, 2] * [2, 2, 1, 0] : [1, 1, 2, 0]
[2, 1, 1, 2] * [2, 2, 1, 1] : [2, 2, 1, 2]
[2, 1, 1, 2] * [2, 2, 1, 2] : [0, 0, 0, 1]
[2, 1, 1, 2] * [2, 2, 2, 0] : [0, 2, 1, 1]
[2, 1, 1, 2] * [2, 2, 2, 1] : [1, 0, 0, 0]
[2, 1, 1, 2] * [2, 2, 2, 2] : [2, 1, 2, 2]
[2, 1, 2, 0] * [0, 0, 0, 0] : [0, 0, 0, 0]
[2, 1, 2, 0] * [0, 0, 0, 1] : [0, 2, 2, 2]
[2, 1, 2, 0] * [0, 0, 0, 2] : [0, 1, 1, 1]
[2, 1, 2, 0] * [0, 0, 1, 0] : [1, 0, 2, 1]
[2, 1, 2, 0] * [0, 0, 1, 1] : [1, 2, 1, 0]
[2, 1, 2, 0] * [0, 0, 1, 2] : [1, 1, 0, 2]
[2, 1, 2, 0] * [0, 0, 2, 0] : [2, 0, 1, 2]
[2, 1, 2, 0] * [0, 0, 2, 1] : [2, 2, 0, 1]
[2, 1, 2, 0] * [0, 0, 2, 2] : [2, 1, 2, 0]
[2, 1, 2, 0] * [0, 1, 0, 0] : [2, 2, 0, 1]
[2, 1, 2, 0] * [0, 1, 0, 1] : [2, 1, 2, 0]
[2, 1, 2, 0] * [0, 1, 0, 2] : [2, 0, 1, 2]
[2, 1, 2, 0] * [0, 1, 1, 0] : [0, 2, 2, 2]
[2, 1, 2, 0] * [0, 1, 1, 1] : [0, 1, 1, 1]
[2, 1, 2, 0] * [0, 1, 1, 2] : [0, 0, 0, 0]
[2, 1, 2, 0] * [0, 1, 2, 0] : [1, 2, 1, 0]
[2, 1, 2, 0] * [0, 1, 2, 1] : [1, 1, 0, 2]
[2, 1, 2, 0] * [0, 1, 2, 2] : [1, 0, 2, 1]
[2, 1, 2, 0] * [0, 2, 0, 0] : [1, 1, 0, 2]
[2, 1, 2, 0] * [0, 2, 0, 1] : [1, 0, 2, 1]
[2, 1, 2, 0] * [0, 2, 0, 2] : [1, 2, 1, 0]
[2, 1, 2, 0] * [0, 2, 1, 0] : [2, 1, 2, 0]
[2, 1, 2, 0] * [0, 2, 1, 1] : [2, 0, 1, 2]
[2, 1, 2, 0] * [0, 2, 1, 2] : [2, 2, 0, 1]
[2, 1, 2, 0] * [0, 2, 2, 0] : [0, 1, 1, 1]
[2, 1, 2, 0] * [0, 2, 2, 1] : [0, 0, 0, 0]
[2, 1, 2, 0] * [0, 2, 2, 2] : [0, 2, 2, 2]
[2, 1, 2, 0] * [1, 0, 0, 0] : [2, 1, 2, 0]
[2, 1, 2, 0] * [1, 0, 0, 1] : [2, 0, 1, 2]
[2, 1, 2, 0] * [1, 0, 0, 2] : [2, 2, 0, 1]
[2, 1, 2, 0] * [1, 0, 1, 0] : [0, 1, 1, 1]
[2, 1, 2, 0] * [1, 0, 1, 1] : [0, 0, 0, 0]
[2, 1, 2, 0] * [1, 0, 1, 2] : [0, 2, 2, 2]
[2, 1, 2, 0] * [1, 0, 2, 0] : [1, 1, 0, 2]
[2, 1, 2, 0] * [1, 0, 2, 1] : [1, 0, 2, 1]
[2, 1, 2, 0] * [1, 0, 2, 2] : [1, 2, 1, 0]
[2, 1, 2, 0] * [1, 1, 0, 0] : [1, 0, 2, 1]
[2, 1, 2, 0] * [1, 1, 0, 1] : [1, 2, 1, 0]
[2, 1, 2, 0] * [1, 1, 0, 2] : [1, 1, 0, 2]
[2, 1, 2, 0] * [1, 1, 1, 0] : [2, 0, 1, 2]
[2, 1, 2, 0] * [1, 1, 1, 1] : [2, 2, 0, 1]
[2, 1, 2, 0] * [1, 1, 1, 2] : [2, 1, 2, 0]
[2, 1, 2, 0] * [1, 1, 2, 0] : [0, 0, 0, 0]
[2, 1, 2, 0] * [1, 1, 2, 1] : [0, 2, 2, 2]
[2, 1, 2, 0] * [1, 1, 2, 2] : [0, 1, 1, 1]
[2, 1, 2, 0] * [1, 2, 0, 0] : [0, 2, 2, 2]
[2, 1, 2, 0] * [1, 2, 0, 1] : [0, 1, 1, 1]
[2, 1, 2, 0] * [1, 2, 0, 2] : [0, 0, 0, 0]
[2, 1, 2, 0] * [1, 2, 1, 0] : [1, 2, 1, 0]
[2, 1, 2, 0] * [1, 2, 1, 1] : [1, 1, 0, 2]
[2, 1, 2, 0] * [1, 2, 1, 2] : [1, 0, 2, 1]
[2, 1, 2, 0] * [1, 2, 2, 0] : [2, 2, 0, 1]
[2, 1, 2, 0] * [1, 2, 2, 1] : [2, 1, 2, 0]
[2, 1, 2, 0] * [1, 2, 2, 2] : [2, 0, 1, 2]
[2, 1, 2, 0] * [2, 0, 0, 0] : [1, 2, 1, 0]
[2, 1, 2, 0] * [2, 0, 0, 1] : [1, 1, 0, 2]
[2, 1, 2, 0] * [2, 0, 0, 2] : [1, 0, 2, 1]
[2, 1, 2, 0] * [2, 0, 1, 0] : [2, 2, 0, 1]
[2, 1, 2, 0] * [2, 0, 1, 1] : [2, 1, 2, 0]
[2, 1, 2, 0] * [2, 0, 1, 2] : [2, 0, 1, 2]
[2, 1, 2, 0] * [2, 0, 2, 0] : [0, 2, 2, 2]
[2, 1, 2, 0] * [2, 0, 2, 1] : [0, 1, 1, 1]
[2, 1, 2, 0] * [2, 0, 2, 2] : [0, 0, 0, 0]
[2, 1, 2, 0] * [2, 1, 0, 0] : [0, 1, 1, 1]
[2, 1, 2, 0] * [2, 1, 0, 1] : [0, 0, 0, 0]
[2, 1, 2, 0] * [2, 1, 0, 2] : [0, 2, 2, 2]
[2, 1, 2, 0] * [2, 1, 1, 0] : [1, 1, 0, 2]
[2, 1, 2, 0] * [2, 1, 1, 1] : [1, 0, 2, 1]
[2, 1, 2, 0] * [2, 1, 1, 2] : [1, 2, 1, 0]
[2, 1, 2, 0] * [2, 1, 2, 0] : [2, 1, 2, 0]
[2, 1, 2, 0] * [2, 1, 2, 1] : [2, 0, 1, 2]
[2, 1, 2, 0] * [2, 1, 2, 2] : [2, 2, 0, 1]
[2, 1, 2, 0] * [2, 2, 0, 0] : [2, 0, 1, 2]
[2, 1, 2, 0] * [2, 2, 0, 1] : [2, 2, 0, 1]
[2, 1, 2, 0] * [2, 2, 0, 2] : [2, 1, 2, 0]
[2, 1, 2, 0] * [2, 2, 1, 0] : [0, 0, 0, 0]
[2, 1, 2, 0] * [2, 2, 1, 1] : [0, 2, 2, 2]
[2, 1, 2, 0] * [2, 2, 1, 2] : [0, 1, 1, 1]
[2, 1, 2, 0] * [2, 2, 2, 0] : [1, 0, 2, 1]
[2, 1, 2, 0] * [2, 2, 2, 1] : [1, 2, 1, 0]
[2, 1, 2, 0] * [2, 2, 2, 2] : [1, 1, 0, 2]
[2, 1, 2, 1] * [0, 0, 0, 0] : [0, 0, 0, 0]
[2, 1, 2, 1] * [0, 0, 0, 1] : [2, 2, 2, 2]
[2, 1, 2, 1] * [0, 0, 0, 2] : [1, 1, 1, 1]
[2, 1, 2, 1] * [0, 0, 1, 0] : [1, 2, 2, 1]
[2, 1, 2, 1] * [0, 0, 1, 1] : [0, 1, 1, 0]
[2, 1, 2, 1] * [0, 0, 1, 2] : [2, 0, 0, 2]
[2, 1, 2, 1] * [0, 0, 2, 0] : [2, 1, 1, 2]
[2, 1, 2, 1] * [0, 0, 2, 1] : [1, 0, 0, 1]
[2, 1, 2, 1] * [0, 0, 2, 2] : [0, 2, 2, 0]
[2, 1, 2, 1] * [0, 1, 0, 0] : [2, 2, 1, 1]
[2, 1, 2, 1] * [0, 1, 0, 1] : [1, 1, 0, 0]
[2, 1, 2, 1] * [0, 1, 0, 2] : [0, 0, 2, 2]
[2, 1, 2, 1] * [0, 1, 1, 0] : [0, 1, 0, 2]
[2, 1, 2, 1] * [0, 1, 1, 1] : [2, 0, 2, 1]
[2, 1, 2, 1] * [0, 1, 1, 2] : [1, 2, 1, 0]
[2, 1, 2, 1] * [0, 1, 2, 0] : [1, 0, 2, 0]
[2, 1, 2, 1] * [0, 1, 2, 1] : [0, 2, 1, 2]
[2, 1, 2, 1] * [0, 1, 2, 2] : [2, 1, 0, 1]
[2, 1, 2, 1] * [0, 2, 0, 0] : [1, 1, 2, 2]
[2, 1, 2, 1] * [0, 2, 0, 1] : [0, 0, 1, 1]
[2, 1, 2, 1] * [0, 2, 0, 2] : [2, 2, 0, 0]
[2, 1, 2, 1] * [0, 2, 1, 0] : [2, 0, 1, 0]
[2, 1, 2, 1] * [0, 2, 1, 1] : [1, 2, 0, 2]
[2, 1, 2, 1] * [0, 2, 1, 2] : [0, 1, 2, 1]
[2, 1, 2, 1] * [0, 2, 2, 0] : [0, 2, 0, 1]
[2, 1, 2, 1] * [0, 2, 2, 1] : [2, 1, 2, 0]
[2, 1, 2, 1] * [0, 2, 2, 2] : [1, 0, 1, 2]
[2, 1, 2, 1] * [1, 0, 0, 0] : [2, 1, 2, 1]
[2, 1, 2, 1] * [1, 0, 0, 1] : [1, 0, 1, 0]
[2, 1, 2, 1] * [1, 0, 0, 2] : [0, 2, 0, 2]
[2, 1, 2, 1] * [1, 0, 1, 0] : [0, 0, 1, 2]
[2, 1, 2, 1] * [1, 0, 1, 1] : [2, 2, 0, 1]
[2, 1, 2, 1] * [1, 0, 1, 2] : [1, 1, 2, 0]
[2, 1, 2, 1] * [1, 0, 2, 0] : [1, 2, 0, 0]
[2, 1, 2, 1] * [1, 0, 2, 1] : [0, 1, 2, 2]
[2, 1, 2, 1] * [1, 0, 2, 2] : [2, 0, 1, 1]
[2, 1, 2, 1] * [1, 1, 0, 0] : [1, 0, 0, 2]
[2, 1, 2, 1] * [1, 1, 0, 1] : [0, 2, 2, 1]
[2, 1, 2, 1] * [1, 1, 0, 2] : [2, 1, 1, 0]
[2, 1, 2, 1] * [1, 1, 1, 0] : [2, 2, 2, 0]
[2, 1, 2, 1] * [1, 1, 1, 1] : [1, 1, 1, 2]
[2, 1, 2, 1] * [1, 1, 1, 2] : [0, 0, 0, 1]
[2, 1, 2, 1] * [1, 1, 2, 0] : [0, 1, 1, 1]
[2, 1, 2, 1] * [1, 1, 2, 1] : [2, 0, 0, 0]
[2, 1, 2, 1] * [1, 1, 2, 2] : [1, 2, 2, 2]
[2, 1, 2, 1] * [1, 2, 0, 0] : [0, 2, 1, 0]
[2, 1, 2, 1] * [1, 2, 0, 1] : [2, 1, 0, 2]
[2, 1, 2, 1] * [1, 2, 0, 2] : [1, 0, 2, 1]
[2, 1, 2, 1] * [1, 2, 1, 0] : [1, 1, 0, 1]
[2, 1, 2, 1] * [1, 2, 1, 1] : [0, 0, 2, 0]
[2, 1, 2, 1] * [1, 2, 1, 2] : [2, 2, 1, 2]
[2, 1, 2, 1] * [1, 2, 2, 0] : [2, 0, 2, 2]
[2, 1, 2, 1] * [1, 2, 2, 1] : [1, 2, 1, 1]
[2, 1, 2, 1] * [1, 2, 2, 2] : [0, 1, 0, 0]
[2, 1, 2, 1] * [2, 0, 0, 0] : [1, 2, 1, 2]
[2, 1, 2, 1] * [2, 0, 0, 1] : [0, 1, 0, 1]
[2, 1, 2, 1] * [2, 0, 0, 2] : [2, 0, 2, 0]
[2, 1, 2, 1] * [2, 0, 1, 0] : [2, 1, 0, 0]
[2, 1, 2, 1] * [2, 0, 1, 1] : [1, 0, 2, 2]
[2, 1, 2, 1] * [2, 0, 1, 2] : [0, 2, 1, 1]
[2, 1, 2, 1] * [2, 0, 2, 0] : [0, 0, 2, 1]
[2, 1, 2, 1] * [2, 0, 2, 1] : [2, 2, 1, 0]
[2, 1, 2, 1] * [2, 0, 2, 2] : [1, 1, 0, 2]
[2, 1, 2, 1] * [2, 1, 0, 0] : [0, 1, 2, 0]
[2, 1, 2, 1] * [2, 1, 0, 1] : [2, 0, 1, 2]
[2, 1, 2, 1] * [2, 1, 0, 2] : [1, 2, 0, 1]
[2, 1, 2, 1] * [2, 1, 1, 0] : [1, 0, 1, 1]
[2, 1, 2, 1] * [2, 1, 1, 1] : [0, 2, 0, 0]
[2, 1, 2, 1] * [2, 1, 1, 2] : [2, 1, 2, 2]
[2, 1, 2, 1] * [2, 1, 2, 0] : [2, 2, 0, 2]
[2, 1, 2, 1] * [2, 1, 2, 1] : [1, 1, 2, 1]
[2, 1, 2, 1] * [2, 1, 2, 2] : [0, 0, 1, 0]
[2, 1, 2, 1] * [2, 2, 0, 0] : [2, 0, 0, 1]
[2, 1, 2, 1] * [2, 2, 0, 1] : [1, 2, 2, 0]
[2, 1, 2, 1] * [2, 2, 0, 2] : [0, 1, 1, 2]
[2, 1, 2, 1] * [2, 2, 1, 0] : [0, 2, 2, 2]
[2, 1, 2, 1] * [2, 2, 1, 1] : [2, 1, 1, 1]
[2, 1, 2, 1] * [2, 2, 1, 2] : [1, 0, 0, 0]
[2, 1, 2, 1] * [2, 2, 2, 0] : [1, 1, 1, 0]
[2, 1, 2, 1] * [2, 2, 2, 1] : [0, 0, 0, 2]
[2, 1, 2, 1] * [2, 2, 2, 2] : [2, 2, 2, 1]
[2, 1, 2, 2] * [0, 0, 0, 0] : [0, 0, 0, 0]
[2, 1, 2, 2] * [0, 0, 0, 1] : [1, 2, 2, 2]
[2, 1, 2, 2] * [0, 0, 0, 2] : [2, 1, 1, 1]
[2, 1, 2, 2] * [0, 0, 1, 0] : [1, 1, 2, 1]
[2, 1, 2, 2] * [0, 0, 1, 1] : [2, 0, 1, 0]
[2, 1, 2, 2] * [0, 0, 1, 2] : [0, 2, 0, 2]
[2, 1, 2, 2] * [0, 0, 2, 0] : [2, 2, 1, 2]
[2, 1, 2, 2] * [0, 0, 2, 1] : [0, 1, 0, 1]
[2, 1, 2, 2] * [0, 0, 2, 2] : [1, 0, 2, 0]
[2, 1, 2, 2] * [0, 1, 0, 0] : [2, 2, 2, 1]
[2, 1, 2, 2] * [0, 1, 0, 1] : [0, 1, 1, 0]
[2, 1, 2, 2] * [0, 1, 0, 2] : [1, 0, 0, 2]
[2, 1, 2, 2] * [0, 1, 1, 0] : [0, 0, 1, 2]
[2, 1, 2, 2] * [0, 1, 1, 1] : [1, 2, 0, 1]
[2, 1, 2, 2] * [0, 1, 1, 2] : [2, 1, 2, 0]
[2, 1, 2, 2] * [0, 1, 2, 0] : [1, 1, 0, 0]
[2, 1, 2, 2] * [0, 1, 2, 1] : [2, 0, 2, 2]
[2, 1, 2, 2] * [0, 1, 2, 2] : [0, 2, 1, 1]
[2, 1, 2, 2] * [0, 2, 0, 0] : [1, 1, 1, 2]
[2, 1, 2, 2] * [0, 2, 0, 1] : [2, 0, 0, 1]
[2, 1, 2, 2] * [0, 2, 0, 2] : [0, 2, 2, 0]
[2, 1, 2, 2] * [0, 2, 1, 0] : [2, 2, 0, 0]
[2, 1, 2, 2] * [0, 2, 1, 1] : [0, 1, 2, 2]
[2, 1, 2, 2] * [0, 2, 1, 2] : [1, 0, 1, 1]
[2, 1, 2, 2] * [0, 2, 2, 0] : [0, 0, 2, 1]
[2, 1, 2, 2] * [0, 2, 2, 1] : [1, 2, 1, 0]
[2, 1, 2, 2] * [0, 2, 2, 2] : [2, 1, 0, 2]
[2, 1, 2, 2] * [1, 0, 0, 0] : [2, 1, 2, 2]
[2, 1, 2, 2] * [1, 0, 0, 1] : [0, 0, 1, 1]
[2, 1, 2, 2] * [1, 0, 0, 2] : [1, 2, 0, 0]
[2, 1, 2, 2] * [1, 0, 1, 0] : [0, 2, 1, 0]
[2, 1, 2, 2] * [1, 0, 1, 1] : [1, 1, 0, 2]
[2, 1, 2, 2] * [1, 0, 1, 2] : [2, 0, 2, 1]
[2, 1, 2, 2] * [1, 0, 2, 0] : [1, 0, 0, 1]
[2, 1, 2, 2] * [1, 0, 2, 1] : [2, 2, 2, 0]
[2, 1, 2, 2] * [1, 0, 2, 2] : [0, 1, 1, 2]
[2, 1, 2, 2] * [1, 1, 0, 0] : [1, 0, 1, 0]
[2, 1, 2, 2] * [1, 1, 0, 1] : [2, 2, 0, 2]
[2, 1, 2, 2] * [1, 1, 0, 2] : [0, 1, 2, 1]
[2, 1, 2, 2] * [1, 1, 1, 0] : [2, 1, 0, 1]
[2, 1, 2, 2] * [1, 1, 1, 1] : [0, 0, 2, 0]
[2, 1, 2, 2] * [1, 1, 1, 2] : [1, 2, 1, 2]
[2, 1, 2, 2] * [1, 1, 2, 0] : [0, 2, 2, 2]
[2, 1, 2, 2] * [1, 1, 2, 1] : [1, 1, 1, 1]
[2, 1, 2, 2] * [1, 1, 2, 2] : [2, 0, 0, 0]
[2, 1, 2, 2] * [1, 2, 0, 0] : [0, 2, 0, 1]
[2, 1, 2, 2] * [1, 2, 0, 1] : [1, 1, 2, 0]
[2, 1, 2, 2] * [1, 2, 0, 2] : [2, 0, 1, 2]
[2, 1, 2, 2] * [1, 2, 1, 0] : [1, 0, 2, 2]
[2, 1, 2, 2] * [1, 2, 1, 1] : [2, 2, 1, 1]
[2, 1, 2, 2] * [1, 2, 1, 2] : [0, 1, 0, 0]
[2, 1, 2, 2] * [1, 2, 2, 0] : [2, 1, 1, 0]
[2, 1, 2, 2] * [1, 2, 2, 1] : [0, 0, 0, 2]
[2, 1, 2, 2] * [1, 2, 2, 2] : [1, 2, 2, 1]
[2, 1, 2, 2] * [2, 0, 0, 0] : [1, 2, 1, 1]
[2, 1, 2, 2] * [2, 0, 0, 1] : [2, 1, 0, 0]
[2, 1, 2, 2] * [2, 0, 0, 2] : [0, 0, 2, 2]
[2, 1, 2, 2] * [2, 0, 1, 0] : [2, 0, 0, 2]
[2, 1, 2, 2] * [2, 0, 1, 1] : [0, 2, 2, 1]
[2, 1, 2, 2] * [2, 0, 1, 2] : [1, 1, 1, 0]
[2, 1, 2, 2] * [2, 0, 2, 0] : [0, 1, 2, 0]
[2, 1, 2, 2] * [2, 0, 2, 1] : [1, 0, 1, 2]
[2, 1, 2, 2] * [2, 0, 2, 2] : [2, 2, 0, 1]
[2, 1, 2, 2] * [2, 1, 0, 0] : [0, 1, 0, 2]
[2, 1, 2, 2] * [2, 1, 0, 1] : [1, 0, 2, 1]
[2, 1, 2, 2] * [2, 1, 0, 2] : [2, 2, 1, 0]
[2, 1, 2, 2] * [2, 1, 1, 0] : [1, 2, 2, 0]
[2, 1, 2, 2] * [2, 1, 1, 1] : [2, 1, 1, 2]
[2, 1, 2, 2] * [2, 1, 1, 2] : [0, 0, 0, 1]
[2, 1, 2, 2] * [2, 1, 2, 0] : [2, 0, 1, 1]
[2, 1, 2, 2] * [2, 1, 2, 1] : [0, 2, 0, 0]
[2, 1, 2, 2] * [2, 1, 2, 2] : [1, 1, 2, 2]
[2, 1, 2, 2] * [2, 2, 0, 0] : [2, 0, 2, 0]
[2, 1, 2, 2] * [2, 2, 0, 1] : [0, 2, 1, 2]
[2, 1, 2, 2] * [2, 2, 0, 2] : [1, 1, 0, 1]
[2, 1, 2, 2] * [2, 2, 1, 0] : [0, 1, 1, 1]
[2, 1, 2, 2] * [2, 2, 1, 1] : [1, 0, 0, 0]
[2, 1, 2, 2] * [2, 2, 1, 2] : [2, 2, 2, 2]
[2, 1, 2, 2] * [2, 2, 2, 0] : [1, 2, 0, 2]
[2, 1, 2, 2] * [2, 2, 2, 1] : [2, 1, 2, 1]
[2, 1, 2, 2] * [2, 2, 2, 2] : [0, 0, 1, 0]
[2, 2, 0, 0] * [0, 0, 0, 0] : [0, 0, 0, 0]
[2, 2, 0, 0] * [0, 0, 0, 1] : [0, 0, 1, 2]
[2, 2, 0, 0] * [0, 0, 0, 2] : [0, 0, 2, 1]
[2, 2, 0, 0] * [0, 0, 1, 0] : [0, 0, 2, 2]
[2, 2, 0, 0] * [0, 0, 1, 1] : [0, 0, 0, 1]
[2, 2, 0, 0] * [0, 0, 1, 2] : [0, 0, 1, 0]
[2, 2, 0, 0] * [0, 0, 2, 0] : [0, 0, 1, 1]
[2, 2, 0, 0] * [0, 0, 2, 1] : [0, 0, 2, 0]
[2, 2, 0, 0] * [0, 0, 2, 2] : [0, 0, 0, 2]
[2, 2, 0, 0] * [0, 1, 0, 0] : [1, 2, 0, 0]
[2, 2, 0, 0] * [0, 1, 0, 1] : [1, 2, 1, 2]
[2, 2, 0, 0] * [0, 1, 0, 2] : [1, 2, 2, 1]
[2, 2, 0, 0] * [0, 1, 1, 0] : [1, 2, 2, 2]
[2, 2, 0, 0] * [0, 1, 1, 1] : [1, 2, 0, 1]
[2, 2, 0, 0] * [0, 1, 1, 2] : [1, 2, 1, 0]
[2, 2, 0, 0] * [0, 1, 2, 0] : [1, 2, 1, 1]
[2, 2, 0, 0] * [0, 1, 2, 1] : [1, 2, 2, 0]
[2, 2, 0, 0] * [0, 1, 2, 2] : [1, 2, 0, 2]
[2, 2, 0, 0] * [0, 2, 0, 0] : [2, 1, 0, 0]
[2, 2, 0, 0] * [0, 2, 0, 1] : [2, 1, 1, 2]
[2, 2, 0, 0] * [0, 2, 0, 2] : [2, 1, 2, 1]
[2, 2, 0, 0] * [0, 2, 1, 0] : [2, 1, 2, 2]
[2, 2, 0, 0] * [0, 2, 1, 1] : [2, 1, 0, 1]
[2, 2, 0, 0] * [0, 2, 1, 2] : [2, 1, 1, 0]
[2, 2, 0, 0] * [0, 2, 2, 0] : [2, 1, 1, 1]
[2, 2, 0, 0] * [0, 2, 2, 1] : [2, 1, 2, 0]
[2, 2, 0, 0] * [0, 2, 2, 2] : [2, 1, 0, 2]
[2, 2, 0, 0] * [1, 0, 0, 0] : [2, 2, 0, 0]
[2, 2, 0, 0] * [1, 0, 0, 1] : [2, 2, 1, 2]
[2, 2, 0, 0] * [1, 0, 0, 2] : [2, 2, 2, 1]
[2, 2, 0, 0] * [1, 0, 1, 0] : [2, 2, 2, 2]
[2, 2, 0, 0] * [1, 0, 1, 1] : [2, 2, 0, 1]
[2, 2, 0, 0] * [1, 0, 1, 2] : [2, 2, 1, 0]
[2, 2, 0, 0] * [1, 0, 2, 0] : [2, 2, 1, 1]
[2, 2, 0, 0] * [1, 0, 2, 1] : [2, 2, 2, 0]
[2, 2, 0, 0] * [1, 0, 2, 2] : [2, 2, 0, 2]
[2, 2, 0, 0] * [1, 1, 0, 0] : [0, 1, 0, 0]
[2, 2, 0, 0] * [1, 1, 0, 1] : [0, 1, 1, 2]
[2, 2, 0, 0] * [1, 1, 0, 2] : [0, 1, 2, 1]
[2, 2, 0, 0] * [1, 1, 1, 0] : [0, 1, 2, 2]
[2, 2, 0, 0] * [1, 1, 1, 1] : [0, 1, 0, 1]
[2, 2, 0, 0] * [1, 1, 1, 2] : [0, 1, 1, 0]
[2, 2, 0, 0] * [1, 1, 2, 0] : [0, 1, 1, 1]
[2, 2, 0, 0] * [1, 1, 2, 1] : [0, 1, 2, 0]
[2, 2, 0, 0] * [1, 1, 2, 2] : [0, 1, 0, 2]
[2, 2, 0, 0] * [1, 2, 0, 0] : [1, 0, 0, 0]
[2, 2, 0, 0] * [1, 2, 0, 1] : [1, 0, 1, 2]
[2, 2, 0, 0] * [1, 2, 0, 2] : [1, 0, 2, 1]
[2, 2, 0, 0] * [1, 2, 1, 0] : [1, 0, 2, 2]
[2, 2, 0, 0] * [1, 2, 1, 1] : [1, 0, 0, 1]
[2, 2, 0, 0] * [1, 2, 1, 2] : [1, 0, 1, 0]
[2, 2, 0, 0] * [1, 2, 2, 0] : [1, 0, 1, 1]
[2, 2, 0, 0] * [1, 2, 2, 1] : [1, 0, 2, 0]
[2, 2, 0, 0] * [1, 2, 2, 2] : [1, 0, 0, 2]
[2, 2, 0, 0] * [2, 0, 0, 0] : [1, 1, 0, 0]
[2, 2, 0, 0] * [2, 0, 0, 1] : [1, 1, 1, 2]
[2, 2, 0, 0] * [2, 0, 0, 2] : [1, 1, 2, 1]
[2, 2, 0, 0] * [2, 0, 1, 0] : [1, 1, 2, 2]
[2, 2, 0, 0] * [2, 0, 1, 1] : [1, 1, 0, 1]
[2, 2, 0, 0] * [2, 0, 1, 2] : [1, 1, 1, 0]
[2, 2, 0, 0] * [2, 0, 2, 0] : [1, 1, 1, 1]
[2, 2, 0, 0] * [2, 0, 2, 1] : [1, 1, 2, 0]
[2, 2, 0, 0] * [2, 0, 2, 2] : [1, 1, 0, 2]
[2, 2, 0, 0] * [2, 1, 0, 0] : [2, 0, 0, 0]
[2, 2, 0, 0] * [2, 1, 0, 1] : [2, 0, 1, 2]
[2, 2, 0, 0] * [2, 1, 0, 2] : [2, 0, 2, 1]
[2, 2, 0, 0] * [2, 1, 1, 0] : [2, 0, 2, 2]
[2, 2, 0, 0] * [2, 1, 1, 1] : [2, 0, 0, 1]
[2, 2, 0, 0] * [2, 1, 1, 2] : [2, 0, 1, 0]
[2, 2, 0, 0] * [2, 1, 2, 0] : [2, 0, 1, 1]
[2, 2, 0, 0] * [2, 1, 2, 1] : [2, 0, 2, 0]
[2, 2, 0, 0] * [2, 1, 2, 2] : [2, 0, 0, 2]
[2, 2, 0, 0] * [2, 2, 0, 0] : [0, 2, 0, 0]
[2, 2, 0, 0] * [2, 2, 0, 1] : [0, 2, 1, 2]
[2, 2, 0, 0] * [2, 2, 0, 2] : [0, 2, 2, 1]
[2, 2, 0, 0] * [2, 2, 1, 0] : [0, 2, 2, 2]
[2, 2, 0, 0] * [2, 2, 1, 1] : [0, 2, 0, 1]
[2, 2, 0, 0] * [2, 2, 1, 2] : [0, 2, 1, 0]
[2, 2, 0, 0] * [2, 2, 2, 0] : [0, 2, 1, 1]
[2, 2, 0, 0] * [2, 2, 2, 1] : [0, 2, 2, 0]
[2, 2, 0, 0] * [2, 2, 2, 2] : [0, 2, 0, 2]
[2, 2, 0, 1] * [0, 0, 0, 0] : [0, 0, 0, 0]
[2, 2, 0, 1] * [0, 0, 0, 1] : [2, 0, 1, 2]
[2, 2, 0, 1] * [0, 0, 0, 2] : [1, 0, 2, 1]
[2, 2, 0, 1] * [0, 0, 1, 0] : [0, 2, 2, 2]
[2, 2, 0, 1] * [0, 0, 1, 1] : [2, 2, 0, 1]
[2, 2, 0, 1] * [0, 0, 1, 2] : [1, 2, 1, 0]
[2, 2, 0, 1] * [0, 0, 2, 0] : [0, 1, 1, 1]
[2, 2, 0, 1] * [0, 0, 2, 1] : [2, 1, 2, 0]
[2, 2, 0, 1] * [0, 0, 2, 2] : [1, 1, 0, 2]
[2, 2, 0, 1] * [0, 1, 0, 0] : [1, 2, 1, 0]
[2, 2, 0, 1] * [0, 1, 0, 1] : [0, 2, 2, 2]
[2, 2, 0, 1] * [0, 1, 0, 2] : [2, 2, 0, 1]
[2, 2, 0, 1] * [0, 1, 1, 0] : [1, 1, 0, 2]
[2, 2, 0, 1] * [0, 1, 1, 1] : [0, 1, 1, 1]
[2, 2, 0, 1] * [0, 1, 1, 2] : [2, 1, 2, 0]
[2, 2, 0, 1] * [0, 1, 2, 0] : [1, 0, 2, 1]
[2, 2, 0, 1] * [0, 1, 2, 1] : [0, 0, 0, 0]
[2, 2, 0, 1] * [0, 1, 2, 2] : [2, 0, 1, 2]
[2, 2, 0, 1] * [0, 2, 0, 0] : [2, 1, 2, 0]
[2, 2, 0, 1] * [0, 2, 0, 1] : [1, 1, 0, 2]
[2, 2, 0, 1] * [0, 2, 0, 2] : [0, 1, 1, 1]
[2, 2, 0, 1] * [0, 2, 1, 0] : [2, 0, 1, 2]
[2, 2, 0, 1] * [0, 2, 1, 1] : [1, 0, 2, 1]
[2, 2, 0, 1] * [0, 2, 1, 2] : [0, 0, 0, 0]
[2, 2, 0, 1] * [0, 2, 2, 0] : [2, 2, 0, 1]
[2, 2, 0, 1] * [0, 2, 2, 1] : [1, 2, 1, 0]
[2, 2, 0, 1] * [0, 2, 2, 2] : [0, 2, 2, 2]
[2, 2, 0, 1] * [1, 0, 0, 0] : [2, 2, 0, 1]
[2, 2, 0, 1] * [1, 0, 0, 1] : [1, 2, 1, 0]
[2, 2, 0, 1] * [1, 0, 0, 2] : [0, 2, 2, 2]
[2, 2, 0, 1] * [1, 0, 1, 0] : [2, 1, 2, 0]
[2, 2, 0, 1] * [1, 0, 1, 1] : [1, 1, 0, 2]
[2, 2, 0, 1] * [1, 0, 1, 2] : [0, 1, 1, 1]
[2, 2, 0, 1] * [1, 0, 2, 0] : [2, 0, 1, 2]
[2, 2, 0, 1] * [1, 0, 2, 1] : [1, 0, 2, 1]
[2, 2, 0, 1] * [1, 0, 2, 2] : [0, 0, 0, 0]
[2, 2, 0, 1] * [1, 1, 0, 0] : [0, 1, 1, 1]
[2, 2, 0, 1] * [1, 1, 0, 1] : [2, 1, 2, 0]
[2, 2, 0, 1] * [1, 1, 0, 2] : [1, 1, 0, 2]
[2, 2, 0, 1] * [1, 1, 1, 0] : [0, 0, 0, 0]
[2, 2, 0, 1] * [1, 1, 1, 1] : [2, 0, 1, 2]
[2, 2, 0, 1] * [1, 1, 1, 2] : [1, 0, 2, 1]
[2, 2, 0, 1] * [1, 1, 2, 0] : [0, 2, 2, 2]
[2, 2, 0, 1] * [1, 1, 2, 1] : [2, 2, 0, 1]
[2, 2, 0, 1] * [1, 1, 2, 2] : [1, 2, 1, 0]
[2, 2, 0, 1] * [1, 2, 0, 0] : [1, 0, 2, 1]
[2, 2, 0, 1] * [1, 2, 0, 1] : [0, 0, 0, 0]
[2, 2, 0, 1] * [1, 2, 0, 2] : [2, 0, 1, 2]
[2, 2, 0, 1] * [1, 2, 1, 0] : [1, 2, 1, 0]
[2, 2, 0, 1] * [1, 2, 1, 1] : [0, 2, 2, 2]
[2, 2, 0, 1] * [1, 2, 1, 2] : [2, 2, 0, 1]
[2, 2, 0, 1] * [1, 2, 2, 0] : [1, 1, 0, 2]
[2, 2, 0, 1] * [1, 2, 2, 1] : [0, 1, 1, 1]
[2, 2, 0, 1] * [1, 2, 2, 2] : [2, 1, 2, 0]
[2, 2, 0, 1] * [2, 0, 0, 0] : [1, 1, 0, 2]
[2, 2, 0, 1] * [2, 0, 0, 1] : [0, 1, 1, 1]
[2, 2, 0, 1] * [2, 0, 0, 2] : [2, 1, 2, 0]
[2, 2, 0, 1] * [2, 0, 1, 0] : [1, 0, 2, 1]
[2, 2, 0, 1] * [2, 0, 1, 1] : [0, 0, 0, 0]
[2, 2, 0, 1] * [2, 0, 1, 2] : [2, 0, 1, 2]
[2, 2, 0, 1] * [2, 0, 2, 0] : [1, 2, 1, 0]
[2, 2, 0, 1] * [2, 0, 2, 1] : [0, 2, 2, 2]
[2, 2, 0, 1] * [2, 0, 2, 2] : [2, 2, 0, 1]
[2, 2, 0, 1] * [2, 1, 0, 0] : [2, 0, 1, 2]
[2, 2, 0, 1] * [2, 1, 0, 1] : [1, 0, 2, 1]
[2, 2, 0, 1] * [2, 1, 0, 2] : [0, 0, 0, 0]
[2, 2, 0, 1] * [2, 1, 1, 0] : [2, 2, 0, 1]
[2, 2, 0, 1] * [2, 1, 1, 1] : [1, 2, 1, 0]
[2, 2, 0, 1] * [2, 1, 1, 2] : [0, 2, 2, 2]
[2, 2, 0, 1] * [2, 1, 2, 0] : [2, 1, 2, 0]
[2, 2, 0, 1] * [2, 1, 2, 1] : [1, 1, 0, 2]
[2, 2, 0, 1] * [2, 1, 2, 2] : [0, 1, 1, 1]
[2, 2, 0, 1] * [2, 2, 0, 0] : [0, 2, 2, 2]
[2, 2, 0, 1] * [2, 2, 0, 1] : [2, 2, 0, 1]
[2, 2, 0, 1] * [2, 2, 0, 2] : [1, 2, 1, 0]
[2, 2, 0, 1] * [2, 2, 1, 0] : [0, 1, 1, 1]
[2, 2, 0, 1] * [2, 2, 1, 1] : [2, 1, 2, 0]
[2, 2, 0, 1] * [2, 2, 1, 2] : [1, 1, 0, 2]
[2, 2, 0, 1] * [2, 2, 2, 0] : [0, 0, 0, 0]
[2, 2, 0, 1] * [2, 2, 2, 1] : [2, 0, 1, 2]
[2, 2, 0, 1] * [2, 2, 2, 2] : [1, 0, 2, 1]
[2, 2, 0, 2] * [0, 0, 0, 0] : [0, 0, 0, 0]
[2, 2, 0, 2] * [0, 0, 0, 1] : [1, 0, 1, 2]
[2, 2, 0, 2] * [0, 0, 0, 2] : [2, 0, 2, 1]
[2, 2, 0, 2] * [0, 0, 1, 0] : [0, 1, 2, 2]
[2, 2, 0, 2] * [0, 0, 1, 1] : [1, 1, 0, 1]
[2, 2, 0, 2] * [0, 0, 1, 2] : [2, 1, 1, 0]
[2, 2, 0, 2] * [0, 0, 2, 0] : [0, 2, 1, 1]
[2, 2, 0, 2] * [0, 0, 2, 1] : [1, 2, 2, 0]
[2, 2, 0, 2] * [0, 0, 2, 2] : [2, 2, 0, 2]
[2, 2, 0, 2] * [0, 1, 0, 0] : [1, 2, 2, 0]
[2, 2, 0, 2] * [0, 1, 0, 1] : [2, 2, 0, 2]
[2, 2, 0, 2] * [0, 1, 0, 2] : [0, 2, 1, 1]
[2, 2, 0, 2] * [0, 1, 1, 0] : [1, 0, 1, 2]
[2, 2, 0, 2] * [0, 1, 1, 1] : [2, 0, 2, 1]
[2, 2, 0, 2] * [0, 1, 1, 2] : [0, 0, 0, 0]
[2, 2, 0, 2] * [0, 1, 2, 0] : [1, 1, 0, 1]
[2, 2, 0, 2] * [0, 1, 2, 1] : [2, 1, 1, 0]
[2, 2, 0, 2] * [0, 1, 2, 2] : [0, 1, 2, 2]
[2, 2, 0, 2] * [0, 2, 0, 0] : [2, 1, 1, 0]
[2, 2, 0, 2] * [0, 2, 0, 1] : [0, 1, 2, 2]
[2, 2, 0, 2] * [0, 2, 0, 2] : [1, 1, 0, 1]
[2, 2, 0, 2] * [0, 2, 1, 0] : [2, 2, 0, 2]
[2, 2, 0, 2] * [0, 2, 1, 1] : [0, 2, 1, 1]
[2, 2, 0, 2] * [0, 2, 1, 2] : [1, 2, 2, 0]
[2, 2, 0, 2] * [0, 2, 2, 0] : [2, 0, 2, 1]
[2, 2, 0, 2] * [0, 2, 2, 1] : [0, 0, 0, 0]
[2, 2, 0, 2] * [0, 2, 2, 2] : [1, 0, 1, 2]
[2, 2, 0, 2] * [1, 0, 0, 0] : [2, 2, 0, 2]
[2, 2, 0, 2] * [1, 0, 0, 1] : [0, 2, 1, 1]
[2, 2, 0, 2] * [1, 0, 0, 2] : [1, 2, 2, 0]
[2, 2, 0, 2] * [1, 0, 1, 0] : [2, 0, 2, 1]
[2, 2, 0, 2] * [1, 0, 1, 1] : [0, 0, 0, 0]
[2, 2, 0, 2] * [1, 0, 1, 2] : [1, 0, 1, 2]
[2, 2, 0, 2] * [1, 0, 2, 0] : [2, 1, 1, 0]
[2, 2, 0, 2] * [1, 0, 2, 1] : [0, 1, 2, 2]
[2, 2, 0, 2] * [1, 0, 2, 2] : [1, 1, 0, 1]
[2, 2, 0, 2] * [1, 1, 0, 0] : [0, 1, 2, 2]
[2, 2, 0, 2] * [1, 1, 0, 1] : [1, 1, 0, 1]
[2, 2, 0, 2] * [1, 1, 0, 2] : [2, 1, 1, 0]
[2, 2, 0, 2] * [1, 1, 1, 0] : [0, 2, 1, 1]
[2, 2, 0, 2] * [1, 1, 1, 1] : [1, 2, 2, 0]
[2, 2, 0, 2] * [1, 1, 1, 2] : [2, 2, 0, 2]
[2, 2, 0, 2] * [1, 1, 2, 0] : [0, 0, 0, 0]
[2, 2, 0, 2] * [1, 1, 2, 1] : [1, 0, 1, 2]
[2, 2, 0, 2] * [1, 1, 2, 2] : [2, 0, 2, 1]
[2, 2, 0, 2] * [1, 2, 0, 0] : [1, 0, 1, 2]
[2, 2, 0, 2] * [1, 2, 0, 1] : [2, 0, 2, 1]
[2, 2, 0, 2] * [1, 2, 0, 2] : [0, 0, 0, 0]
[2, 2, 0, 2] * [1, 2, 1, 0] : [1, 1, 0, 1]
[2, 2, 0, 2] * [1, 2, 1, 1] : [2, 1, 1, 0]
[2, 2, 0, 2] * [1, 2, 1, 2] : [0, 1, 2, 2]
[2, 2, 0, 2] * [1, 2, 2, 0] : [1, 2, 2, 0]
[2, 2, 0, 2] * [1, 2, 2, 1] : [2, 2, 0, 2]
[2, 2, 0, 2] * [1, 2, 2, 2] : [0, 2, 1, 1]
[2, 2, 0, 2] * [2, 0, 0, 0] : [1, 1, 0, 1]
[2, 2, 0, 2] * [2, 0, 0, 1] : [2, 1, 1, 0]
[2, 2, 0, 2] * [2, 0, 0, 2] : [0, 1, 2, 2]
[2, 2, 0, 2] * [2, 0, 1, 0] : [1, 2, 2, 0]
[2, 2, 0, 2] * [2, 0, 1, 1] : [2, 2, 0, 2]
[2, 2, 0, 2] * [2, 0, 1, 2] : [0, 2, 1, 1]
[2, 2, 0, 2] * [2, 0, 2, 0] : [1, 0, 1, 2]
[2, 2, 0, 2] * [2, 0, 2, 1] : [2, 0, 2, 1]
[2, 2, 0, 2] * [2, 0, 2, 2] : [0, 0, 0, 0]
[2, 2, 0, 2] * [2, 1, 0, 0] : [2, 0, 2, 1]
[2, 2, 0, 2] * [2, 1, 0, 1] : [0, 0, 0, 0]
[2, 2, 0, 2] * [2, 1, 0, 2] : [1, 0, 1, 2]
[2, 2, 0, 2] * [2, 1, 1, 0] : [2, 1, 1, 0]
[2, 2, 0, 2] * [2, 1, 1, 1] : [0, 1, 2, 2]
[2, 2, 0, 2] * [2, 1, 1, 2] : [1, 1, 0, 1]
[2, 2, 0, 2] * [2, 1, 2, 0] : [2, 2, 0, 2]
[2, 2, 0, 2] * [2, 1, 2, 1] : [0, 2, 1, 1]
[2, 2, 0, 2] * [2, 1, 2, 2] : [1, 2, 2, 0]
[2, 2, 0, 2] * [2, 2, 0, 0] : [0, 2, 1, 1]
[2, 2, 0, 2] * [2, 2, 0, 1] : [1, 2, 2, 0]
[2, 2, 0, 2] * [2, 2, 0, 2] : [2, 2, 0, 2]
[2, 2, 0, 2] * [2, 2, 1, 0] : [0, 0, 0, 0]
[2, 2, 0, 2] * [2, 2, 1, 1] : [1, 0, 1, 2]
[2, 2, 0, 2] * [2, 2, 1, 2] : [2, 0, 2, 1]
[2, 2, 0, 2] * [2, 2, 2, 0] : [0, 1, 2, 2]
[2, 2, 0, 2] * [2, 2, 2, 1] : [1, 1, 0, 1]
[2, 2, 0, 2] * [2, 2, 2, 2] : [2, 1, 1, 0]
[2, 2, 1, 0] * [0, 0, 0, 0] : [0, 0, 0, 0]
[2, 2, 1, 0] * [0, 0, 0, 1] : [0, 1, 1, 2]
[2, 2, 1, 0] * [0, 0, 0, 2] : [0, 2, 2, 1]
[2, 2, 1, 0] * [0, 0, 1, 0] : [2, 0, 2, 2]
[2, 2, 1, 0] * [0, 0, 1, 1] : [2, 1, 0, 1]
[2, 2, 1, 0] * [0, 0, 1, 2] : [2, 2, 1, 0]
[2, 2, 1, 0] * [0, 0, 2, 0] : [1, 0, 1, 1]
[2, 2, 1, 0] * [0, 0, 2, 1] : [1, 1, 2, 0]
[2, 2, 1, 0] * [0, 0, 2, 2] : [1, 2, 0, 2]
[2, 2, 1, 0] * [0, 1, 0, 0] : [1, 2, 0, 2]
[2, 2, 1, 0] * [0, 1, 0, 1] : [1, 0, 1, 1]
[2, 2, 1, 0] * [0, 1, 0, 2] : [1, 1, 2, 0]
[2, 2, 1, 0] * [0, 1, 1, 0] : [0, 2, 2, 1]
[2, 2, 1, 0] * [0, 1, 1, 1] : [0, 0, 0, 0]
[2, 2, 1, 0] * [0, 1, 1, 2] : [0, 1, 1, 2]
[2, 2, 1, 0] * [0, 1, 2, 0] : [2, 2, 1, 0]
[2, 2, 1, 0] * [0, 1, 2, 1] : [2, 0, 2, 2]
[2, 2, 1, 0] * [0, 1, 2, 2] : [2, 1, 0, 1]
[2, 2, 1, 0] * [0, 2, 0, 0] : [2, 1, 0, 1]
[2, 2, 1, 0] * [0, 2, 0, 1] : [2, 2, 1, 0]
[2, 2, 1, 0] * [0, 2, 0, 2] : [2, 0, 2, 2]
[2, 2, 1, 0] * [0, 2, 1, 0] : [1, 1, 2, 0]
[2, 2, 1, 0] * [0, 2, 1, 1] : [1, 2, 0, 2]
[2, 2, 1, 0] * [0, 2, 1, 2] : [1, 0, 1, 1]
[2, 2, 1, 0] * [0, 2, 2, 0] : [0, 1, 1, 2]
[2, 2, 1, 0] * [0, 2, 2, 1] : [0, 2, 2, 1]
[2, 2, 1, 0] * [0, 2, 2, 2] : [0, 0, 0, 0]
[2, 2, 1, 0] * [1, 0, 0, 0] : [2, 2, 1, 0]
[2, 2, 1, 0] * [1, 0, 0, 1] : [2, 0, 2, 2]
[2, 2, 1, 0] * [1, 0, 0, 2] : [2, 1, 0, 1]
[2, 2, 1, 0] * [1, 0, 1, 0] : [1, 2, 0, 2]
[2, 2, 1, 0] * [1, 0, 1, 1] : [1, 0, 1, 1]
[2, 2, 1, 0] * [1, 0, 1, 2] : [1, 1, 2, 0]
[2, 2, 1, 0] * [1, 0, 2, 0] : [0, 2, 2, 1]
[2, 2, 1, 0] * [1, 0, 2, 1] : [0, 0, 0, 0]
[2, 2, 1, 0] * [1, 0, 2, 2] : [0, 1, 1, 2]
[2, 2, 1, 0] * [1, 1, 0, 0] : [0, 1, 1, 2]
[2, 2, 1, 0] * [1, 1, 0, 1] : [0, 2, 2, 1]
[2, 2, 1, 0] * [1, 1, 0, 2] : [0, 0, 0, 0]
[2, 2, 1, 0] * [1, 1, 1, 0] : [2, 1, 0, 1]
[2, 2, 1, 0] * [1, 1, 1, 1] : [2, 2, 1, 0]
[2, 2, 1, 0] * [1, 1, 1, 2] : [2, 0, 2, 2]
[2, 2, 1, 0] * [1, 1, 2, 0] : [1, 1, 2, 0]
[2, 2, 1, 0] * [1, 1, 2, 1] : [1, 2, 0, 2]
[2, 2, 1, 0] * [1, 1, 2, 2] : [1, 0, 1, 1]
[2, 2, 1, 0] * [1, 2, 0, 0] : [1, 0, 1, 1]
[2, 2, 1, 0] * [1, 2, 0, 1] : [1, 1, 2, 0]
[2, 2, 1, 0] * [1, 2, 0, 2] : [1, 2, 0, 2]
[2, 2, 1, 0] * [1, 2, 1, 0] : [0, 0, 0, 0]
[2, 2, 1, 0] * [1, 2, 1, 1] : [0, 1, 1, 2]
[2, 2, 1, 0] * [1, 2, 1, 2] : [0, 2, 2, 1]
[2, 2, 1, 0] * [1, 2, 2, 0] : [2, 0, 2, 2]
[2, 2, 1, 0] * [1, 2, 2, 1] : [2, 1, 0, 1]
[2, 2, 1, 0] * [1, 2, 2, 2] : [2, 2, 1, 0]
[2, 2, 1, 0] * [2, 0, 0, 0] : [1, 1, 2, 0]
[2, 2, 1, 0] * [2, 0, 0, 1] : [1, 2, 0, 2]
[2, 2, 1, 0] * [2, 0, 0, 2] : [1, 0, 1, 1]
[2, 2, 1, 0] * [2, 0, 1, 0] : [0, 1, 1, 2]
[2, 2, 1, 0] * [2, 0, 1, 1] : [0, 2, 2, 1]
[2, 2, 1, 0] * [2, 0, 1, 2] : [0, 0, 0, 0]
[2, 2, 1, 0] * [2, 0, 2, 0] : [2, 1, 0, 1]
[2, 2, 1, 0] * [2, 0, 2, 1] : [2, 2, 1, 0]
[2, 2, 1, 0] * [2, 0, 2, 2] : [2, 0, 2, 2]
[2, 2, 1, 0] * [2, 1, 0, 0] : [2, 0, 2, 2]
[2, 2, 1, 0] * [2, 1, 0, 1] : [2, 1, 0, 1]
[2, 2, 1, 0] * [2, 1, 0, 2] : [2, 2, 1, 0]
[2, 2, 1, 0] * [2, 1, 1, 0] : [1, 0, 1, 1]
[2, 2, 1, 0] * [2, 1, 1, 1] : [1, 1, 2, 0]
[2, 2, 1, 0] * [2, 1, 1, 2] : [1, 2, 0, 2]
[2, 2, 1, 0] * [2, 1, 2, 0] : [0, 0, 0, 0]
[2, 2, 1, 0] * [2, 1, 2, 1] : [0, 1, 1, 2]
[2, 2, 1, 0] * [2, 1, 2, 2] : [0, 2, 2, 1]
[2, 2, 1, 0] * [2, 2, 0, 0] : [0, 2, 2, 1]
[2, 2, 1, 0] * [2, 2, 0, 1] : [0, 0, 0, 0]
[2, 2, 1, 0] * [2, 2, 0, 2] : [0, 1, 1, 2]
[2, 2, 1, 0] * [2, 2, 1, 0] : [2, 2, 1, 0]
[2, 2, 1, 0] * [2, 2, 1, 1] : [2, 0, 2, 2]
[2, 2, 1, 0] * [2, 2, 1, 2] : [2, 1, 0, 1]
[2, 2, 1, 0] * [2, 2, 2, 0] : [1, 2, 0, 2]
[2, 2, 1, 0] * [2, 2, 2, 1] : [1, 0, 1, 1]
[2, 2, 1, 0] * [2, 2, 2, 2] : [1, 1, 2, 0]
[2, 2, 1, 1] * [0, 0, 0, 0] : [0, 0, 0, 0]
[2, 2, 1, 1] * [0, 0, 0, 1] : [2, 1, 1, 2]
[2, 2, 1, 1] * [0, 0, 0, 2] : [1, 2, 2, 1]
[2, 2, 1, 1] * [0, 0, 1, 0] : [2, 2, 2, 2]
[2, 2, 1, 1] * [0, 0, 1, 1] : [1, 0, 0, 1]
[2, 2, 1, 1] * [0, 0, 1, 2] : [0, 1, 1, 0]
[2, 2, 1, 1] * [0, 0, 2, 0] : [1, 1, 1, 1]
[2, 2, 1, 1] * [0, 0, 2, 1] : [0, 2, 2, 0]
[2, 2, 1, 1] * [0, 0, 2, 2] : [2, 0, 0, 2]
[2, 2, 1, 1] * [0, 1, 0, 0] : [1, 2, 1, 2]
[2, 2, 1, 1] * [0, 1, 0, 1] : [0, 0, 2, 1]
[2, 2, 1, 1] * [0, 1, 0, 2] : [2, 1, 0, 0]
[2, 2, 1, 1] * [0, 1, 1, 0] : [0, 1, 0, 1]
[2, 2, 1, 1] * [0, 1, 1, 1] : [2, 2, 1, 0]
[2, 2, 1, 1] * [0, 1, 1, 2] : [1, 0, 2, 2]
[2, 2, 1, 1] * [0, 1, 2, 0] : [2, 0, 2, 0]
[2, 2, 1, 1] * [0, 1, 2, 1] : [1, 1, 0, 2]
[2, 2, 1, 1] * [0, 1, 2, 2] : [0, 2, 1, 1]
[2, 2, 1, 1] * [0, 2, 0, 0] : [2, 1, 2, 1]
[2, 2, 1, 1] * [0, 2, 0, 1] : [1, 2, 0, 0]
[2, 2, 1, 1] * [0, 2, 0, 2] : [0, 0, 1, 2]
[2, 2, 1, 1] * [0, 2, 1, 0] : [1, 0, 1, 0]
[2, 2, 1, 1] * [0, 2, 1, 1] : [0, 1, 2, 2]
[2, 2, 1, 1] * [0, 2, 1, 2] : [2, 2, 0, 1]
[2, 2, 1, 1] * [0, 2, 2, 0] : [0, 2, 0, 2]
[2, 2, 1, 1] * [0, 2, 2, 1] : [2, 0, 1, 1]
[2, 2, 1, 1] * [0, 2, 2, 2] : [1, 1, 2, 0]
[2, 2, 1, 1] * [1, 0, 0, 0] : [2, 2, 1, 1]
[2, 2, 1, 1] * [1, 0, 0, 1] : [1, 0, 2, 0]
[2, 2, 1, 1] * [1, 0, 0, 2] : [0, 1, 0, 2]
[2, 2, 1, 1] * [1, 0, 1, 0] : [1, 1, 0, 0]
[2, 2, 1, 1] * [1, 0, 1, 1] : [0, 2, 1, 2]
[2, 2, 1, 1] * [1, 0, 1, 2] : [2, 0, 2, 1]
[2, 2, 1, 1] * [1, 0, 2, 0] : [0, 0, 2, 2]
[2, 2, 1, 1] * [1, 0, 2, 1] : [2, 1, 0, 1]
[2, 2, 1, 1] * [1, 0, 2, 2] : [1, 2, 1, 0]
[2, 2, 1, 1] * [1, 1, 0, 0] : [0, 1, 2, 0]
[2, 2, 1, 1] * [1, 1, 0, 1] : [2, 2, 0, 2]
[2, 2, 1, 1] * [1, 1, 0, 2] : [1, 0, 1, 1]
[2, 2, 1, 1] * [1, 1, 1, 0] : [2, 0, 1, 2]
[2, 2, 1, 1] * [1, 1, 1, 1] : [1, 1, 2, 1]
[2, 2, 1, 1] * [1, 1, 1, 2] : [0, 2, 0, 0]
[2, 2, 1, 1] * [1, 1, 2, 0] : [1, 2, 0, 1]
[2, 2, 1, 1] * [1, 1, 2, 1] : [0, 0, 1, 0]
[2, 2, 1, 1] * [1, 1, 2, 2] : [2, 1, 2, 2]
[2, 2, 1, 1] * [1, 2, 0, 0] : [1, 0, 0, 2]
[2, 2, 1, 1] * [1, 2, 0, 1] : [0, 1, 1, 1]
[2, 2, 1, 1] * [1, 2, 0, 2] : [2, 2, 2, 0]
[2, 2, 1, 1] * [1, 2, 1, 0] : [0, 2, 2, 1]
[2, 2, 1, 1] * [1, 2, 1, 1] : [2, 0, 0, 0]
[2, 2, 1, 1] * [1, 2, 1, 2] : [1, 1, 1, 2]
[2, 2, 1, 1] * [1, 2, 2, 0] : [2, 1, 1, 0]
[2, 2, 1, 1] * [1, 2, 2, 1] : [1, 2, 2, 2]
[2, 2, 1, 1] * [1, 2, 2, 2] : [0, 0, 0, 1]
[2, 2, 1, 1] * [2, 0, 0, 0] : [1, 1, 2, 2]
[2, 2, 1, 1] * [2, 0, 0, 1] : [0, 2, 0, 1]
[2, 2, 1, 1] * [2, 0, 0, 2] : [2, 0, 1, 0]
[2, 2, 1, 1] * [2, 0, 1, 0] : [0, 0, 1, 1]
[2, 2, 1, 1] * [2, 0, 1, 1] : [2, 1, 2, 0]
[2, 2, 1, 1] * [2, 0, 1, 2] : [1, 2, 0, 2]
[2, 2, 1, 1] * [2, 0, 2, 0] : [2, 2, 0, 0]
[2, 2, 1, 1] * [2, 0, 2, 1] : [1, 0, 1, 2]
[2, 2, 1, 1] * [2, 0, 2, 2] : [0, 1, 2, 1]
[2, 2, 1, 1] * [2, 1, 0, 0] : [2, 0, 0, 1]
[2, 2, 1, 1] * [2, 1, 0, 1] : [1, 1, 1, 0]
[2, 2, 1, 1] * [2, 1, 0, 2] : [0, 2, 2, 2]
[2, 2, 1, 1] * [2, 1, 1, 0] : [1, 2, 2, 0]
[2, 2, 1, 1] * [2, 1, 1, 1] : [0, 0, 0, 2]
[2, 2, 1, 1] * [2, 1, 1, 2] : [2, 1, 1, 1]
[2, 2, 1, 1] * [2, 1, 2, 0] : [0, 1, 1, 2]
[2, 2, 1, 1] * [2, 1, 2, 1] : [2, 2, 2, 1]
[2, 2, 1, 1] * [2, 1, 2, 2] : [1, 0, 0, 0]
[2, 2, 1, 1] * [2, 2, 0, 0] : [0, 2, 1, 0]
[2, 2, 1, 1] * [2, 2, 0, 1] : [2, 0, 2, 2]
[2, 2, 1, 1] * [2, 2, 0, 2] : [1, 1, 0, 1]
[2, 2, 1, 1] * [2, 2, 1, 0] : [2, 1, 0, 2]
[2, 2, 1, 1] * [2, 2, 1, 1] : [1, 2, 1, 1]
[2, 2, 1, 1] * [2, 2, 1, 2] : [0, 0, 2, 0]
[2, 2, 1, 1] * [2, 2, 2, 0] : [1, 0, 2, 1]
[2, 2, 1, 1] * [2, 2, 2, 1] : [0, 1, 0, 0]
[2, 2, 1, 1] * [2, 2, 2, 2] : [2, 2, 1, 2]
[2, 2, 1, 2] * [0, 0, 0, 0] : [0, 0, 0, 0]
[2, 2, 1, 2] * [0, 0, 0, 1] : [1, 1, 1, 2]
[2, 2, 1, 2] * [0, 0, 0, 2] : [2, 2, 2, 1]
[2, 2, 1, 2] * [0, 0, 1, 0] : [2, 1, 2, 2]
[2, 2, 1, 2] * [0, 0, 1, 1] : [0, 2, 0, 1]
[2, 2, 1, 2] * [0, 0, 1, 2] : [1, 0, 1, 0]
[2, 2, 1, 2] * [0, 0, 2, 0] : [1, 2, 1, 1]
[2, 2, 1, 2] * [0, 0, 2, 1] : [2, 0, 2, 0]
[2, 2, 1, 2] * [0, 0, 2, 2] : [0, 1, 0, 2]
[2, 2, 1, 2] * [0, 1, 0, 0] : [1, 2, 2, 2]
[2, 2, 1, 2] * [0, 1, 0, 1] : [2, 0, 0, 1]
[2, 2, 1, 2] * [0, 1, 0, 2] : [0, 1, 1, 0]
[2, 2, 1, 2] * [0, 1, 1, 0] : [0, 0, 1, 1]
[2, 2, 1, 2] * [0, 1, 1, 1] : [1, 1, 2, 0]
[2, 2, 1, 2] * [0, 1, 1, 2] : [2, 2, 0, 2]
[2, 2, 1, 2] * [0, 1, 2, 0] : [2, 1, 0, 0]
[2, 2, 1, 2] * [0, 1, 2, 1] : [0, 2, 1, 2]
[2, 2, 1, 2] * [0, 1, 2, 2] : [1, 0, 2, 1]
[2, 2, 1, 2] * [0, 2, 0, 0] : [2, 1, 1, 1]
[2, 2, 1, 2] * [0, 2, 0, 1] : [0, 2, 2, 0]
[2, 2, 1, 2] * [0, 2, 0, 2] : [1, 0, 0, 2]
[2, 2, 1, 2] * [0, 2, 1, 0] : [1, 2, 0, 0]
[2, 2, 1, 2] * [0, 2, 1, 1] : [2, 0, 1, 2]
[2, 2, 1, 2] * [0, 2, 1, 2] : [0, 1, 2, 1]
[2, 2, 1, 2] * [0, 2, 2, 0] : [0, 0, 2, 2]
[2, 2, 1, 2] * [0, 2, 2, 1] : [1, 1, 0, 1]
[2, 2, 1, 2] * [0, 2, 2, 2] : [2, 2, 1, 0]
[2, 2, 1, 2] * [1, 0, 0, 0] : [2, 2, 1, 2]
[2, 2, 1, 2] * [1, 0, 0, 1] : [0, 0, 2, 1]
[2, 2, 1, 2] * [1, 0, 0, 2] : [1, 1, 0, 0]
[2, 2, 1, 2] * [1, 0, 1, 0] : [1, 0, 0, 1]
[2, 2, 1, 2] * [1, 0, 1, 1] : [2, 1, 1, 0]
[2, 2, 1, 2] * [1, 0, 1, 2] : [0, 2, 2, 2]
[2, 2, 1, 2] * [1, 0, 2, 0] : [0, 1, 2, 0]
[2, 2, 1, 2] * [1, 0, 2, 1] : [1, 2, 0, 2]
[2, 2, 1, 2] * [1, 0, 2, 2] : [2, 0, 1, 1]
[2, 2, 1, 2] * [1, 1, 0, 0] : [0, 1, 0, 1]
[2, 2, 1, 2] * [1, 1, 0, 1] : [1, 2, 1, 0]
[2, 2, 1, 2] * [1, 1, 0, 2] : [2, 0, 2, 2]
[2, 2, 1, 2] * [1, 1, 1, 0] : [2, 2, 2, 0]
[2, 2, 1, 2] * [1, 1, 1, 1] : [0, 0, 0, 2]
[2, 2, 1, 2] * [1, 1, 1, 2] : [1, 1, 1, 1]
[2, 2, 1, 2] * [1, 1, 2, 0] : [1, 0, 1, 2]
[2, 2, 1, 2] * [1, 1, 2, 1] : [2, 1, 2, 1]
[2, 2, 1, 2] * [1, 1, 2, 2] : [0, 2, 0, 0]
[2, 2, 1, 2] * [1, 2, 0, 0] : [1, 0, 2, 0]
[2, 2, 1, 2] * [1, 2, 0, 1] : [2, 1, 0, 2]
[2, 2, 1, 2] * [1, 2, 0, 2] : [0, 2, 1, 1]
[2, 2, 1, 2] * [1, 2, 1, 0] : [0, 1, 1, 2]
[2, 2, 1, 2] * [1, 2, 1, 1] : [1, 2, 2, 1]
[2, 2, 1, 2] * [1, 2, 1, 2] : [2, 0, 0, 0]
[2, 2, 1, 2] * [1, 2, 2, 0] : [2, 2, 0, 1]
[2, 2, 1, 2] * [1, 2, 2, 1] : [0, 0, 1, 0]
[2, 2, 1, 2] * [1, 2, 2, 2] : [1, 1, 2, 2]
[2, 2, 1, 2] * [2, 0, 0, 0] : [1, 1, 2, 1]
[2, 2, 1, 2] * [2, 0, 0, 1] : [2, 2, 0, 0]
[2, 2, 1, 2] * [2, 0, 0, 2] : [0, 0, 1, 2]
[2, 2, 1, 2] * [2, 0, 1, 0] : [0, 2, 1, 0]
[2, 2, 1, 2] * [2, 0, 1, 1] : [1, 0, 2, 2]
[2, 2, 1, 2] * [2, 0, 1, 2] : [2, 1, 0, 1]
[2, 2, 1, 2] * [2, 0, 2, 0] : [2, 0, 0, 2]
[2, 2, 1, 2] * [2, 0, 2, 1] : [0, 1, 1, 1]
[2, 2, 1, 2] * [2, 0, 2, 2] : [1, 2, 2, 0]
[2, 2, 1, 2] * [2, 1, 0, 0] : [2, 0, 1, 0]
[2, 2, 1, 2] * [2, 1, 0, 1] : [0, 1, 2, 2]
[2, 2, 1, 2] * [2, 1, 0, 2] : [1, 2, 0, 1]
[2, 2, 1, 2] * [2, 1, 1, 0] : [1, 1, 0, 2]
[2, 2, 1, 2] * [2, 1, 1, 1] : [2, 2, 1, 1]
[2, 2, 1, 2] * [2, 1, 1, 2] : [0, 0, 2, 0]
[2, 2, 1, 2] * [2, 1, 2, 0] : [0, 2, 2, 1]
[2, 2, 1, 2] * [2, 1, 2, 1] : [1, 0, 0, 0]
[2, 2, 1, 2] * [2, 1, 2, 2] : [2, 1, 1, 2]
[2, 2, 1, 2] * [2, 2, 0, 0] : [0, 2, 0, 2]
[2, 2, 1, 2] * [2, 2, 0, 1] : [1, 0, 1, 1]
[2, 2, 1, 2] * [2, 2, 0, 2] : [2, 1, 2, 0]
[2, 2, 1, 2] * [2, 2, 1, 0] : [2, 0, 2, 1]
[2, 2, 1, 2] * [2, 2, 1, 1] : [0, 1, 0, 0]
[2, 2, 1, 2] * [2, 2, 1, 2] : [1, 2, 1, 2]
[2, 2, 1, 2] * [2, 2, 2, 0] : [1, 1, 1, 0]
[2, 2, 1, 2] * [2, 2, 2, 1] : [2, 2, 2, 2]
[2, 2, 1, 2] * [2, 2, 2, 2] : [0, 0, 0, 1]
[2, 2, 2, 0] * [0, 0, 0, 0] : [0, 0, 0, 0]
[2, 2, 2, 0] * [0, 0, 0, 1] : [0, 2, 1, 2]
[2, 2, 2, 0] * [0, 0, 0, 2] : [0, 1, 2, 1]
[2, 2, 2, 0] * [0, 0, 1, 0] : [1, 0, 2, 2]
[2, 2, 2, 0] * [0, 0, 1, 1] : [1, 2, 0, 1]
[2, 2, 2, 0] * [0, 0, 1, 2] : [1, 1, 1, 0]
[2, 2, 2, 0] * [0, 0, 2, 0] : [2, 0, 1, 1]
[2, 2, 2, 0] * [0, 0, 2, 1] : [2, 2, 2, 0]
[2, 2, 2, 0] * [0, 0, 2, 2] : [2, 1, 0, 2]
[2, 2, 2, 0] * [0, 1, 0, 0] : [1, 2, 0, 1]
[2, 2, 2, 0] * [0, 1, 0, 1] : [1, 1, 1, 0]
[2, 2, 2, 0] * [0, 1, 0, 2] : [1, 0, 2, 2]
[2, 2, 2, 0] * [0, 1, 1, 0] : [2, 2, 2, 0]
[2, 2, 2, 0] * [0, 1, 1, 1] : [2, 1, 0, 2]
[2, 2, 2, 0] * [0, 1, 1, 2] : [2, 0, 1, 1]
[2, 2, 2, 0] * [0, 1, 2, 0] : [0, 2, 1, 2]
[2, 2, 2, 0] * [0, 1, 2, 1] : [0, 1, 2, 1]
[2, 2, 2, 0] * [0, 1, 2, 2] : [0, 0, 0, 0]
[2, 2, 2, 0] * [0, 2, 0, 0] : [2, 1, 0, 2]
[2, 2, 2, 0] * [0, 2, 0, 1] : [2, 0, 1, 1]
[2, 2, 2, 0] * [0, 2, 0, 2] : [2, 2, 2, 0]
[2, 2, 2, 0] * [0, 2, 1, 0] : [0, 1, 2, 1]
[2, 2, 2, 0] * [0, 2, 1, 1] : [0, 0, 0, 0]
[2, 2, 2, 0] * [0, 2, 1, 2] : [0, 2, 1, 2]
[2, 2, 2, 0] * [0, 2, 2, 0] : [1, 1, 1, 0]
[2, 2, 2, 0] * [0, 2, 2, 1] : [1, 0, 2, 2]
[2, 2, 2, 0] * [0, 2, 2, 2] : [1, 2, 0, 1]
[2, 2, 2, 0] * [1, 0, 0, 0] : [2, 2, 2, 0]
[2, 2, 2, 0] * [1, 0, 0, 1] : [2, 1, 0, 2]
[2, 2, 2, 0] * [1, 0, 0, 2] : [2, 0, 1, 1]
[2, 2, 2, 0] * [1, 0, 1, 0] : [0, 2, 1, 2]
[2, 2, 2, 0] * [1, 0, 1, 1] : [0, 1, 2, 1]
[2, 2, 2, 0] * [1, 0, 1, 2] : [0, 0, 0, 0]
[2, 2, 2, 0] * [1, 0, 2, 0] : [1, 2, 0, 1]
[2, 2, 2, 0] * [1, 0, 2, 1] : [1, 1, 1, 0]
[2, 2, 2, 0] * [1, 0, 2, 2] : [1, 0, 2, 2]
[2, 2, 2, 0] * [1, 1, 0, 0] : [0, 1, 2, 1]
[2, 2, 2, 0] * [1, 1, 0, 1] : [0, 0, 0, 0]
[2, 2, 2, 0] * [1, 1, 0, 2] : [0, 2, 1, 2]
[2, 2, 2, 0] * [1, 1, 1, 0] : [1, 1, 1, 0]
[2, 2, 2, 0] * [1, 1, 1, 1] : [1, 0, 2, 2]
[2, 2, 2, 0] * [1, 1, 1, 2] : [1, 2, 0, 1]
[2, 2, 2, 0] * [1, 1, 2, 0] : [2, 1, 0, 2]
[2, 2, 2, 0] * [1, 1, 2, 1] : [2, 0, 1, 1]
[2, 2, 2, 0] * [1, 1, 2, 2] : [2, 2, 2, 0]
[2, 2, 2, 0] * [1, 2, 0, 0] : [1, 0, 2, 2]
[2, 2, 2, 0] * [1, 2, 0, 1] : [1, 2, 0, 1]
[2, 2, 2, 0] * [1, 2, 0, 2] : [1, 1, 1, 0]
[2, 2, 2, 0] * [1, 2, 1, 0] : [2, 0, 1, 1]
[2, 2, 2, 0] * [1, 2, 1, 1] : [2, 2, 2, 0]
[2, 2, 2, 0] * [1, 2, 1, 2] : [2, 1, 0, 2]
[2, 2, 2, 0] * [1, 2, 2, 0] : [0, 0, 0, 0]
[2, 2, 2, 0] * [1, 2, 2, 1] : [0, 2, 1, 2]
[2, 2, 2, 0] * [1, 2, 2, 2] : [0, 1, 2, 1]
[2, 2, 2, 0] * [2, 0, 0, 0] : [1, 1, 1, 0]
[2, 2, 2, 0] * [2, 0, 0, 1] : [1, 0, 2, 2]
[2, 2, 2, 0] * [2, 0, 0, 2] : [1, 2, 0, 1]
[2, 2, 2, 0] * [2, 0, 1, 0] : [2, 1, 0, 2]
[2, 2, 2, 0] * [2, 0, 1, 1] : [2, 0, 1, 1]
[2, 2, 2, 0] * [2, 0, 1, 2] : [2, 2, 2, 0]
[2, 2, 2, 0] * [2, 0, 2, 0] : [0, 1, 2, 1]
[2, 2, 2, 0] * [2, 0, 2, 1] : [0, 0, 0, 0]
[2, 2, 2, 0] * [2, 0, 2, 2] : [0, 2, 1, 2]
[2, 2, 2, 0] * [2, 1, 0, 0] : [2, 0, 1, 1]
[2, 2, 2, 0] * [2, 1, 0, 1] : [2, 2, 2, 0]
[2, 2, 2, 0] * [2, 1, 0, 2] : [2, 1, 0, 2]
[2, 2, 2, 0] * [2, 1, 1, 0] : [0, 0, 0, 0]
[2, 2, 2, 0] * [2, 1, 1, 1] : [0, 2, 1, 2]
[2, 2, 2, 0] * [2, 1, 1, 2] : [0, 1, 2, 1]
[2, 2, 2, 0] * [2, 1, 2, 0] : [1, 0, 2, 2]
[2, 2, 2, 0] * [2, 1, 2, 1] : [1, 2, 0, 1]
[2, 2, 2, 0] * [2, 1, 2, 2] : [1, 1, 1, 0]
[2, 2, 2, 0] * [2, 2, 0, 0] : [0, 2, 1, 2]
[2, 2, 2, 0] * [2, 2, 0, 1] : [0, 1, 2, 1]
[2, 2, 2, 0] * [2, 2, 0, 2] : [0, 0, 0, 0]
[2, 2, 2, 0] * [2, 2, 1, 0] : [1, 2, 0, 1]
[2, 2, 2, 0] * [2, 2, 1, 1] : [1, 1, 1, 0]
[2, 2, 2, 0] * [2, 2, 1, 2] : [1, 0, 2, 2]
[2, 2, 2, 0] * [2, 2, 2, 0] : [2, 2, 2, 0]
[2, 2, 2, 0] * [2, 2, 2, 1] : [2, 1, 0, 2]
[2, 2, 2, 0] * [2, 2, 2, 2] : [2, 0, 1, 1]
[2, 2, 2, 1] * [0, 0, 0, 0] : [0, 0, 0, 0]
[2, 2, 2, 1] * [0, 0, 0, 1] : [2, 2, 1, 2]
[2, 2, 2, 1] * [0, 0, 0, 2] : [1, 1, 2, 1]
[2, 2, 2, 1] * [0, 0, 1, 0] : [1, 2, 2, 2]
[2, 2, 2, 1] * [0, 0, 1, 1] : [0, 1, 0, 1]
[2, 2, 2, 1] * [0, 0, 1, 2] : [2, 0, 1, 0]
[2, 2, 2, 1] * [0, 0, 2, 0] : [2, 1, 1, 1]
[2, 2, 2, 1] * [0, 0, 2, 1] : [1, 0, 2, 0]
[2, 2, 2, 1] * [0, 0, 2, 2] : [0, 2, 0, 2]
[2, 2, 2, 1] * [0, 1, 0, 0] : [1, 2, 1, 1]
[2, 2, 2, 1] * [0, 1, 0, 1] : [0, 1, 2, 0]
[2, 2, 2, 1] * [0, 1, 0, 2] : [2, 0, 0, 2]
[2, 2, 2, 1] * [0, 1, 1, 0] : [2, 1, 0, 0]
[2, 2, 2, 1] * [0, 1, 1, 1] : [1, 0, 1, 2]
[2, 2, 2, 1] * [0, 1, 1, 2] : [0, 2, 2, 1]
[2, 2, 2, 1] * [0, 1, 2, 0] : [0, 0, 2, 2]
[2, 2, 2, 1] * [0, 1, 2, 1] : [2, 2, 0, 1]
[2, 2, 2, 1] * [0, 1, 2, 2] : [1, 1, 1, 0]
[2, 2, 2, 1] * [0, 2, 0, 0] : [2, 1, 2, 2]
[2, 2, 2, 1] * [0, 2, 0, 1] : [1, 0, 0, 1]
[2, 2, 2, 1] * [0, 2, 0, 2] : [0, 2, 1, 0]
[2, 2, 2, 1] * [0, 2, 1, 0] : [0, 0, 1, 1]
[2, 2, 2, 1] * [0, 2, 1, 1] : [2, 2, 2, 0]
[2, 2, 2, 1] * [0, 2, 1, 2] : [1, 1, 0, 2]
[2, 2, 2, 1] * [0, 2, 2, 0] : [1, 2, 0, 0]
[2, 2, 2, 1] * [0, 2, 2, 1] : [0, 1, 1, 2]
[2, 2, 2, 1] * [0, 2, 2, 2] : [2, 0, 2, 1]
[2, 2, 2, 1] * [1, 0, 0, 0] : [2, 2, 2, 1]
[2, 2, 2, 1] * [1, 0, 0, 1] : [1, 1, 0, 0]
[2, 2, 2, 1] * [1, 0, 0, 2] : [0, 0, 1, 2]
[2, 2, 2, 1] * [1, 0, 1, 0] : [0, 1, 1, 0]
[2, 2, 2, 1] * [1, 0, 1, 1] : [2, 0, 2, 2]
[2, 2, 2, 1] * [1, 0, 1, 2] : [1, 2, 0, 1]
[2, 2, 2, 1] * [1, 0, 2, 0] : [1, 0, 0, 2]
[2, 2, 2, 1] * [1, 0, 2, 1] : [0, 2, 1, 1]
[2, 2, 2, 1] * [1, 0, 2, 2] : [2, 1, 2, 0]
[2, 2, 2, 1] * [1, 1, 0, 0] : [0, 1, 0, 2]
[2, 2, 2, 1] * [1, 1, 0, 1] : [2, 0, 1, 1]
[2, 2, 2, 1] * [1, 1, 0, 2] : [1, 2, 2, 0]
[2, 2, 2, 1] * [1, 1, 1, 0] : [1, 0, 2, 1]
[2, 2, 2, 1] * [1, 1, 1, 1] : [0, 2, 0, 0]
[2, 2, 2, 1] * [1, 1, 1, 2] : [2, 1, 1, 2]
[2, 2, 2, 1] * [1, 1, 2, 0] : [2, 2, 1, 0]
[2, 2, 2, 1] * [1, 1, 2, 1] : [1, 1, 2, 2]
[2, 2, 2, 1] * [1, 1, 2, 2] : [0, 0, 0, 1]
[2, 2, 2, 1] * [1, 2, 0, 0] : [1, 0, 1, 0]
[2, 2, 2, 1] * [1, 2, 0, 1] : [0, 2, 2, 2]
[2, 2, 2, 1] * [1, 2, 0, 2] : [2, 1, 0, 1]
[2, 2, 2, 1] * [1, 2, 1, 0] : [2, 2, 0, 2]
[2, 2, 2, 1] * [1, 2, 1, 1] : [1, 1, 1, 1]
[2, 2, 2, 1] * [1, 2, 1, 2] : [0, 0, 2, 0]
[2, 2, 2, 1] * [1, 2, 2, 0] : [0, 1, 2, 1]
[2, 2, 2, 1] * [1, 2, 2, 1] : [2, 0, 0, 0]
[2, 2, 2, 1] * [1, 2, 2, 2] : [1, 2, 1, 2]
[2, 2, 2, 1] * [2, 0, 0, 0] : [1, 1, 1, 2]
[2, 2, 2, 1] * [2, 0, 0, 1] : [0, 0, 2, 1]
[2, 2, 2, 1] * [2, 0, 0, 2] : [2, 2, 0, 0]
[2, 2, 2, 1] * [2, 0, 1, 0] : [2, 0, 0, 1]
[2, 2, 2, 1] * [2, 0, 1, 1] : [1, 2, 1, 0]
[2, 2, 2, 1] * [2, 0, 1, 2] : [0, 1, 2, 2]
[2, 2, 2, 1] * [2, 0, 2, 0] : [0, 2, 2, 0]
[2, 2, 2, 1] * [2, 0, 2, 1] : [2, 1, 0, 2]
[2, 2, 2, 1] * [2, 0, 2, 2] : [1, 0, 1, 1]
[2, 2, 2, 1] * [2, 1, 0, 0] : [2, 0, 2, 0]
[2, 2, 2, 1] * [2, 1, 0, 1] : [1, 2, 0, 2]
[2, 2, 2, 1] * [2, 1, 0, 2] : [0, 1, 1, 1]
[2, 2, 2, 1] * [2, 1, 1, 0] : [0, 2, 1, 2]
[2, 2, 2, 1] * [2, 1, 1, 1] : [2, 1, 2, 1]
[2, 2, 2, 1] * [2, 1, 1, 2] : [1, 0, 0, 0]
[2, 2, 2, 1] * [2, 1, 2, 0] : [1, 1, 0, 1]
[2, 2, 2, 1] * [2, 1, 2, 1] : [0, 0, 1, 0]
[2, 2, 2, 1] * [2, 1, 2, 2] : [2, 2, 2, 2]
[2, 2, 2, 1] * [2, 2, 0, 0] : [0, 2, 0, 1]
[2, 2, 2, 1] * [2, 2, 0, 1] : [2, 1, 1, 0]
[2, 2, 2, 1] * [2, 2, 0, 2] : [1, 0, 2, 2]
[2, 2, 2, 1] * [2, 2, 1, 0] : [1, 1, 2, 0]
[2, 2, 2, 1] * [2, 2, 1, 1] : [0, 0, 0, 2]
[2, 2, 2, 1] * [2, 2, 1, 2] : [2, 2, 1, 1]
[2, 2, 2, 1] * [2, 2, 2, 0] : [2, 0, 1, 2]
[2, 2, 2, 1] * [2, 2, 2, 1] : [1, 2, 2, 1]
[2, 2, 2, 1] * [2, 2, 2, 2] : [0, 1, 0, 0]
[2, 2, 2, 2] * [0, 0, 0, 0] : [0, 0, 0, 0]
[2, 2, 2, 2] * [0, 0, 0, 1] : [1, 2, 1, 2]
[2, 2, 2, 2] * [0, 0, 0, 2] : [2, 1, 2, 1]
[2, 2, 2, 2] * [0, 0, 1, 0] : [1, 1, 2, 2]
[2, 2, 2, 2] * [0, 0, 1, 1] : [2, 0, 0, 1]
[2, 2, 2, 2] * [0, 0, 1, 2] : [0, 2, 1, 0]
[2, 2, 2, 2] * [0, 0, 2, 0] : [2, 2, 1, 1]
[2, 2, 2, 2] * [0, 0, 2, 1] : [0, 1, 2, 0]
[2, 2, 2, 2] * [0, 0, 2, 2] : [1, 0, 0, 2]
[2, 2, 2, 2] * [0, 1, 0, 0] : [1, 2, 2, 1]
[2, 2, 2, 2] * [0, 1, 0, 1] : [2, 1, 0, 0]
[2, 2, 2, 2] * [0, 1, 0, 2] : [0, 0, 1, 2]
[2, 2, 2, 2] * [0, 1, 1, 0] : [2, 0, 1, 0]
[2, 2, 2, 2] * [0, 1, 1, 1] : [0, 2, 2, 2]
[2, 2, 2, 2] * [0, 1, 1, 2] : [1, 1, 0, 1]
[2, 2, 2, 2] * [0, 1, 2, 0] : [0, 1, 0, 2]
[2, 2, 2, 2] * [0, 1, 2, 1] : [1, 0, 1, 1]
[2, 2, 2, 2] * [0, 1, 2, 2] : [2, 2, 2, 0]
[2, 2, 2, 2] * [0, 2, 0, 0] : [2, 1, 1, 2]
[2, 2, 2, 2] * [0, 2, 0, 1] : [0, 0, 2, 1]
[2, 2, 2, 2] * [0, 2, 0, 2] : [1, 2, 0, 0]
[2, 2, 2, 2] * [0, 2, 1, 0] : [0, 2, 0, 1]
[2, 2, 2, 2] * [0, 2, 1, 1] : [1, 1, 1, 0]
[2, 2, 2, 2] * [0, 2, 1, 2] : [2, 0, 2, 2]
[2, 2, 2, 2] * [0, 2, 2, 0] : [1, 0, 2, 0]
[2, 2, 2, 2] * [0, 2, 2, 1] : [2, 2, 0, 2]
[2, 2, 2, 2] * [0, 2, 2, 2] : [0, 1, 1, 1]
[2, 2, 2, 2] * [1, 0, 0, 0] : [2, 2, 2, 2]
[2, 2, 2, 2] * [1, 0, 0, 1] : [0, 1, 0, 1]
[2, 2, 2, 2] * [1, 0, 0, 2] : [1, 0, 1, 0]
[2, 2, 2, 2] * [1, 0, 1, 0] : [0, 0, 1, 1]
[2, 2, 2, 2] * [1, 0, 1, 1] : [1, 2, 2, 0]
[2, 2, 2, 2] * [1, 0, 1, 2] : [2, 1, 0, 2]
[2, 2, 2, 2] * [1, 0, 2, 0] : [1, 1, 0, 0]
[2, 2, 2, 2] * [1, 0, 2, 1] : [2, 0, 1, 2]
[2, 2, 2, 2] * [1, 0, 2, 2] : [0, 2, 2, 1]
[2, 2, 2, 2] * [1, 1, 0, 0] : [0, 1, 1, 0]
[2, 2, 2, 2] * [1, 1, 0, 1] : [1, 0, 2, 2]
[2, 2, 2, 2] * [1, 1, 0, 2] : [2, 2, 0, 1]
[2, 2, 2, 2] * [1, 1, 1, 0] : [1, 2, 0, 2]
[2, 2, 2, 2] * [1, 1, 1, 1] : [2, 1, 1, 1]
[2, 2, 2, 2] * [1, 1, 1, 2] : [0, 0, 2, 0]
[2, 2, 2, 2] * [1, 1, 2, 0] : [2, 0, 2, 1]
[2, 2, 2, 2] * [1, 1, 2, 1] : [0, 2, 0, 0]
[2, 2, 2, 2] * [1, 1, 2, 2] : [1, 1, 1, 2]
[2, 2, 2, 2] * [1, 2, 0, 0] : [1, 0, 0, 1]
[2, 2, 2, 2] * [1, 2, 0, 1] : [2, 2, 1, 0]
[2, 2, 2, 2] * [1, 2, 0, 2] : [0, 1, 2, 2]
[2, 2, 2, 2] * [1, 2, 1, 0] : [2, 1, 2, 0]
[2, 2, 2, 2] * [1, 2, 1, 1] : [0, 0, 0, 2]
[2, 2, 2, 2] * [1, 2, 1, 2] : [1, 2, 1, 1]
[2, 2, 2, 2] * [1, 2, 2, 0] : [0, 2, 1, 2]
[2, 2, 2, 2] * [1, 2, 2, 1] : [1, 1, 2, 1]
[2, 2, 2, 2] * [1, 2, 2, 2] : [2, 0, 0, 0]
[2, 2, 2, 2] * [2, 0, 0, 0] : [1, 1, 1, 1]
[2, 2, 2, 2] * [2, 0, 0, 1] : [2, 0, 2, 0]
[2, 2, 2, 2] * [2, 0, 0, 2] : [0, 2, 0, 2]
[2, 2, 2, 2] * [2, 0, 1, 0] : [2, 2, 0, 0]
[2, 2, 2, 2] * [2, 0, 1, 1] : [0, 1, 1, 2]
[2, 2, 2, 2] * [2, 0, 1, 2] : [1, 0, 2, 1]
[2, 2, 2, 2] * [2, 0, 2, 0] : [0, 0, 2, 2]
[2, 2, 2, 2] * [2, 0, 2, 1] : [1, 2, 0, 1]
[2, 2, 2, 2] * [2, 0, 2, 2] : [2, 1, 1, 0]
[2, 2, 2, 2] * [2, 1, 0, 0] : [2, 0, 0, 2]
[2, 2, 2, 2] * [2, 1, 0, 1] : [0, 2, 1, 1]
[2, 2, 2, 2] * [2, 1, 0, 2] : [1, 1, 2, 0]
[2, 2, 2, 2] * [2, 1, 1, 0] : [0, 1, 2, 1]
[2, 2, 2, 2] * [2, 1, 1, 1] : [1, 0, 0, 0]
[2, 2, 2, 2] * [2, 1, 1, 2] : [2, 2, 1, 2]
[2, 2, 2, 2] * [2, 1, 2, 0] : [1, 2, 1, 0]
[2, 2, 2, 2] * [2, 1, 2, 1] : [2, 1, 2, 2]
[2, 2, 2, 2] * [2, 1, 2, 2] : [0, 0, 0, 1]
[2, 2, 2, 2] * [2, 2, 0, 0] : [0, 2, 2, 0]
[2, 2, 2, 2] * [2, 2, 0, 1] : [1, 1, 0, 2]
[2, 2, 2, 2] * [2, 2, 0, 2] : [2, 0, 1, 1]
[2, 2, 2, 2] * [2, 2, 1, 0] : [1, 0, 1, 2]
[2, 2, 2, 2] * [2, 2, 1, 1] : [2, 2, 2, 1]
[2, 2, 2, 2] * [2, 2, 1, 2] : [0, 1, 0, 0]
[2, 2, 2, 2] * [2, 2, 2, 0] : [2, 1, 0, 1]
[2, 2, 2, 2] * [2, 2, 2, 1] : [0, 0, 1, 0]
[2, 2, 2, 2] * [2, 2, 2, 2] : [1, 2, 2, 2]
Dav: 48
p^4: 81
Si Dav es diferente a p^4-1 entonces Zp^4 NO es Anillo de División

